""	"MAA10023A"	"MAA30023"	"MAA10034A"	"MAA30034"	"MAA10037A"	"MAA30037"	"MAA10047A"	"MAA30047"	"MAA10049A"	"MAA30049"	"MAA10073A"	"MAA30073"	"MAA10081A"	"MAA30081"	"MAA10086A"	"MAA30086"	"MAA10092A"	"MAA30092"	"MAA10094A"	"MAA30094"	"MAA10110A"	"MAA30110"	"MAA10142A"	"MAA30142"	"MAA10150A"	"MAA30150"	"MAA10168A"	"MAA30168"	"MAA10169A"	"MAA30169"	"MAA10172A"	"MAA30172"	"MAA10174A"	"MAA30174"	"MAA10186A"	"MAA30186"	"MAA10199A"	"MAA30199"	"MAA10203A"	"MAA30203"	"MAA10210A"	"MAA30210"	"MAA10228A"	"MAA30228"	"MAA10229A"	"MAA30229"	"MAA10233A"	"MAA30233"	"MAA10004A"	"MAA10004B"	"MAA10004C"	"MAA10011A"	"MAA10011B"	"MAA10029A"	"MAA10029B"	"MAA10035A"	"MAA10035B"	"MAA10035C"	"MAA10035D"	"MAA10042A"	"MAA10042C"	"MAA10054A"	"MAA10054B"	"MAA10061A"	"MAA10061B"	"MAA10072A"	"MAA10072B"	"MAA10140A"	"MAA10140B"	"MAA10141A"	"MAA10141B"	"MAA10171A"	"MAA10171B"	"MAA10206A"	"MAA10206B"	"MAA10212A"	"MAA10212B"	"MAA40021A"	"MAA40021B"	"MAA40027A"	"MAA40027B"	"MAA40032A"	"MAA40032B"	"MAA40036A"	"MAA40036B"	"MAA40044A"	"MAA40044B"	"MAA40052A"	"MAA40052B"	"MAA40053A"	"MAA40053B"	"MAA40055A"	"MAA40055B"	"MAA40056A"	"MAA40056B"	"MAA40059A"	"MAA40059B"	"MAA40060A"	"MAA40060B"	"MAA40062A"	"MAA40062B"	"MAA40064A"	"MAA40064B"	"MAA40067A"	"MAA40067B"	"MAA40070A"	"MAA40070B"	"MAA40074A"	"MAA40074B"	"MAA40083A"	"MAA40083B"	"MAA40087A"	"MAA40087B"	"MAA40096A"	"MAA40096B"	"MAA40098A"	"MAA40098B"	"MAA40101A"	"MAA40101B"	"MAA40106A"	"MAA40106B"	"MAA40107A"	"MAA40107B"	"MAA40108A"	"MAA40108B"	"MAA40109A"	"MAA40109B"	"MAA40112A"	"MAA40112B"	"MAA40113A"	"MAA40113B"	"MAA40115A"	"MAA40115B"	"MAA40118A"	"MAA40118B"	"MAA40124A"	"MAA40124B"	"MAA40134A"	"MAA40134B"	"MAA40140A"	"MAA40140B"	"A0140"	"A0185"	"A0244"	"A0261"	"A0317"	"A0353"	"A0376"	"A0431"	"A0439"	"A0445"	"A0512"	"A0550"	"A0577"	"A0612"	"A0710"	"A0764"	"A0772"	"A0860"	"A0881"	"A0933"	"A0935"	"A0944"	"A0980"	"A1000"	"A1001"	"A1020"	"S0710"	"S0140"	"S0185A"	"S0244"	"S0261"	"S0317"	"S0353"	"S0376"	"S0431"	"S0439"	"S0445"	"S0512A"	"S0550"	"S0577"	"S0612"	"S0764A"	"S0764B"	"S0772"	"S0860"	"S0881A"	"S0881B"	"S0933"	"S0935"	"S0944"	"S0980"	"S1000"	"S1001"	"S1020"	"A0400"	"A0730"	"A0157"	"A0174"	"A0181"	"A0196"	"A0233"	"A0293"	"A0295"	"A0303"	"A0311"	"A0313"	"A0316"	"A0318"	"A0360"	"A0399"	"A0458"	"A0459"	"A0465"	"A0479"	"A0516"	"A0554"	"A0584"	"A0619"	"A0630"	"A0633"	"A0634"	"A0635"	"A0673"	"A0677"	"A0727"	"A0728"	"A0729"	"A0735"	"A0760"	"A0765"	"A0831"	"A0840"	"A0841"	"A0851"	"A0852"	"A0911"	"A0943"	"A0972"	"A1031"	"A1240"	"C0092"	"C0629"	"C0630"	"C0006"	"C0012"	"C0013"	"C0016"	"C0033"	"C0038"	"C0048"	"C0059"	"C0063"	"C0069"	"C0071"	"C0073"	"C0077"	"C0082"	"C0089"	"C0097"	"C0117"	"C0118"	"C0154"	"C0156"	"C0164"	"C0167"	"C0177"	"C0237"	"C0238"	"C0246"	"C0247"	"C0261"	"C0266"	"C0267"	"C0319"	"C0320"	"C0331"	"C0332"	"C0342"	"C0364"	"C0393"	"C0394"	"C0399"	"C0400"	"C0450"	"C0451"	"C0482"	"C0483"	"C0494"	"C0495"	"C0498"	"C0505"	"C0506"	"C0532"	"C0533"	"C0537"	"C0558"	"C0570"	"C0571"	"C0590"	"C0603"	"C0617"	"C0640"	"C0641"	"C0645"	"C0656"	"C0657"	"C0659"	"C0692"	"C0697"	"S0185B"	"S0512B"	"A0271"	"A0767"	"A0948"	"A0001"	"A0009"	"A0025"	"A0036"	"A0037"	"A0039"	"A0042"	"A0049"	"A0053"	"A0059"	"A0060"	"A0067"	"A0073"	"A0088"	"A0092"	"A0096"	"A0098"	"A0104"	"A0122"	"A0128"	"A0133"	"A0143"	"A0151"	"A0167"	"A0171"	"A0175"	"A0180"	"A0182"	"A0187"	"A0189"	"A0191"	"A0207"	"A0208"	"A0213"	"A0216"	"A0219"	"A0220"	"A0222"	"A0226"	"A0236"	"A0240"	"A0249"	"A0252"	"A0258"	"A0265"	"A0268"	"A0274"	"A0294"	"A0297"	"A0301"	"A0312"	"A0324"	"A0333"	"A0342"	"A0369"	"A0390"	"A0449"	"A0452"	"A0457"	"A0463"	"A0474"	"A0476"	"A0486"	"A0489"	"A0498"	"A0530"	"A0531"	"A0546"	"A0547"	"A0583"	"A0588"	"A0593"	"A0595"	"A0602"	"A0607"	"A0611"	"A0616"	"A0640"	"A0642"	"A0650"	"A0653"	"A0659"	"A0669"	"A0674"	"A0680"	"A0687"	"A0693"	"A0732"	"A0750"	"A0761"	"A0778"	"A0798"	"A0809"	"A0817"	"A0828"	"A0835"	"A0845"	"A0861"	"A0880"	"A0884"	"A0885"	"A0892"	"A0898"	"A0900"	"A0901"	"A0906"	"A0910"	"A0921"	"A0939"	"A0979"	"A1006"	"A1010"	"A1088"	"A1127"
"Phocaeicola_vulgatus"	19.85696	6.02702	0	0	6.85586	2.3419	4.5039	3.88544	0.01042	0.00773	9.56367	12.55756	15.27438	28.82818	0	0	0	0	0	0	0	28.44679	0	0.85873	2.55744	0	0.31479	26.75268	11.70246	8.45613	20.91588	11.77023	0	0	12.14014	0.31915	0	0	13.17847	9.41658	7.39323	16.16759	6.70325	7.77626	0	0	10.66141	12.51502	2.90734	3.05347	0	6.69318	13.32313	9.49778	18.30494	2.78034	0.1103	13.89004	0.98286	3.59485	6.94002	0.91021	2.74967	9.74801	3.84537	0.86935	0	0	0	3.55229	0.46942	0	0	9.91192	8.21042	6.36508	0	0	0	0.28482	0.35709	0	27.95187	0	0	5.12897	20.79726	0	0	9.95622	23.00205	56.86625	26.35436	2.52163	4.03104	0	0	12.74574	1.81521	0.06632	0	0	0	0	0	6.7469	0.82892	11.31853	15.9551	0	19.68834	20.20921	5.55937	0	2.77264	25.5686	17.18254	15.27362	27.78737	3.87707	2.84725	0.00137	0	35.39134	16.79821	7.64279	0.92755	2.7222	10.19474	0	0	37.47627	30.63898	0.00862	5.02379	11.50505	5.52963	7.1312	3.76833	21.84056	19.07088	12.7455	7.13068	11.37981	3.37506	0	0	0	0.66144	20.20568	0	4.29817	9.70709	25.40487	9.28207	16.67089	3.50575	6.29419	9.09168	0	0.00079	15.87678	6.78552	1.11372	0	1.05187	4.41987	1.33637	19.7706	5.14827	3.57319	5.10867	0.00171	0	0	0	9.95229	2.6683	0.41149	9.58856	6.71491	12.02301	11.25538	12.90749	3.17566	1.08696	2.6705	0	0	0	0.13636	2.80677	0	0	10.09163	5.3229	17.8262	18.19241	12.81292	10.95779	0	12.09191	2.39053	27.35498	6.82441	8.95234	9.12828	3.50965	1.93943	12.64938	0.96179	9.78056	12.53872	6.70863	7.37656	8.82782	0	5.07208	9.49318	4.73357	11.17311	0	0	2.07017	0	0.00143	0	11.06138	3.26138	2.6686	1.04922	0.22787	4.1977	2.92971	4.7345	1.9518	2.04262	0.33574	10.63834	4.04298	13.48731	0.00217	0.00157	0	2.94146	0	4.22953	2.58468	5.15689	3.22379	11.36256	0	3.8007	8.90664	5.51308	1.35624	3.17306	5.22017	14.58449	11.74377	0.72493	0	0.64969	0.16102	0	28.14759	7.79018	14.77801	17.86376	0	2.28713	1.34934	11.74757	11.23109	23.52615	0	2.94929	6.67262	0	5.18217	0	0	7.15252	3.63155	0.37851	4.23159	9.04104	12.275	0	24.63522	0	2.18168	5.16358	2.49095	10.37586	3.55945	6.89351	0	0	14.3127	16.17368	8.10908	11.32947	0.72989	0	0	0	0.84436	14.38979	4.62069	0.06672	2.45885	1.7306	23.70391	0	11.65821	4.16337	8.75916	5.77076	9.90757	17.10761	7.42336	0	13.26708	3.01854	0	0	13.02671	2.75475	38.96762	3.35209	0.59272	2.50836	0	2.76481	0	16.99931	9.81845	0	8.00637	0	23.87375	13.8868	0	5.15242	11.98438	0	0	8.80243	4.56458	13.44629	34.04545	17.13469	24.33301	19.15623	5.63899	22.1889	0.00302	32.69729	0	23.08374	16.84565	0	7.57592	1.22466	6.41311	7.26747	0	0	33.30117	0	0	1.04192	24.74328	0.13393	25.76202	0	0	22.63777	21.32974	0	34.18638	0	1.58225	0	2.18873	0	0	0	0	6.39808	0	0	0	15.85518	8.63037	24.1157	0	35.28409	0	8.402	34.01103	23.08424	14.54975	16.74447	2.94761	0	0	5.19892	2.85299	0	4.9452	0	0	11.90807	19.83557	0	0	7.87457	0	30.01364	0	10.90649	0	0	18.25577	18.34027	23.18419	11.12845
"Phocaeicola_massiliensis"	0	0	0	0	0	0.31092	0	0	0	0	0	0	0	0	0	0	17.25902	0	0	0	0	0	0	0.42287	0	0	0	0	0	0	0	1.93613	0	0	0	0	0	0	1.4914	1.18206	0	0	0	0	0	0	1.67658	10.32478	0	0	0	0	0	0	0	0	0.03827	0	0	0	0	0.07676	0	0	0	0	0	0	0	0	0	0	0	3.54556	0.5769	0.37885	0	0	0	0	0	0	0	0	0	0	0	0	0	0	0	0	0	0	0.59135	0	0	0	0	12.66272	23.58647	0	0	9.15283	0	0	0	0	0	0	0	0	0	0	0	0	0	1.20015	0	4.24897	0	0	0	0	0	3.54521	1.23887	0	0	0	0	0	0	0	0	0	0	0	0	0	0	1.26594	0	0	0	0	0	0	0	0	0	0	0	0	0	0	0	0	0	0	0	0	0	1.15913	0	0	0	0.48019	0	0	0	0	0	0	0	0	0	0	0	0	0	0	0	0	0	0.16191	0	0	0	0	0	0	0	0	0	1.83062	0	0	6.50566	1.6331	0	0	0	0	0	0	0	0	0	0	0	0	0	0	0	0	0	0	0	0	0	0	0	0	0	0	0	0	0	0	0	0	2.79329	0.61735	0	0	0	0	0	0	0	0	0	0	0	0	0	0	0	2.47355	0	0	0	0	0	0	0	0.77528	0	0	2.67851	0	0.17827	0	0	0	0	0	0	0	0	0	0	0	0	0	0	0	0	0	0	0	2.91696	0	0	6.42311	0	0	0	0	0	0	0	0	0	0	6.59982	0	0	0	0	0	10.11244	0	0	0	0	0	0	0	0	0	0.72747	0	0	6.67275	0	0	1.55564	0	0	0	0	0	0	0	0	0	0	0	0	0.21013	0	0	0	0	0	0	0	0	0	0	0	0	0	0	0	0	0	0	0.40836	0	6.49047	0	0	0	0	0	0	0	0	0	0	0	0	0	5.01635	0	0	4.6305	0	0	0	0	0	0	0	0	0	0	0	0	0	0.50047	0	1.99641	0	0.23758	0	0	0	0	0	0	0	0	0	0	0	0	0	0	0	0	0	0	0	0	6.70949	0	0	3.26944	0	0	0	0	0	0	0	0	0	0	12.62952	0	0	0	0	0	0
"Blautia_wexlerae"	3.71368	0.55666	1.33747	2.01148	1.32046	2.46674	0.28997	2.13484	2.46911	1.42136	8.28455	3.08604	0.82629	1.46594	3.69375	4.13611	2.14224	0	5.89581	7.59266	2.68609	0.01842	6.22583	0.45534	1.38462	15.60748	0.44893	5.55492	2.42549	1.47108	2.63288	3.02467	1.32641	3.51605	0.55958	0.05864	0.94123	1.35994	2.18747	2.35882	2.78234	2.42795	1.26506	3.26942	1.71075	0	3.13977	2.31872	0.41147	0.28463	2.20567	3.1292	1.69501	1.54433	2.85413	0.85404	0.58591	0.75251	0.69461	0.13525	4.12955	0.69027	0.99023	3.196	1.85041	1.95596	3.46242	0.15279	4.37603	3.23946	0.79251	3.49508	4.10485	2.06475	1.56976	3.71639	2.84994	5.96192	0	1.02566	0.45236	7.65585	2.19916	0	1.5353	2.07944	4.28802	0	0.4603	0.95675	3.83079	2.808	1.06147	2.78432	3.50325	3.25062	3.45424	3.95185	2.41369	2.68698	0.44713	1.56813	0.76163	0.33554	4.25213	1.72924	0.6863	3.20987	2.86096	0.70424	1.02951	4.55285	5.5452	2.21881	2.01323	0.46335	2.30359	0.47796	7.56256	1.52868	3.2916	2.30747	4.21328	2.72662	0.77477	2.63179	1.01417	4.28699	4.56964	2.446	4.5664	4.46982	0	2.51323	2.97729	1.31373	2.89097	3.53547	6.8583	5.11019	3.32991	0.26258	3.25179	3.28655	1.46558	1.83972	3.59653	0.3343	2.63175	8.00731	0	2.17383	8.33055	1.56271	4.12601	4.12555	0.27199	2.58298	4.90745	1.8002	1.84304	5.73064	4.95827	1.83282	0.61755	0	5.20083	1.40172	3.43906	2.43241	0.71247	4.12288	9.1631	3.5394	2.89753	2.50965	5.4757	4.43873	4.18862	4.6401	5.43363	3.84801	3.51263	1.72665	4.92277	2.24888	1.41553	1.75039	1.7628	5.00958	0.84627	3.66043	1.14141	3.27155	5.02002	2.10884	0.74917	5.85619	0.61355	2.41267	5.60107	5.52988	1.08238	0	1.43664	0.95061	3.04161	2.52257	1.4448	3.67011	3.17995	3.18476	2.74471	1.84854	2.30422	3.00528	3.65504	2.39464	3.50661	0.86524	5.10706	0.80033	2.58604	1.12915	1.05864	0.66524	4.16678	1.68589	2.48967	0.44158	2.21794	0.73639	1.77027	0.6079	3.12677	3.73881	2.19077	1.24698	3.32287	2.75115	11.23362	0.44629	7.60476	0.74062	2.24274	4.10211	0.20921	1.04085	4.85297	0.13856	0	0.30262	0.06519	2.78666	1.83481	5.95956	2.34626	2.68323	0.37868	0	4.88858	1.7762	1.43624	0.33711	1.83446	3.14113	0.37049	0.55909	1.27425	0.29685	0.5751	1.05511	2.19716	3.89028	1.3346	1.13747	4.08938	1.72506	1.9827	0.76512	0.38608	0.87122	1.16379	1.09769	0.33274	3.14385	2.84296	6.14294	1.69404	0.75576	0.912	2.58467	1.15771	1.71869	3.28548	4.59936	4.89213	9.32908	1.79041	6.96969	3.76556	1.53708	4.37746	2.17199	1.56696	8.26098	1.75997	2.22425	4.30179	0	6.55947	2.13513	0.04185	6.56765	1.88224	1.67596	1.82253	0.49628	2.24207	0.70081	0.06957	2.70347	4.17693	1.04163	3.75009	0.78631	0.08274	1.63096	2.08691	7.75009	1.19662	0.75703	0.25752	5.05446	0.96378	2.30897	0	3.26429	1.74224	2.45724	1.54297	0.9599	4.50883	1.53738	3.90275	3.10962	5.02925	5.48374	1.05709	2.47997	4.9777	2.2603	1.97921	2.02939	2.99392	1.11979	2.44935	2.60921	3.26669	1.6147	2.52959	0	4.76637	4.08817	8.37952	0.53026	2.11901	1.89294	0	2.08463	11.84741	0	0.07744	1.63043	1.8094	7.23906	2.68904	2.50259	8.21344	4.9608	4.77596	4.43195	7.35801	0.61339	3.36929	3.98554	1.95826	0.19571	3.71293	7.81603	5.57406	28.17644	2.77269	4.84578	3.30771	2.94356	1.56078	0	2.28461	0	1.98817	5.1093	7.66789	9.72633	2.79537	2.53456	2.16187	8.96307	0.59211	0.92055	0	2.55261	3.07725	0.70793	3.12764	30.65101	2.57689	0	3.1702	2.01261	7.08611	6.10441	5.79744	4.4281	1.35464	1.25363	0	1.42375	2.77233
"Bacteroides_ovatus"	4.9301	6.49795	2.40371	3.55081	0.52411	0.18322	0	0	3.23341	2.85862	2.09671	0.95787	0	3.03253	0	0.11924	6.80328	0	2.26117	2.93845	0	0	0	0.02872	0.33738	0	0.01577	10.77825	1.8564	0.97432	0.01379	5.92914	0.08556	0	0.20046	0.25529	11.26894	8.63484	3.17419	0.90172	1.22657	0	1.83883	1.77114	0	0	2.57256	2.0026	0.11211	0.22851	3.37569	4.08366	3.62032	0	0.90034	0.10312	0	0	0	3.52001	6.3767	0.02331	0.20793	0.00358	0.09497	0	0	0	1.53474	0.20356	0.44251	0	0	0.78588	1.09174	2.84186	5.94586	0	0	0.16898	0.11741	0	0	0	0	2.60037	0	0	0.00369	0.67671	0.77707	5.88037	0	0.245	0.05246	0	0	0.01741	0	0.61152	0.27824	0	0	0.175	0	0.32444	0.08821	1.07765	10.13203	6.92028	0	0	3.86896	2.31909	1.7421	0	0	0.02523	0	1.51216	3.24407	0.09605	0	3.80625	6.55951	0	0	0.01046	0	0.28836	0.21423	0.71743	0.17191	1.13647	1.3066	5.53002	3.93032	1.76727	0.04248	1.75744	2.03378	4.16089	0	15.09749	1.7145	5.19619	3.18473	13.58306	0.0032	2.02579	5.60515	1.94675	0.11677	2.79056	2.00729	1.98462	0	2.86435	0.00731	0.0853	0.01906	0.1955	0.51125	0.08561	0	0.19102	3.20545	0.26874	4.27138	0.2973	5.06531	0.43525	0.03129	2.16826	7.02485	0	0	1.91991	3.49406	9.20273	1.06856	1.483	0	0	0	0.03622	0.29009	1.14734	0	0	0	0.14178	0.01451	2.3399	7.19584	1.12959	0.31076	1.53354	5.11382	6.95418	14.24611	0	0.12034	0	0.75757	0	0.08064	1.47184	0.05708	0	0.20968	2.58576	8.88318	1.02814	0	0	0	25.23069	0.75767	0.56356	6.26807	0	0.0198	0.9285	0	6.35523	0.35539	0	0	0.66067	0.16591	0.09766	0.02999	0	1.26928	0.40662	5.136	0.39529	0.00721	1.69483	3.31989	2.06571	0.47414	0	0.07722	0.29075	0.82897	0.00791	0.26799	3.94643	3.2953	4.70027	1.15017	0	0.13223	0.56845	0.18877	0.71651	2.69157	0	0.02665	0.26156	0.21836	0	0	0.82114	2.43849	0.24658	0.11555	0	0	0.91717	0.65992	0.92604	5.19759	0	3.56384	4.40983	2.96705	0.01471	0.03836	0.05723	0.5824	0.03428	0.0379	0.36636	0.03101	0	0	1.99711	2.18243	0.10803	1.29645	0.46825	0.37119	1.09684	0	2.67408	10.10447	0	0	4.54263	0	0.69211	4.74416	0.10678	9.54546	0.30607	0.02243	0	0.00121	0.9442	0.01411	0	0	3.35787	0.01338	0.29698	2.94226	1.22812	1.64614	0	0.03143	0.21826	6.9961	0.39325	0	0.60848	0	0	6.29201	0.03163	1.57204	3.82028	1.24684	1.56255	0.39829	1.44839	1.87406	0.20783	0.09843	7.61792	2.22063	0.90232	0	2.01806	0	0.03304	1.14806	0.52963	0	3.56428	0.64139	0.0694	14.8637	7.71179	0.08792	2.14166	0.24622	2.58478	0	0.50574	0.0253	2.04372	0	1.51529	0.76823	4.87381	20.18088	0.04708	0	1.00591	2.66314	4.22235	2.4631	0	0	0	12.24543	0.14839	3.97035	0.90643	0	0.97796	5.68464	1.50074	0.0389	0.10239	6.29738	0	2.27143	0	0	0.02723	0.09247	6.33152	1.84547	0	5.59048	0	1.20889	0	0	1.2048	4.40955	0	6.64639	0.45064	0.61934	2.91052	0	0	2.92903	4.46013	5.8261	0.00582	0	0	0.62724	1.88406	13.84079	0.15883	0.78829	0	0.12754	0	9.23723	0	0
"Parabacteroides_distasonis"	0.90049	0.65897	1.26146	5.06766	1.23087	0.34806	2.21474	0.99538	1.83955	0.89574	1.34759	0.31246	0	0	0	0	2.32611	10.89119	0.95712	2.00929	0	0	4.50316	0.06877	0.34155	3.3719	0.00853	4.13574	0.39573	0.41526	1.7925	2.8409	1.5056	1.91545	0.44444	0.20265	0.32296	1.79332	1.22688	0.64323	3.26618	21.37363	2.10438	0.98582	0.75142	0	0	0	0.64757	0.62594	0.6801	3.2671	1.7736	0.40975	1.21394	0.42584	0.01091	0	0	3.22258	4.81857	0.10553	0.61042	0.7187	0.15044	2.33279	2.50768	0	0	0.92554	0.54974	0	0	1.71393	1.09798	1.2588	0	0	0	0.08331	0.66159	0	0	0	0	0.49955	0.56978	17.94265	5.23301	0.38743	0.58587	4.40861	1.27825	0.0894	0.35058	5.37573	3.81426	0.60441	0.44899	4.95106	3.53102	0.75345	0.897	0.83212	3.23656	1.06903	0.5885	2.10392	0.86245	1.56183	0	2.31917	0.5949	0.93511	1.33222	2.74559	1.87093	0.95375	3.77622	0.97764	1.0576	3.20246	0	3.12204	1.23703	0.76577	0.98725	0.70669	2.45521	0.33621	2.11605	1.46032	11.57361	0.65527	1.89215	1.30376	0	1.16751	2.39988	0.5685	6.21575	0.60768	1.35296	5.88201	2.27637	1.18425	1.25145	1.66353	0.19203	2.06289	0	1.63531	0.35195	1.96641	0.75535	2.90343	1.12597	0	2.30004	0.60453	0.97826	1.29674	1.17272	0.11974	2.25861	2.07973	0.68323	0.42726	0.76268	0.23305	2.16937	1.12915	1.06346	2.29498	0	2.94863	0.60981	1.32933	0.69725	0	1.68016	0.42262	1.93244	0.72524	0.97502	0.13892	0.93846	2.74476	0	3.01173	0.10734	0.36819	5.89369	3.92425	3.25087	0.17201	1.54913	1.96539	1.50036	0.68174	6.19943	1.35069	0.94391	0.70761	1.20201	0.33241	0.89993	2.14536	0.59135	0.94069	0.07767	1.24935	1.21259	1.09235	0.44766	0.81594	0.89293	2.76369	1.7725	1.07895	0	2.68475	5.32063	6.04031	2.086	2.6225	1.03119	1.57427	0	0.94652	0.27232	0.23923	0.50366	0.16068	0.38553	0.50878	1.46546	0.04175	0.0093	1.10142	1.06449	0.32354	1.16647	0	1.48154	4.12213	1.16278	0.69869	0	1.419	0.47954	0	1.54029	2.82816	1.4737	0.26869	0	0.37059	1.22031	4.78486	0.74634	0.70277	0.22131	0	2.81461	0.12301	0.25871	0.78883	0.11543	0	0.67187	1.18906	0.681	0.30131	0.37779	1.40612	7.25166	0.91651	3.17462	0.46907	3.14969	2.19764	0.38903	0.156	0.05541	0.17428	1.00858	0.97206	1.88086	0.66397	1.10014	0	0.69531	0.23109	3.65285	0.66492	0.33142	0.08293	1.15372	1.96457	8.6429	0.98543	0.72565	0.86788	0.38262	0	2.07519	0.04996	0.86385	1.62308	0.51079	1.80959	0.54308	3.72853	0	2.23098	1.1707	1.07276	1.41963	1.15837	1.35253	0.62916	0.63285	0.31939	1.33444	2.07503	2.63664	0.07588	0	0	3.59541	0.22062	0	2.42847	0.62828	0.25118	1.18889	0.56229	4.39171	2.68458	0	0.82292	1.16189	0.4839	0.07771	2.33354	0	0	1.58293	0.20665	1.4688	4.40143	0.76422	5.05428	1.52938	0	3.11754	1.03244	1.8392	1.05457	1.70058	1.13108	2.12472	0.59365	0.28945	1.56996	2.98747	2.94177	0	1.47269	2.05338	5.30661	1.03362	2.00702	1.78823	3.93069	0	0.9942	8.93469	2.33661	0	1.05957	1.27422	0.67198	1.45446	0.45187	0.01024	0	1.04472	0	0	0.4702	0	3.18214	1.27066	3.34589	0	0	0	2.12994	1.18361	0	1.37066	1.64982	0	0.54329	1.57409	1.4888	1.07483	1.48073	1.43845	0.65749	2.84175	1.90987	0.84096	1.4714	2.70151	0	0.36106	0.44961	3.27821	2.68065	1.16843	0	0	0.89701	2.16956	0.36889	1.10856
"Faecalibacterium_prausnitzii"	13.87436	4.75905	3.87342	9.76063	11.51495	7.67556	3.34962	12.99293	1.49834	10.71976	13.11626	18.61247	10.20251	8.82004	2.72298	3.96169	0	0	18.07169	19.36121	27.7424	0	16.77465	12.16838	9.19931	19.7339	3.09776	5.18375	26.631	23.14741	21.78642	24.17563	8.76976	9.9074	8.64643	1.4308	3.79631	12.57919	15.89527	8.95501	8.90653	5.83025	3.89905	12.54896	16.35502	0.22099	17.50917	8.48273	10.86668	11.10256	14.57665	5.9387	7.4255	23.20141	7.14944	11.76402	7.2919	14.63624	2.90458	0.91267	5.56644	11.52031	8.38536	15.9292	10.28904	2.24943	4.28547	0	0	8.26072	0.97439	3.3285	3.55236	14.01881	8.61578	9.43051	3.25371	12.85558	21.17559	5.28809	2.339	10.03665	12.33533	0	0	20.79019	23.88952	6.95151	0.698	4.84447	8.32098	0.13592	8.99089	22.5921	15.90107	17.51231	3.26117	18.73724	7.55673	16.86813	4.9514	3.24734	5.92544	0.59873	8.06329	14.66895	6.76444	7.29867	12.34117	5.62597	8.66091	12.17672	4.7037	28.99157	20.73701	6.72395	11.92856	2.34007	3.94454	29.64642	17.31385	9.02029	0	11.9041	4.96468	15.20651	2.23757	1.24553	18.45968	9.28374	10.96179	12.95622	10.58514	13.56823	0.50994	8.6574	0.55086	4.29481	11.44973	6.312	6.24165	4.56686	8.66459	1.93923	2.03931	3.74398	2.45703	0.01673	6.1022	15.772	5.45236	2.80911	7.51905	7.59584	19.30553	3.37214	8.26699	4.94407	17.79248	2.00747	11.91084	23.77848	13.35339	8.02548	8.14266	0.64629	2.07392	10.8222	8.36363	3.48464	3.25181	5.19965	1.99514	10.28298	2.22165	10.65538	15.10513	0.28897	9.01299	9.63741	9.38242	14.95471	9.84336	11.71831	5.37889	10.26893	6.84414	5.43625	9.12655	8.44145	0.76097	5.1214	7.13638	5.57516	2.32613	4.82564	14.02979	4.4644	6.11054	19.24489	8.53209	5.9026	1.8524	16.30634	1.43191	2.1014	3.46812	5.07513	14.26871	6.46854	6.08868	8.33751	4.2432	7.86903	3.05108	4.56012	2.86425	8.81841	8.48896	3.28083	9.25533	2.54217	1.469	5.14891	2.02308	2.33858	0	1.67493	8.97456	6.15032	17.03691	5.14035	3.10295	0.07264	4.70982	8.17814	1.84352	0.63808	6.46115	9.15197	1.64692	2.20201	10.63085	4.27185	3.97684	17.44588	9.06969	12.88384	24.46421	5.49701	10.74749	3.07282	2.05792	5.3411	12.11261	8.15761	9.89251	8.86963	5.77712	0.87574	10.01426	8.6626	4.80744	0.23697	4.05268	10.15339	2.19603	0.66533	19.20531	10.14736	1.63465	10.14619	10.06473	17.32179	14.07057	6.48838	0.79775	9.82214	8.92427	6.38225	1.59583	5.90443	13.51601	6.43023	0.35378	2.6321	18.44885	24.92279	11.81823	6.85499	7.23524	16.89472	2.61452	5.78163	7.26678	1.45407	9.67476	9.03055	3.82083	2.75762	6.74483	3.75851	13.33068	8.06768	15.23753	7.10891	12.06063	1.46318	11.67204	1.4399	4.27723	15.65834	1.1645	10.93412	1.34381	5.77533	18.44753	13.36696	9.36232	9.97725	3.95272	17.09588	9.13115	11.61649	2.51594	13.40947	14.03123	12.6092	10.06187	14.0573	3.20689	9.65232	2.42717	8.51534	2.58613	20.41721	0.37234	14.08039	9.95289	4.86628	14.44942	14.37767	0	11.9128	38.30194	19.39128	8.37696	23.26244	4.305	6.15206	6.26491	1.78368	8.80742	14.4503	4.11776	2.03811	5.44813	5.93019	4.613	2.09345	9.20328	0	10.239	11.48328	3.66089	1.1158	12.11945	13.83716	0	1.79848	0	8.47138	0.60717	10.00922	6.81309	5.61244	7.30153	8.69885	6.75899	9.56801	3.79926	0	10.8955	3.20289	7.80887	4.36048	1.14924	5.29295	5.64426	1.07665	0.13794	0	13.84665	10.54403	12.51518	3.7413	9.91904	12.82057	8.90308	8.63479	15.47548	1.34409	3.40538	0	11.99808	10.67756	9.74353	14.79447	8.64137	8.41196	6.96923	5.50777	4.08362	2.97884	0.86019	14.84498	6.58949	0	6.95716	2.79836	9.40283	0.2807	6.84947	21.9796	6.49276	7.93431	4.64544	2.5397	25.52308
"Eubacterium_rectale"	4.67536	0.57174	0.31567	0.0146	0	0	8.49709	4.321	2.3073	0.82809	0	1.96371	1.13846	0.09699	0	3.15095	0	0	3.49012	3.12972	0	0	0	2.2199	0.55019	0	0.01817	0	0.22572	1.27598	0.11359	3.22899	5.11485	0	1.18398	0.02254	1.06564	0.4579	1.12807	1.33276	0.44813	0	0.12556	0.53695	1.3371	0	0	0	1.66295	1.22806	3.91131	0	0	3.99625	0	0.59523	0.16788	3.65647	0.14438	0.48212	14.5647	1.24539	0	2.37464	2.79078	0	0	0	0	0	0.08914	0.17573	0	1.22216	2.83104	1.35486	0	0	0	0.34825	0.29678	0	0	0	0	4.80047	0	0	0	1.5461	0.63215	0	0	0.2092	4.678	5.23932	0	1.09041	3.20717	0	0	0.34497	0.27114	5.90324	4.5276	0.1661	1.82909	0	0	0.04581	1.84386	2.01731	3.61097	8.34801	2.61857	0	7.57028	0	0	1.15822	4.36226	0	3.37243	0	2.64809	8.45043	2.3553	0.05937	0	3.91931	4.84075	0	0	1.36573	0	0	0	1.39149	0	2.82072	0	4.3359	1.00933	0	0	0	0.43912	0	0.32832	5.77384	4.97425	0	0	0	0	0	0	1.30562	0.38499	8.53089	1.28464	0	0	0.00765	0.27863	0	0	1.51121	3.40877	1.57628	1.21384	1.84747	0	3.12429	0.26268	1.08137	0.89268	3.03048	0	0	0	0.25992	0	0.35237	1.55462	0.20263	11.83642	1.54365	2.12126	0	1.66454	0.83973	0	0	1.06645	9.39549	5.35673	0.06622	0	0.90822	0	4.44162	0.0103	0	2.93613	2.30235	0.84063	0.26237	1.70779	0	4.68885	12.40763	5.5456	0.01515	0.44568	0.07951	2.17901	0	2.84139	0.02132	0	0	0	0.79466	0.2909	3.01932	0	2.33843	2.40647	1.20312	0.41479	3.99257	4.26524	0	4.88082	2.28142	1.02305	5.15897	0	1.83481	0	7.16488	1.97093	1.13119	1.6666	0	0	0	0	0.67707	0	0.16026	0	1.79083	4.31292	2.81017	2.70218	2.57961	0.80426	0	13.60481	3.37729	0.32241	0.00518	0	0.06179	1.68943	0	3.18652	0.57617	0	0	0.0033	1.46097	0	4.00206	0.00331	6.18332	0.78923	3.42254	0.00621	0.2638	1.41185	1.54099	1.68915	2.9545	1.80281	1.55788	0.89367	0.73174	0	0	0.23021	1.23996	0.13338	5.9315	5.47162	10.77783	4.23741	1.36221	0	0.7176	0.27839	0.01269	0	4.65523	0.10813	0.44478	0.07875	1.69337	5.75077	0.08463	0.54147	0	0	4.37155	7.9461	0.02746	3.73234	1.26275	0	0.87294	0	5.11601	0	0	1.22414	0.96513	1.3656	0	0	1.01421	0	0	4.82528	1.57459	0	0.25669	2.75433	0.38948	0	2.29652	0.02615	0.13013	3.52025	4.32233	0	0	0.71761	1.20008	0.03509	2.93223	0.63263	0.31994	0	0	8.79588	0	1.18069	5.61921	0	0	4.35014	3.75242	1.55395	0	0.10509	0	0	0	13.29675	0	0.11872	0.26669	11.96245	0	0	7.14895	0	3.39377	0	0	0	2.62082	0	2.0122	1.37509	0.11692	5.73069	0	1.3215	0	0	4.02716	2.0393	2.84082	0	0	0	0	0	0	4.02658	0	1.27807	6.42922	1.08405	0	2.21784	0	0	0.46936	6.32949	0	0.40067	0.04592	6.23458	0	2.83567	4.16622	0	1.4341	0	0	0	1.16191	15.06546	0	0
"Bifidobacterium_pseudocatenulatum"	2.04253	0.39269	3.40994	1.20471	0.85432	1.63992	5.18121	6.70974	0.01317	0.14521	3.15102	1.89355	1.70707	0.68137	2.74971	5.14687	0	0	3.52245	2.5623	0	0.00961	5.30662	0	0.7213	8.06164	0.03881	0	0.21131	2.48736	10.45871	2.08631	0.14076	0.76321	0	0	0.17196	4.04762	0.91387	5.36613	1.18968	8.24705	3.3596	2.41774	2.10056	10.61486	7.25645	10.57145	1.45979	4.01487	0.96705	1.644	0.7608	0	2.06434	0.36528	0.38703	1.04968	36.52649	2.50832	4.37833	0.00722	2.96964	1.77615	2.20516	1.60183	0	0	0	8.64336	13.67149	13.68057	29.28098	0.75862	1.05967	2.28532	3.49535	3.42741	1.08535	0	0	0	0	0	0	1.56863	2.18781	12.98107	3.76544	0	0.29616	0	4.22233	0.17389	0.22271	3.76245	2.47967	0.79732	0.26341	0	0	15.92459	0.00867	0	0	0.34569	0.21128	0.43642	3.33339	4.12604	1.03046	2.28747	0	0.50374	0	0	0	0.6846	1.01201	3.89854	0.71998	0	0	3.11229	1.13843	2.41808	8.30836	3.63588	1.73011	0.15071	1.48052	2.99057	3.04897	0	9.62408	3.01949	0	4.59264	1.71044	2.37804	5.80294	2.67677	1.28497	1.04192	0.8047	8.15565	3.26063	0	0.0729	3.44319	11.08003	1.95387	0.96288	2.03902	3.65456	19.77324	1.99902	2.67228	1.83351	3.11993	1.83973	0.46528	0.14745	0.05296	1.67509	9.69143	11.49408	2.0993	2.59651	2.58843	12.59849	6.9519	21.18859	2.04492	0	0	11.25363	20.47231	1.29264	0.2277	13.70041	1.18371	1.77999	3.6281	18.22443	6.25218	11.6475	4.8909	10.19547	6.05111	0.14789	0.36089	0	17.42471	1.33839	0.82289	0.24397	8.84672	0	0	1.82609	0	0.10622	1.64947	5.86548	2.06015	0.55946	4.63481	0.08372	2.47485	0.49796	0.22749	0.56745	0.41971	0.62325	0.40509	5.24224	1.3653	1.72753	8.57259	3.9216	1.49515	3.08594	0.77374	16.55623	0	0	7.43202	0.46118	0.47823	0.65606	0.43109	4.911	3.99296	1.75079	0.50734	3.51507	2.04256	2.12586	4.23371	0	0	1.90461	1.44281	0	4.67381	3.83329	0.03918	3.53487	1.23007	7.55522	0.65968	0.26042	4.75095	6.59366	22.15831	1.36433	0.44057	0.24918	0	0	0.84936	0	0.37314	1.61335	0.76641	22.81412	3.31595	0.52413	0	3.9709	0.07196	0.21979	3.73797	3.38382	4.58089	24.10643	1.50311	1.71661	0.25989	2.11925	1.70959	1.04005	1.40982	0.13001	3.78014	1.34454	2.41683	4.29657	9.82485	10.53203	0	3.22015	0.20689	1.05113	2.98389	7.41806	0	0	6.13661	0	2.63735	0.16388	0.58894	3.7258	3.2733	3.99372	1.0261	6.04326	0	0.67772	2.05699	9.65139	0	10.12836	2.00453	2.59972	0.08757	0.18957	0.54891	0	1.53319	0.87656	1.72296	7.15235	0	4.35423	9.53918	1.57395	4.40089	23.70603	0.02739	6.4254	2.71252	0	4.19614	1.67092	0.04135	0	1.45153	7.0089	0	0.32962	0.45263	3.04441	6.92236	2.3762	3.07112	0	0.00087	0.6097	0.76656	6.17022	2.98943	0	0	0.357	0.67772	3.27464	0.36109	0.33914	0	4.362	1.06867	0.01781	0	0.32759	0	0	5.64543	1.65684	0.55734	0.84662	0.70677	0.90642	0.98914	0.22074	0	9.18677	0.93496	15.19606	0	0.78375	0.64678	0	1.59569	5.21681	0	1.00017	0	0	13.90794	5.85316	1.21719	1.98841	3.56617	3.41321	9.65206	0	0	6.31578	5.9168	7.45965	12.63882	0.88847	0.89555	0.27058	0	0	13.6111	0	0	0	0.35989	0	0.01837	0.41526	0	0.00133	1.39351	0	2.86212	0.68271	6.02567	3.99061	2.79416	0	8.52851	3.88045
"Bacteroides_caccae"	1.89422	0	0	0	0	0	0	0	0.3306	0	0	3.52202	0	0	0	0	0	0	0	0	0	0	0	0.02395	0.2595	0	0.51171	0	1.7953	0.79349	0	0	0.72197	0	0.17895	0.61994	4.47279	0	0.5099	0.36415	0.47512	0.0493	3.13121	1.27799	0	0	0	0	0.23909	1.18838	0	3.79148	0.21776	0.5897	2.03682	5.02345	0	3.2397	0.07636	0	0	0.00186	0.52979	1.22239	0	3.2763	2.31853	0	0	3.22346	0.01414	0	0	0.22612	0.68289	0.02917	0	0	0	0.20339	0.79052	0	0	0	0	0	0	0	0.43718	1.47	1.6327	0	0	0.113	0.14256	3.91997	2.46125	0.37383	0.20733	0	2.54134	0	0	0	0	0	0	0	0	0	0	0	0	0	0	0	0	0	0	0	0	0	0	0	0	0	0	0	0	0.62101	0	0	0	0	0	0	3.89531	0	0	1.5547	4.34775	0.25404	0	0.84161	1.95574	0	0.53239	0	0.45128	1.40118	0	0	0	0	0	0	2.70308	0	0	1.2041	0	0	3.26967	0.07892	0	6.22653	0	0.3588	0	0	6.16195	1.97465	3.6486	1.08535	0	0.56013	1.14882	0.41447	0.29619	0	0	0	0	2.50765	0	0	0	0	0	4.85757	0	0	0	0	0	0	0.78447	0	5.02318	1.67162	0	0.75725	1.00727	0	1.00908	0	3.0292	0.39758	0.73654	2.60222	0.22119	0.69257	0.04545	2.78152	0	0	0	5.42551	1.69708	0.35627	0	0	1.76378	6.07764	0	0	0	0	0.0035	0.43572	0	0.16303	0.42551	1.52908	0.44738	0.12492	0	0	0	0	0	0	4.35395	0	0.20442	6.79091	0	0	0.68254	0.57902	10.00312	2.19977	5.31167	0	1.88796	0	0	0.03131	6.41591	0	0	0	0	0	0	0	0.01244	2.64168	0.48313	0	0.38831	0	0	1.00119	0	0	0	0	0	0	0	0	0.35506	0.15441	0.03746	0.2639	0.52752	0	0	0	0	0	0	0	1.67166	0.42793	0.90452	0	0	1.13954	0	0.25403	2.00238	3.04848	0	0	0	0	3.56445	0	0	1.86518	0.86536	0	8.37097	3.05356	0	0.68933	0.45542	4.32324	0	0.87325	0	0	1.24707	0	0	0	0	0	0	0.03126	0	0	0.38569	2.78477	0	0	1.72867	0.71445	0	0	1.39337	0.39754	0	1.1673	0	0	0.24579	0	0	1.54147	2.03341	0	0	0	0	1.67798	0	0	0	0	0	0	0	29.00072	1.68127	0	0	0	0	0	2.07016	0	1.79595	6.755	0	0	0	0	1.28473	0	3.4021	0.35566	0	1.20838	0	9.91289	0.22609	0	0	0	0	1.63633	0	2.50479	0	0	0	0	0	0	0	0	2.10873	0	0	0	0.5921	0	0	0	0	0	4.029	1.71327	0	33.25281	0	5.10346	0	0	1.02992	1.30406	0	0	0	0	0
"Anaerostipes_hadrus"	2.46738	1.02694	0.68591	1.00763	1.10627	0.39371	0.44371	1.4503	0.39861	1.49551	2.5536	1.16752	1.55595	0.38766	2.20909	1.54557	1.71618	0	3.94446	2.27232	0	0	1.35199	0.02185	0.38178	3.41561	0.16958	0	0.87994	0.77095	1.69564	0.48478	0.61583	0.72556	0.30355	0.86163	0.65075	0.25944	1.5789	1.26012	0.86511	0	0.47944	1.58752	0.53727	0	0.86119	2.73895	0.31623	0.50745	0.64856	1.06074	0.47405	0.20898	1.23552	0.181	0.04839	0.99498	1.92282	0.12693	0.63046	0.16035	0	0.40412	1.84135	0.85409	0.86655	0	0	0	0.11068	0.81267	0	0.72886	0.48155	1.47752	2.01566	0.97871	0	0.27762	0.0532	2.31025	1.14831	0	0	0.45095	1.14145	0	0.26692	0.21845	0.23985	1.60201	1.063	0.47806	0.86559	0	0	1.44872	0.33227	0.76968	0	0	0.13102	1.84551	1.61216	0.32002	0.47524	1.10047	0.75655	1.73486	1.0037	2.23944	0	0.35825	0.73211	0	0	1.15181	4.96093	0	0	0	0.77053	1.0908	0.70978	0.97189	0.38902	1.68185	0	1.77577	1.55683	1.54861	1.31531	3.80715	2.52226	0.34107	0	3.12911	1.13577	0	0	0.40138	0.80351	0.26095	0.3182	0	2.41062	0.94472	0.2797	1.49762	0	0.52367	9.236	1.95567	0.35411	2.18226	0.85645	0.83051	3.80204	0.97812	0.69665	1.80599	1.74613	0.18761	0.42476	0.06904	8.75487	0.21415	1.40876	1.17956	1.95091	1.45036	0.86497	1.22896	1.75559	1.60813	1.69405	2.37466	0.78829	1.43817	0	0.63672	8.15357	2.01928	3.72913	1.36509	0.22889	1.50218	0.67042	0	0.23175	0.57678	0.82617	3.52887	0.45829	0.87337	0.06415	7.88102	0.12795	2.39679	3.00359	1.24661	0.30877	0.54281	0.21033	0.72151	0.42542	1.87254	0.77105	2.87221	0.20425	0.36774	0.5404	0.28854	0.95342	0.57319	0	1.54642	0.31713	1.07479	0	0	0	0.54569	0.94602	0.225	0	0	1.34064	0.08829	0.69855	0.08246	2.35859	0	0.90905	0.90778	1.24888	1.35763	7.39583	1.16329	2.78588	0.55591	3.70693	1.39488	0.69353	0	1.96614	0.12082	1.81588	0.23944	1.0908	0.07554	0.18628	2.72776	0.81614	2.7139	0.91781	0.62383	0.25194	2.33849	3.68046	1.34052	0.23101	0.03076	0.81434	1.7507	3.99747	0.09355	0.68553	1.64748	0.22266	0.08091	0.27883	1.33988	0	2.38457	0.67312	1.70163	0.19842	0.72811	0	0.9244	0.38162	0.70591	0.06622	2.48474	0.90968	1.45404	2.00408	0.61724	2.87208	0.7749	1.93272	0.06132	0.1294	1.10583	1.68624	0	1.77171	4.71899	0	0.85893	0.51194	0.0276	1.13661	2.70448	2.95554	5.84076	3.84728	1.76749	1.38801	1.04153	0.30234	1.62675	0.45363	7.34893	0.87701	0.59726	0.94793	0.16298	0.12092	0.47497	2.00293	0.36435	0.95038	0	1.27245	3.43825	0.5375	0	3.49366	0.06628	0.06764	1.2057	0.18458	0.64333	0.90378	0.31236	0.63453	2.69134	0	0	0.75627	0.24123	2.12744	3.71158	0.45628	2.82164	0.37494	1.11358	0.40702	0	3.47967	0	0.30483	0	0	0	3.02385	2.74755	2.40098	0	4.04198	2.57002	1.02887	0.11367	0.32968	0.47378	0	1.73079	0	0.45605	0	0.70437	0.34985	0	1.39881	0.61109	2.8836	1.41545	3.15072	0	0.78003	0.13637	1.42935	0.55392	1.92702	0.07273	1.44167	2.7912	0	0	2.7811	0.95242	1.43683	1.24234	0.83351	4.49152	0.60907	5.82875	0.7146	0	3.17489	7.64701	1.26117	0.56297	0.41727	1.47893	0.63428	0.58652	0	0	0	0.72847	0.78727	0.00505	1.28671	1.2753	0.22022	0.49184	3.23997	0	2.80182	2.93686	0	0.87485	0	2.21711	1.14092
"Phocaeicola_dorei"	0	11.7434	0	0	0.24038	0	0	0	24.84802	23.47957	0	0.23703	0	0	9.17907	25.41218	0	27.91794	8.2145	4.88486	0	0	11.70752	0	0	0	0.29067	0	0	0	0	0	0	0	1.33817	0.09558	12.66147	23.36026	0.91838	0.39509	2.45942	0	0	0	26.71526	0.63329	0	0	0	0	0	3.84724	0	0	0	4.75279	0.00824	0	0	0	0	0	0	1.44672	0	6.09548	8.84791	0	0	0	0	0	0	0.48826	0.03514	3.12924	0	10.86873	25.47479	0.30625	1.20453	0	0	0	0	0	0	0	0	0	0	0	0	0	0	0	0	0	0	0	0	0	0	0	0	0	0	0	0	26.16485	0	0	0	0	0.46802	1.24337	0.30189	0	0	0	0	23.59024	0	0	2.65928	0	4.46852	0	0	7.32336	0	0	0	17.28218	0.2644	0	0	0	0	0	0	0	0	16.25016	0	26.34073	0	3.42577	1.05875	0.44465	15.66319	8.03164	1.26565	1.90134	0	0	0	0	0	7.32754	0	10.81821	0	0.06891	3.50611	2.20345	0	0.04862	0	0	6.12244	3.26654	13.67015	0	0	25.41624	1.36161	11.9758	12.40582	0	0.15481	0	0	0	0	0	0	0	0	35.37018	0	0.00591	18.92275	14.32349	0	0.67154	2.17277	0	0	0	0	0	0	0	0	0	0	0	0	0	0.05283	0	0	0.67832	0	0	12.94312	0	0.43673	0	0	0	0	0	8.02518	8.48896	19.73325	1.33602	0	0.39714	0	0.00216	0	0	0.11106	0.34981	0	0.70722	0	0	0	17.10268	12.97769	1.27743	0.20747	0	0	0.49422	0	2.17626	0	2.64163	7.26075	3.35017	2.70309	0.07657	0	0.26739	0	0	3.17568	7.39069	0.31956	0	7.61117	0	0	0	0	17.74713	1.59355	0	0.89125	0	0	21.71203	0	0	10.76745	0	10.51929	9.30581	0	0	0	2.26012	0	0	11.51397	0.18107	2.41864	0	0	0.78804	0	0	0.01377	11.53406	8.55823	0	0.21808	0.84651	0	0.23776	10.04784	3.41391	9.4621	0	0	0	0	12.92997	1.03817	0	0	3.68304	0	0	0	0	0.00632	0	0	0	0	30.59246	7.58227	0	0	0	0	0	0	0	2.60451	4.29317	0	0.95451	0	0	9.22796	0	0	4.55641	0	0	0	0	0	0	0	0	0	0.08979	0	0	0	16.85053	0	10.18593	0	0	0	1.7414	0	0	0	11.74191	17.72501	0	0	6.99507	0	0	7.49352	0.17313	0	5.75332	0	0	11.60452	0	9.65405	0	27.25247	1.92818	0	0	8.15887	0	0	4.19887	13.55631	0	0	0	0	16.56289	0	0	2.49584	0	0	0	0	0	0	0	0	0.57266	0	0	18.20059	10.6102	0	0.01409	0	0	0.38625	5.07815	2.58883	22.58554	0	7.75313	0	0	0	0	0
"Bacteroides_clarus"	0	2.23564	0	0	0	0	0	0	0	0	0	0	0	0	0	0	0	0	0	0	0	0	0	0	0	0	0	0	0	0	0	0	0	0	0	0	0	0	0	0.03362	0.05316	0	0	0	0	0	0	0	0	0	0	0	0	0	0	0	0	0	0	4.22864	0	0	0	0	0	0	0	0	0	0	0	0	0	0	0	0	0	0	0	0	0	0	0	0	0	0	0	0	0	0	0.41664	0	0	0	0	0	0	0	0	0	0	0	0	0	0	0	0	0	0.61688	0	0	0	0	0	0	0	0	0	0	0	0	0	0	0	0	0	0	0	0	0	0	0	0	0.24512	0	1.44438	0	0.07547	0.17007	0	0	0	0	0	0	0	0	0	0	0	0	0	0	0	0	0	0	0	0	0	0	0	0	0.01404	0	0	0.38215	0	0	0	0	0	1.97156	0	0	0	0.69981	0	0	0	0	0	0	0	0	0	0	0	0	0	0	0	0	0	2.55504	0	0	0	0	0	0	0	0	0	0	0	0	0	0	0	0	0	0	0.81085	1.91583	0	0	1.5667	0	0	0	0	0	0.55141	0	0	1.15655	0	0	0	0	0	0	0	0	0	0	0	0	0.25171	4.65557	0	0	0	0.11191	0	0	0	0.3776	1.11086	0	0	0	2.05359	0.0574	0	0	0	0	0	0	0	0	0	0	0	0	0	0	0	0	0	0	0	0	9.43589	0	0	0	0	0	0	0.09046	0.07489	0	0	0	0	0	0	0	0	0	0	0	0	0.02905	0	0	0	0	0	0	0.16749	0	0	0	0	0	0	0	0	0	0	0	1.83717	0	0	0	0	0	0	0	0	0.01967	0	0	0.61434	0	0	0	0	0	0	0.53389	0	0	0	0	0.13155	0	0	0	0	0	0	0	0	0	0	0	0	0	0	0	0	0	0	0	0	0	0.39991	0	0	0	0	0	0	0	0	0	0	0	0	0	0	0	0	0	0	0	0	0	0	0	0.01639	0	0	0	0	0	0	0	0	0	0	0	4.69909	0	0	0	0	0	0	0	0	0	0	0	0	0	0	0	0	0	0	0	0	0	0	0	3.58545	0	0	0	4.60815	0	0	0
"Parabacteroides_merdae"	0	0	0	0	0	0.12402	0	0	0	1.22008	0	0	0	6.55122	0	5.57072	1.57591	0	0.95856	0	0	0	2.24549	0.1631	0	0	0.30814	0	0	0	0	0	0	0	0	0	0.39279	0	0.50073	0.01914	0.10336	0	0	0	0	0	0	0	0	0.55681	0	2.53791	0.74742	0	0	0	0.02497	0	0	0	0	0.20472	0.04715	0	0	0	0	0	0	1.01763	0.71635	0	0	0.22434	0.59547	0.25303	0	0	0	0	0	0	0	0	0	0	0	0	0	0	0	0	0	0.14887	0.24057	0	0	0	0.10847	0.00577	0	0	0	0	0	0	0	0	0	0	0	0	1.38304	0	0	0	0	0.74895	0	0	0	0	0	0	0	0	0	0	0	0	0	0	0	2.37946	0	0.7037	0	2.0085	2.23037	1.60835	1.82165	0.9241	4.18175	1.06041	0	0.94283	0	0	0.56554	0.22681	0	0	0	0	0	0	0	2.42548	0	1.78311	0	0	0	0.20794	0	0.55582	0	0.82372	5.21337	0	0	0	0	0	0	0	0.3246	0	0	0	0	0	0	0	0	0	0	0	0	0	0	0	2.13719	1.61159	0	0	0.70912	0	2.74896	0	0	0	0.91293	0	0.34188	0	0	0	0	0	0.67808	3.93118	0	0	0	0	0.62848	0	0	0	0	0	0	0	0	0	2.69802	0.67545	0.56267	0	0.62596	0.10466	0	0.35464	1.21977	0.9518	0	0.43272	0.00721	0.27299	0	0	0	0	1.39443	0	0	0	0.32103	0.38824	0	0	0.59267	0	2.07204	0.62951	0	0.92643	0	0	0.2973	0	0.40151	0	1.19874	0	0	2.10203	0	0	0.19766	0.13145	0	0	0	0	0	0	0	0	0	0	0	1.3068	0.17517	0.86996	0	0	4.03252	0	0	0	0	0.86203	4.23981	0	0.1876	0	0	0.6499	0	0.44725	0	0	0	0	0	0.06746	0	0	0.45984	0	0	0	0	1.01546	0	0	0	2.17117	0	0	0	0	0	0	0	3.82886	0	0	0	0.21154	0	0	0	1.338	0	0	0	4.08036	0	0	0	1.53015	0	0	0	0	0	1.58182	0	0	0	0.2133	0.01164	0	0	0	0	0.84061	0	0.67669	10.271	0	0	1.84999	0.49944	0	0	0	0	0	2.72459	0	0.82661	0	0	1.67459	0	0	0	0	0	0	0.77836	0.96484	0	0	0	0	3.12803	0	0	0	2.55661	0	0	0	0	0	0	0	1.22022	0	0	1.18161	1.16849	0	0	0	0	1.20128	0	1.34259	0	0	0	0	0	0	0.06445	0	0	0	0	0	0	0	0
"Faecalibacterium_SGB15346"	0	0.25247	1.67141	1.1462	0	0.76336	0	0	0.12426	1.95154	0	2.27899	0	0	0	0	0	0	0	2.4021	0	0	1.6107	2.04426	0.53121	0	0.31789	0	2.34644	3.35114	2.98772	3.05256	5.82381	0	0.18148	2e-04	1.28555	0	0.10566	0.37735	1.433	0	0.02696	1.63241	0	0	0	0	0.2339	0.43454	0.71048	0.51489	0	0	0	0.57561	0.29976	1.24553	0.0275	0	0	0.7045	0	1.16236	1.09358	1.11958	0.54272	0	0	0	0	0	0	0.38534	0.3793	0.39458	0	0	0	0.20733	0.0256	0	0	0	0	0	0	0	0	0.68812	1.5188	0	0	0.95048	0	0	0	0.54052	0.2259	0	0	0	0	0	0	0.46804	0.25974	0.42228	9.88045	1.02677	0	0	0	1.94421	3.40334	0	0	0	0	0.50316	1.07278	0	0	0	1.99783	0.54307	0.29645	0	0	1.31008	0	0	0	1.31775	0	0	0	0.1681	0	0	0	0.44675	0.96732	0	0	0	0	0	0	0	0	0	1.1283	0	0	0.02154	0.05949	0.28522	4.34832	1.06824	0.38379	1.41129	0	0.69409	0.01492	0	0	0.93863	1.69798	0.46	0	0	0.53828	0	0	0	0	0	0	0.87629	0	0	0	2.8198	0.20347	0.39395	0.16805	0	0	0.85904	0.01917	0	0	4.45854	0.29157	0.15422	0	0.37903	0	1.08071	0	0.29027	0.21789	0	0.14973	0.17962	0	3.83573	0.74965	0	0.23584	0.39241	0	0.53687	0.88335	2.52326	4.39755	0	1.0217	0.44212	0	0	0	0.757	0	0	0	0	2.28424	1.0597	0.58574	0.39554	0.13726	0	0.15134	0.67836	1.76852	0	0	0	0	0	0	0.40778	0.68165	0	0.0827	0	0	0	0	0	0.03221	0	0	1.4639	1.30392	0	0.08149	0	0	0	0.20603	0	0	0.84456	0.81617	0.21724	3.86319	0	0	0	1.62057	4.2034	0	0	0	0.69162	0.70422	0.70618	0.45594	0.727	0	0	0.07739	1.05723	0	0.18242	0	0.55351	0	0	0	0	0	0	5.82443	0	0	1.27589	0	0.36033	1.02201	0.90261	4.20411	0.05772	1.59809	0.03799	0	0	0.88666	0	0.02457	0	0	1.01217	0.51411	1.4761	0	0.83306	0	1.24852	0	4.0431	0	0	0	0	0.75515	0	0	0.84549	0	0	0	0	0	1.50005	1.42592	0.45387	0	1.11315	1.30781	0	0	0	8.44028	0	0	0.38119	0	0	1.31966	2.28247	0	0	0	0	0	1.46476	0	0	0	1.68166	0.40097	0	0	0.55798	0	0	0	0	0.19135	2.77514	0.1314	0	0.81929	0	0	0	0	0	0	0.37514	0	1.55606	0.03825	0.17381	0.64298	0	0	0	2.41775	0	0	0	0.18538	0	0	0	0	0	0	0	0.30052	1.70967	0	6.65208	2.1929	0	0	0	0	0	0	0	0	0	2.43716	0	0	0	0.21861	0	0	1.73622	0	5.39141	0
"Clostridium_sp_AM22_11AC"	0.19547	0	0.05789	0.17381	0	0	0.08373	0.26963	0.72264	0.33616	0.33149	0.10065	0	0	0	0	0	0	0.36358	0.58053	0	0	0	0.02933	0	0	0.01578	0	0	0.13193	0.0971	0.76436	0	0.56602	0	0.07447	0.88272	0.22473	0.08613	0.01356	0.46848	0	0	0.1084	0.94444	0	0	0	0.19329	0.01242	0.24443	0	0.14354	0	0.0679	0	0.10634	0	0	0	0	0.05192	0	0.13652	0.0938	0	0	0	0	0	0	0	0	0.1176	0.67552	0.21025	0	0	0	0	0	0	0	0	0	0.22993	0	0	0	0	0.34177	0	0	0	0.29424	0	1.29401	0.44636	0.12088	0	0	0	0	0.08744	0.2509	0.14394	0.22417	0.53622	0.94064	0	0	1.19318	0.38788	0	0	0.73387	0	0	0	0	0	0	0	0.46777	0	0.37859	0.05217	0	0	0.06683	0.11196	0	0	0	0	0	0	0	0	0.36938	0	0	0	2.99188	0	0	0.04884	0	0	0.88951	0	0.00584	0	0	0	0.74911	0.60161	0	0.25076	0.02622	0	0	0.43293	0.06262	0	0	0.04308	0.20441	0.20358	0	0.0426	0.157	0	0	0	0	0	0	0	0	0	0.3421	0	0.2757	0	0.23075	0.82229	0.23958	0	0	0	0.14285	0.05738	0.46391	0.02614	0.12763	0.41452	0	0.52329	0	0	0.39343	0	0	0	0.02779	0	0	0	0	0.20663	0	0	0.09784	0.00782	0.28419	0	0	0.02382	0	0	0.30934	0	0.0943	0.0155	0.20796	0	0	0	0.02567	0.05516	0.05125	0.14901	0.00346	0.05581	0.13412	0	0.00056	4.79301	0.80037	0	0	0	0	0	0	0.21042	0.48183	0	0.36896	0	0	0.34237	0	0	0	0.1154	0.08286	0	0	0	0	0	0.04901	0	1.17529	0.02732	0.02826	0.3597	0	0.01297	0	0.61722	0.10229	0	0	0	0.09297	0	0.03989	0	0.05596	0	0	0.90654	0.44512	0	0	0	0.09424	0.34522	0.10259	0	0	0	0	0	0	0	0.25894	0	0.0885	0.27599	0.05792	0	0	0	0	0.22795	0.00784	0	0	0	0.55606	0	0	0	0	0.55638	0.273	0	0	0	0.51691	0	0	0	0	0	0	0	0.03439	0	0	0.03218	0	5.09275	0.12398	0.08691	0.01799	0	0.85287	4.6625	0.30842	0	0	0	3.59811	0.55492	0	0	0	0.18461	0.71338	0.1392	0	0	0	0	0	0.37424	0	0	0	0.06586	0	0.96189	0	0	0	0	1.3178	0	0.31995	0.18197	0	0.38325	0.08918	0	0	0	0	0	0.02926	0.95314	0.33156	0	0	0.04351	0	0	0	0.2594	0	0	0	0	0	2.28197	0	0.0376	0	0	0	0	0.25139	0	0	0	0.11824	0	0	0.0522	0	0.30094	0	0	0	0.10295	0.01709	2.39993	0	0	0	0	0	0	0	0
"Clostridium_sp_AT4"	0	0	0	0.03718	0.12739	0	0.01105	0.04889	0	0	0	0	0	0.02225	0.39274	0	2.49667	0	0.08644	0.06544	0	0	0.03406	0	0	0	0	0	0.0123	0.00646	0	0	0	0	0.07839	0	0	0	0.16768	0.14265	0.02076	0	0	0	0	0	0	0	0	0	0	0	0	0	0.05456	0	0	0	0	0	0	0	0	0.01883	0	0	0	0	0	0	0	0	0	0.00207	0.0134	0.07084	0	0	0	0	0	0.93105	1.31991	0	0	0	0	0	0	0	0	0	0	0	0.02534	0	0	0	0	0	0	0	0	0	0	0	0	0	0	0	0	0	0	0	0	0	0	0	0	0	0.01486	0	0	0	0	0.04365	0	0	0.59555	0	0	0.24434	0	0.01449	0	0.36859	1.19413	0.63252	0.02898	0	0	0	0	0	0.00563	0.05974	0	0	0	0	0.79333	0.02991	0	0	0	0	0.02015	0.07544	0	0	0	0	0	0	0	0.01342	0	0.00116	0	0	0.02877	0.05202	0	0	0	0.10216	0.1136	0.14495	0	0.09652	0	0	0.29346	0	0	0	0	0	0	0	0	0	0.18705	0	0	0.01284	0.03616	0	0.09686	0	0.7877	0	0	0.23286	0.06071	0.00112	0	0	0.06854	0	0.00935	0.01207	0	0	0	0.15154	0	0.02668	0	0.1205	0.78801	0.0101	0.12685	0	0.01132	0.06622	0	0.08194	0.00946	0	0	0	0	0	0	0	0	0	3e-04	0.19424	0	0	0	0	0	0	0	0	0	1.08671	0	0	0.31866	0	0.247	0.22595	0.00553	0	0.17901	0.04761	0.03316	0.20861	0.02044	0	0.22512	0	0	0.02433	0	0	0	0	0	0	0.25485	0	0	0	0	0	0	0	0	0	0	0	0	0	0.11731	0	0	0.01398	0	0	0	0.01313	0	0	0	0.01059	0	0.01012	0.00534	0	0	0	0.06694	0	0.08454	0	0	0	0	0	2.16709	0.39508	0.01547	0	0	0	0.04365	0.01985	0.48743	0	0.55282	0	0	0	0.08536	0	0	0	0.47769	0	0.01582	0.006	0	0	0	0	0	0	2.59289	0	0	0.09226	0	1.04192	0.03989	0	0.34626	0.72289	0	0.06947	0.10513	0	0.13322	0	0.549	0	0.28505	0	0	0	0	0	0	0	0	0	0	0.44852	0	0.07411	0	0	0	0.0012	0	0.13857	0.52032	0	0	0.00038	0	0	0	0.00122	0	0	0	0	0	0	0	0	0	0	0.23131	0	0.03114	0	0	0	0	0.01755	0.03044	0.07507	0	0.10625	0	0	0	0.01224	0	0	0.06481	0	0	0.00949	0	0	0	0	0	0	0	0.17342	0
"Lacrimispora_amygdalina"	0.25662	0.07613	0.17818	0.13885	0.14796	0	0.16577	0.52326	0.07658	0.19779	0.27001	0.23988	0.1265	0.11152	0	0	0.9199	0.93152	0.08629	0.1625	0	0	0.52483	0.22689	0	0.56575	0.0384	0	0.66456	0	0.1365	0.30902	0	0	0.16308	0.133	0.04822	0.06438	0.19692	0.1545	0.27088	0	0.22266	0.27201	0.373	0.07863	0	0	0.09229	0.0137	0.04774	0	0	0.4088	0.20102	0.10585	0.03264	0	0	0.01109	0.95512	0.16516	0.35384	0.17774	0.0055	0.15719	0.17702	0	0	0	0	0.00154	0	0.06739	0.06185	0.09775	0.07332	0	0	0.13748	0	0	0	0	0	0.1229	2.26961	0	0	0.24182	0.15745	0	0.01105	0.05128	0.23607	0	0.61567	0.54748	0.16943	0	0	0	0	0	0	0.15018	0.14235	0.80354	0.75894	0.07209	0.08203	0	0	0	0.30452	0.47258	0	0.38875	0	0.16025	0.15233	0	0.65251	0.69903	0.60233	0.80242	0.04605	0.03689	0.99282	0.3456	0.52537	1.32815	0	0.24341	0.06262	0	0.46729	0	0	0	1.07944	0.01029	0.23364	0	0.03075	0.48188	0.26155	0	0.09757	0.53868	0	0.02633	0.31788	0	0.52223	0.02012	0.24664	0.01118	0.30506	0.11355	0.26142	1.12045	0	0.15849	0	0	0.05628	0.25253	0.29894	0.20028	0.08363	0.12438	0	0.36969	0	0.98607	0.3577	0	0	0	0	0.82978	0	1.15171	0.01398	0.05626	0.18685	0.42507	1.17953	0	0	0.17939	0.24889	0	0.21568	0.07051	0.40803	0.2131	1.06537	0.69833	0.70281	0.17015	0	0	0.08369	0.03275	0.0479	0.08212	0.57123	0.0724	0.06368	0.27612	0.43442	0.05357	0	0.11093	0	0	0.21949	0.13972	0	0	0	0.14307	0.16536	0.07837	0	0.1641	0.11439	0.1666	0.12704	0.06384	0.04475	0	0.04424	0.25784	0.03571	0.00465	0.57665	0.37514	0.08123	0	0	0.01424	0.07663	0.70743	0.12102	0.64206	0	0.16836	0	0.00123	0.07795	0	0.35251	0.0329	0.10634	0.02445	0.03941	0	0.77412	0.27185	0	0.00207	0.14505	0.10227	0.15802	0.26898	0.48557	0.02652	0	0.42387	0.12591	0.57639	0	0.25052	0.01444	0.41992	0.41011	0.18522	0	0.17998	0.49637	0.10253	0.03542	0.20378	0.36067	0.51687	0.01859	0.14795	0.30584	0.02806	0.00301	0	0.13079	0.19112	0.55019	0	0	0.29124	0	0.30715	0.48189	0.16026	0.50461	0.18865	0.7155	0	0.28806	0.03512	0.09825	0	0	1.46628	0	0.29093	0.27165	0.40076	0.60113	0.39949	0.31025	0.18887	0	0.31873	0	0	0	0.37721	0	0	0	0.14377	0	0	0.01035	0.3367	0.04876	0.17021	0.20091	0.00295	0	0	0	0.48037	0.28119	0.60766	1.13115	0	0.26527	0.25698	0.34435	0	0.31315	0.66445	0.27117	0	0	0.52414	0.63553	0.46441	0.37321	0	0.87074	0.24898	0.08121	0.06553	0.66647	0	0	0.46433	0	0	0.00485	0.02263	0.12393	0	0.00109	0	0.3211	0	0	0	0	0	0	0.08481	0.00847	0.34161	0.28593	0	0	0	0.35822	0.50927	0.33929	0	0.49091	0	0	0	0	0	0.06147	0	0.06123	0.0188	0.08644	0	0.01411	0.50099	0	0	0.13665	0.00566	0.43012	0	0.44241	0	0.21046	0.22718	0	0	1.44834	0.54796	0.75078	0	0	0	1.79507
"Bifidobacterium_longum"	1.25904	1.40233	2.9842	1.16998	1.77435	0.83507	2.88824	3.06598	0.45032	0.9409	0.65532	0.90623	3.64113	1.08141	4.31277	1.32152	2.61424	7.08602	1.26039	1.62885	0.86803	1.83745	4.86668	0.14909	0.48794	1.72023	0.5029	9.8997	0.19643	0.99353	2.33528	1.9447	0.87745	1.36735	0.01692	3.80472	0.04391	0.75736	2.05678	2.82045	1.37942	3.10523	1.38398	1.01679	0.32848	0.97252	3.27063	0.98328	0.95751	0.4547	1.1021	2.96366	6.4805	1.78892	1.09866	0.84773	1.06508	1.48851	8.93472	1.33312	10.13243	0.0045	0.98646	2.12886	4.63236	5.77875	5.95221	16.39335	21.92913	16.68959	43.04809	0	0	1.13919	3.24903	3.19247	6.33976	0.8844	0.94046	0.77483	1.23028	13.76498	6.18942	8.90372	0	0.61186	3.45299	17.20756	2.08834	1.89294	0.70967	0	0	0.64626	0.68856	1.4938	0.8775	0.27196	0.08031	1.51571	1.05917	5.24087	1.93341	1.67358	1.37174	0.27138	0.34636	0.59304	0.5516	10.9287	2.34755	1.5313	3.88483	0.63877	1.02567	1.8883	3.53708	2.99867	3.76939	1.40701	1.90369	2.12985	2.10831	1.13351	0.55195	2.21605	2.9357	3.95832	1.88904	0.25428	0.52952	1.1303	1.75192	2.93425	0	1.80421	1.02888	3.51042	0.88525	2.37037	4.03626	1.78424	3.35216	0.16475	0.20543	7.94356	4.44688	15.28646	1.18171	3.641	7.5935	1.51486	4.61968	4.4198	1.39663	8.70018	1.09833	2.37396	0.27408	2.10601	6.30316	1.6673	2.88358	0.15658	8.3337	12.57491	4.25599	1.09189	2.73984	0.70077	1.3898	3.78477	4.88712	2.39512	11.9125	0	2.35162	7.66399	1.80116	4.88609	4.171	2.92492	3.94773	2.33515	4.76793	6.36749	8.57115	3.07641	5.22212	3.84806	6.5561	0.28391	14.559	7.32996	5.95019	0.42487	0.44931	2.89446	0.20081	1.8698	0.20894	1.45455	4.10216	1.00235	0.63929	1.18755	0.88436	6.72588	0.13235	1.87447	0.6755	0.33971	0.75847	0.05213	2.56	0.23421	6.32432	1.51487	1.17709	2.46322	2.12128	4.93347	2.49835	0.55683	4.70213	5.27989	5.88457	20.89599	0.68075	1.06294	1.1802	1.38043	10.68805	2.34873	3.93207	3.77554	1.4085	7.10561	4.54198	7.43206	2.81541	2.87626	1.41587	3.10662	0.20415	1.63158	1.42556	0.31704	2.18	1.08248	0.98567	1.39293	0.26053	1.88492	1.51471	9.13626	0.33701	1.64862	0.34152	10.57708	0	0	2.37133	0.15882	5.2069	0.96597	4.48788	1.48651	0.78373	3.59137	3.79173	0.19708	0.67569	1.87687	2.03917	3.5704	1.27365	2.04615	1.59639	0.18966	1.89127	0.78856	2.55175	2.38412	0	0.94049	0.32863	0.8629	4.11835	1.11615	5.4193	3.55558	4.0857	2.31254	0.32052	1.80379	2.07345	4.67891	5.22322	3.44842	0	4.2033	0.68331	0.56002	3.66417	0.58288	0.97653	7.55408	0.89262	10.00378	1.47169	1.14483	4.4677	2.28423	3.10121	0.75384	1.13002	0.42936	1.55141	1.17275	3.73866	1.03356	1.24685	1.15036	15.98518	0.2927	3.01231	5.16181	4.1336	0.41761	0	0	6.54228	1.26051	2.78086	2.70573	0.54414	0.07869	0.31909	0.29473	1.00733	0.82823	0.36284	0.43848	7.90045	2.74566	1.10748	0.699	1.96486	0.48269	4.80513	1.16361	3.26356	0.67209	3.71127	7.32909	0.65238	0.24773	1.23753	4.4596	0.27985	0	2.18892	9.53311	0.32438	2.05569	0.10419	0	0	0.50855	1.95686	0.27468	3.03361	0.92946	0.23595	0.35476	0.327	4.45504	0	0.56091	24.83361	9.90083	0.89734	0.63684	0	1.40935	23.76816	1.48025	3.8163	42.10585	0	18.82772	3.50484	0.57825	1.06513	6.59609	3.16443	3.96093	3.51121	0	1.14837	0	1.94989	2.18453	3.65442	1.72563	1.0722	0	0.54571	3.94421	3.31184	5.0943	1.58343	5.004	0	17.88528	5.3255	0	0.91261	5.74904	1.31969	5.25203	0.47741	10.50684	4.12942	1.48736	0	3.80792	4.99635
"Bacteroides_intestinalis"	0	0.01119	0	0	0	0	0	0	1.60385	0	0	0	0	0	0	0	0	0	0.0175	0	0	0	0	0	0	0	0.0708	0	1.78359	0.24263	0	0	0	0	0	0	0	0.03593	0	0.08734	0.01961	0	0	0	0	0	0	0	0.17793	0.10182	0.55885	0	0	0.47909	0.1773	0	0	0	0	0	0	0	0	0	2.23522	0	0	0	0	0	0	0	0	0.00841	0.00113	0.15508	0	0	0	0	0.03588	0	0	0	0	0	0	0	0	0	0.32848	0	0	0.06331	0	0	0	0	0.05728	0	0	0	0	0	0	0	0	0	0	0	0	0	0	4.0597	0.26122	0	0	0	0	0	0	0	0	0	0	0	0	0	0	0	0	0.01286	0	0	0	0	0	0	0	0	0	0.38778	0	0	0	0.00048	0	0	0.09764	0	0	0	0.00134	0	1.6232	0	1.06102	0	0	0	0	0.49871	0	0.01678	0	0	0	0	0	1.08208	0	0	0	0	0	0	0	0	0	0	0	0	0	0	0	0	0	0	0	0	0	0.0297	0	0	0	0.55127	0	0	0	0.09432	0	0.10353	0.46806	0	0.71799	0	4.25055	0	0	0	0.00055	0	0	0.1624	0.50012	0.17266	0	0	0	0.54782	0	0	0	0	0	0	0	0	0	0.07528	0	0	0	0	0	0.0093	0	0	0	0.0378	0	0	0.77994	0	0	0	1.88327	0	0	0.01652	0	0	0	0	0	0	0	0	0.13319	0	0	0	0	0	0	0	0	6.18337	0.25712	0	0	0	0.01681	0.03455	0	0	0	0.79386	0	0.08038	0	0	0.01122	0	0.02172	0	0	0.79806	0	0	0	0	0	0	0	0	0	0	0	0	0	0	0	0	0.11051	0	0	0	0.15395	0	0	0	0.9783	0	0	2.30185	3.6909	2.40349	1.56869	0	0	0	0	0.9769	0	0.45088	0	0	0	0	0	0	0	0	0.21513	0.00914	0	1.74169	0	0	0	0	0	0.09617	0	0	0	0	0	0	0	0	0.02966	0	0	0	0	0	0	0	0.01873	0	0	0	0	0	0	0	0	0	0	0	1.38082	0.00192	0	0	0	0.48452	0	0	0	0	0	0.21503	0	0	0	0	0.1963	0	0	0	0	0	0	0.54758	0	0	0	0	0	0	0	0.14026	0	0	0	0	0.37189	0	0	0	0	4.96635	5.01893	0	2.21851	0	0.06874	0	0	0	0.00247	0	0	0	0	0	0
"Bacteroides_thetaiotaomicron"	0.72976	1.03803	2.77828	4.13106	3.28686	0.04941	0.49282	3.91792	0.92684	0.21684	2.54308	0.79608	2.83895	5.57564	3.39311	4.38044	0	0	0.45266	0.44694	0	0	1.66022	0	0.009	0	0.02876	0.38178	0.81153	0.24612	4.69673	1.06938	2.61722	0	0.65943	0.1023	6.27764	2.77978	1.56054	0.54124	0.75715	0	0	0.15588	3.56149	0	0	0	1.20554	0.96829	0.82568	2.35495	2.5594	0.40274	2.26323	0.31962	0	0	0	0.27801	0.48078	0.04556	0.02047	0.99348	0.3881	0.81214	0	0	0	0.13456	0.19178	11.76245	8.83627	2.56433	1.25788	1.44136	0	0	0	0.01782	0.51703	0	0	0	0	0.53233	0	0	0	0.23389	1.32947	0	0	0.09916	0.28513	0	1.10735	2.54777	0.12527	2.21577	6.85924	0	0.6515	4.29075	12.62685	0.27091	0.132	3.08086	2.36671	0.9637	1.94081	1.1233	0.74745	0.99216	1.49031	3.4935	2.72379	0	0	1.59843	0.88622	1.19414	0	0.2903	0	0.4996	0.8925	0.34842	2.2256	0.83084	1.98233	0.50035	0	0.13577	2.13616	0.21283	1.06946	1.72828	3.02258	0.9622	0.8539	0.42225	0.7892	0.00658	0.49857	1.23989	0.73189	0.4462	0.60455	0.7581	0	0.79865	0.10548	1.85245	0.69902	0.47169	1.16526	0.98006	6.09791	0.53439	0.29554	2.38469	0.697	0.1134	6.28535	0.30373	2.01655	0.19669	0.59403	0.42625	2.72163	0.35153	0	0.96149	1.72549	0	0.98812	0.3549	0.40106	1.71103	1.79935	0.87259	2.45774	1.15979	0.62256	0.14196	0.24149	0.20184	7.27648	2.66034	0.09692	0.18335	1.94842	2.32511	2.03837	0.18113	0.56612	3.69904	2.84973	1.25517	8.46985	0.90018	0.1925	0	0.40728	0.69481	1.39744	1.41042	0.84867	1.28945	0.0338	0.46318	0.33937	0.50301	0.02869	2.04037	1.95298	0.25143	0.72574	1.69292	0.03829	2.07823	4.35686	0.49766	1.43124	2.39917	0.87613	0.10621	0.73357	0.33246	0.20233	0.14748	0.21651	0.11216	0.94651	0.03541	0.1013	0.10375	0.05086	4.47981	3.63401	0.9025	1.46298	1.71102	0.23285	0	1.16046	0.24426	0.00969	0.40985	5.24845	0.2738	2.04778	1.09559	0.54684	0	0.50316	0.18725	0.63234	3.19919	1.10983	0.44559	0.30003	0	0.45115	0.52563	0.38452	1.14609	0.27244	2.26456	1.05942	0.95165	0.57379	0.73202	0	3.93182	0.57155	1.48798	0.72108	0.36347	8.2835	6.54834	0.31394	0.22447	0.12283	0.92612	0.68325	3.19044	0.00763	0.40918	0.74158	0.54383	1.07865	0.3574	0.16332	0.15948	0.9038	0.90525	1.6471	0.82511	3.58279	0.23298	2.58531	0.50891	1.53662	1.70358	4.43846	0.01714	0	0.82892	0.55459	0.83918	1.38972	5.37539	7.83236	0.64009	1.49245	3.07495	0.44246	0.52445	2.39583	0	4.8104	1.02085	0.03986	3.71132	1.03474	0.47666	0	3.09864	3.23366	0.06382	0.25216	2.83494	0.29746	0.12275	0.15012	0.70588	0	0	3.0481	0.88973	2.22206	0.4835	0.11565	0.81158	0	17.19469	0.13476	0.31546	0.10073	1.38921	1.53916	4.85204	1.71864	3.15701	6.50272	0	0.7793	0	8.72948	0.72836	0	0.3733	0.00899	1.3755	1.2257	2.16251	25.59183	2.31136	6.95563	4.58523	0.54838	4.75775	0.5556	1.47364	3.33775	0.69816	0.03379	9.25054	0.07448	0.52478	2.70753	0.73625	1.97399	0.93201	0	0	0.46632	0	1.04335	0.43382	1.61472	1.19836	1.50004	0.60439	2.99208	5.68894	0.98836	5.94361	1.92611	0	0.70982	0	0.58784	0.55879	0	6.16002	0.29761	0.28576	5.36209	2.77345	0	3.99025	0.99668	3.17164	0.56946	0	0.14637	0.03859	2.11712	0.40767	2.14887	0	12.82173	0	3.10222	2.38215	4.29089
"Clostridiaceae_bacterium"	0.94071	0.19958	0.6024	0.65186	0.31986	0.23808	0.77685	2.44278	0.30652	0.33198	0	0.20888	0.54881	0.18364	0.75631	0	0.29766	0	0.41766	0.67457	0	0	0.93051	0.03848	0.17751	0.78523	0.29347	0	0.33982	1.08146	0.33695	0.33029	0.52468	0.31244	0.05946	0.04319	1.45203	0.37586	1.10126	0.36105	0.24455	0	0	0.26219	0.79457	0	0.21776	1.28557	0.29682	0.11801	0.95091	0.21373	0.03107	0.30979	0.14848	0.02356	0.03542	0.01494	0	0.00576	0.16515	0.00348	0	0.20229	1.51254	0.34569	0.06899	0.0627	1.40253	0.20693	0.01107	0.63934	0	0.37994	0.43541	0.4042	0.29489	1.90727	0	0.06075	0.01759	0.5095	0.05671	0.01519	0	0.45764	0.53318	0	0.17183	0.07601	0.1272	0	0.33614	0.17806	0.27116	0	0.55825	1.06759	0.20336	1.17019	0.52169	0.0395	0.5295	0.02224	0.25955	0.68366	0.20658	0.20828	0.53649	0.01765	0.86655	0.75777	0.47721	0.26692	0.49365	0.3807	0	0.00637	0.16756	0.46258	0.0584	0	0.36466	0	0.69103	0.48607	0.01895	0.02781	0.16867	0.64171	0.41551	0.14451	0.11932	0.52063	2.19124	0	0.00897	0	1.62806	2.14977	0.11231	0.00416	0.78355	0.13626	0.06764	0.15541	0.82407	0.00902	0.02064	1.2917	0.02457	0.09843	0.16965	0	0.26671	0.08431	0.38216	0	0.60751	0.44843	0.6285	0.42273	0.46015	0.15051	0.09402	0.06783	0.00217	0.24225	0.15958	1.42687	0.39499	0.92264	0.33687	0.87419	0.15841	2.92713	1.12126	0.23618	0.06422	0.33316	0	0.06529	2.02229	1.36652	0.5511	0	0.05092	0.02135	0.27759	0.89702	0.56083	0.70535	0.69408	0	0	0.2843	0.02469	0.23295	0.55154	0.49066	0	0.82363	0.15989	0.06007	0.10892	0.01727	0.3062	0.29591	0.48453	2.42558	0.62271	0.07968	0.22066	0.44256	0.02489	1.61455	0.86366	0.58097	0.52114	0.76564	1.52543	0	0	0.49114	0.13341	0	0.59211	0.0014	0.78698	0.26783	0.46854	0.08111	0.61335	0.02815	0.19907	0.38007	0.76345	0.13602	0	0	0.56428	0.74542	1.99244	0.65362	0.31581	0.64357	0.26561	0.01105	0.79017	0.44502	0.18514	0.59994	0.01906	0.87822	0.77765	0.53867	0.71648	0.24783	0.41846	0.27614	0.90589	0.25047	1.01675	0	0.40315	0.22524	0.37994	0.16772	0.70126	0.05496	0.20114	0.00902	1.38438	1.03873	0.23737	0.92135	1.14935	0.87982	0.51431	0.88221	0	0	0.4522	0.59179	0.02368	0.12042	0.36957	0.53866	0.1334	0.82645	0.072	0.09573	0.05792	0.23475	0.02286	0.48462	0.50194	0.2054	0.02621	0.71353	0.2679	0.03855	0.89355	0.16525	0	1.34415	2.80008	0.8137	1.39079	0.07021	0.1225	0.4492	0.03896	0.6328	0	0.53051	0.66141	2.50684	0.59964	1.0422	0.25449	0.54214	2.69419	0.29871	1.09348	0	1.07027	0.34007	0.49572	0.27676	0	0.12307	0.02847	0.81209	0.10453	0.8002	0	0.67863	0.96396	0.29178	0.08929	2.65967	0	0.7964	0.1201	0.66943	1.37671	0	0.19769	0.14437	0.04853	0	1.24881	0.80553	0.0078	0.54798	0.72858	0.22995	1.17933	0.68923	1.61382	0	0.55011	1.50478	0.51212	1.32653	0.97953	0.65356	0	0.88709	0.22525	0.31886	0	0.94929	0.14948	0.53055	0.57496	0.27932	0	0.50589	0.03223	0	0.57115	0.71259	2.0315	0.8679	0.05416	0.77759	0.58696	0.39933	0.41396	0	1.0423	0.44518	1.77598	0.06126	0.50853	0	0.0616	0	0.50966	0	0	0.22326	1.04053	0.52798	0.27666	1.12485	0.04908	0.33604	0	0.03689	0.0148	0.7326	0.2177	0	0.09285	0	0.2373	0.09095	0	0	0.56864	0.68206	1.14646	3.41664	1.59588	1.04017	0.43683
"Ruminococcus_torques"	3.28895	5.75028	1.22918	0.01363	0.04205	0.15535	1.35027	1.14141	1.32748	0.88337	3.83393	0.31804	1.07621	1.52374	0.1129	0.00359	0.34783	0	0.35063	0.42242	0.04951	0.43931	0.06379	0.8433	0.37367	0	1.3562	0	1.14167	0.39723	0.57509	0.06356	0.62143	0.44497	0.66646	0.79282	0.06154	0.88531	1.15653	0.36599	1.36044	0	0.56698	0.25287	0.01049	0	0	0	0.41991	0.19879	0.89247	0.78736	0.70902	0.17491	1.95936	0.93141	0.03998	0.10655	0.541	1.82291	1.26351	1.00829	2.02134	0.19928	0.32421	2.15382	0.66315	0.61776	0.10145	0	1.01224	0.40228	1.7171	1.57154	1.42152	1.36886	1.02197	2.42273	0	0.21623	0.49113	0.14341	0.37214	0.06946	0	0.1119	0	1.95924	0.10547	2.75079	2.3542	0	0.24097	0.93734	0.32076	0	3.16646	0.55092	0.20776	2.97917	1.62019	0.524	0.81614	2.17508	1.7093	0.10888	0.28636	1.33319	0.14154	0.62546	2.79245	0.93862	0	0.10519	0.63889	0	0	1.36237	0.60293	0.36917	1.55602	0.46457	0.6359	5.52167	0.2731	0.57578	0.72289	0.87697	0.85154	0.70564	1.51184	0	0.02536	2.15917	3.07699	1.44406	0	0	0.59863	1.93068	2.02249	0.16813	0.92922	0.16211	0.34605	0.04323	3.59004	0	0.58272	0	0.49372	1.19581	0.03166	0.00047	0.04943	0.96492	1.40029	1.02429	3.70907	0	0	0.19751	0.64244	0.32628	1.63756	1.56267	0	0.52873	2.32367	1.57998	0.67688	0.06738	1.60327	0.0749	0	0.19203	0.82096	0.51973	0.05279	0	0.20602	0.1668	6.49353	2.02962	0.00382	0.56116	0.57404	3.59214	3.33665	0.40752	0.54365	0.31471	0.25467	0.13955	0	1.23438	0.05774	4.08262	1.92959	0	0	1.5678	2.20645	0	5.02883	1.8849	0.81747	1.1616	1.7142	1.06654	1.50213	0.62391	0.64814	1.49025	1.91885	0.3847	3.72067	0	3.14648	1.09025	0.09821	0.17473	0.11588	0.68615	0.02204	0.37583	0.30451	0.83025	1.16106	0.77811	0.00601	1.4335	0.32673	3.0447	1.13247	2.59579	0.18251	2.62933	11.34937	6.89089	0	0	0	0.57119	2.06483	0.93633	0.34975	0.08382	0.20862	1.13353	0	0.5644	0	1.24108	0.14021	4.0096	0.51121	0.01749	0.29237	1.25884	0	0.9217	1.15841	0	0	0.3944	1.29305	0.88114	0.88649	0.01436	0	0.08385	1.46027	1.89007	0.08711	3.4754	0.0074	1.45865	0.18674	1.11861	0.47109	0.43208	0.04478	1.29986	0.06097	0.14307	0	0.85975	6.6448	5.63924	0.03884	0.29589	2.26232	0.78051	0.02768	0.26621	0.95137	0.05063	0.74565	5.07627	2.61427	0	0	0.62809	0	0.12346	0.88128	1.31975	1.76471	0.77591	0.34756	0.00527	1.08963	1.8579	0	8.23751	1.72613	0.47315	0.01545	0.4144	4.44568	0.71967	3.70544	1.02975	0.6446	0	1.0166	0.19948	1.84422	0.55192	0.40408	0.07194	0	0	0.65869	0.60006	0.41374	0.41286	1.32581	0.38171	0.3746	0	3.75135	0.13332	0	0.05486	0	0.50435	0.66097	0.0945	1.80834	0.01773	2.32581	0.04471	0.1165	0.40533	1.2854	1.87898	0.38705	1.10258	1.22663	1.64604	0.67316	1.46855	0.9123	0.43847	0.54926	4.78691	0	0.47584	5.92766	0	5.73064	0.46617	0.35937	1.96622	0.07171	0.19574	0	1.65562	0	0	3.21397	0.97716	2.91653	2.14908	0.01902	0.03554	2.77057	0	2.64043	0	1.05617	0.33021	0	0.72556	3.80277	0	0.27986	0	5.05032	0	0	4.91588	0	2.5412	0	0	1.41851	0.73268	0.05831	8.90705	0	0	3.06666	0	1.82482	0	0.55784	0.66829	0	0.79139	8.40809	0.16488	1.0359	0.0873	0	11.38322	0
"Ruminococcus_gnavus"	1.24664	0.88115	0.04009	0.22588	0.2111	0.27452	0.04124	0.03347	0.06474	3.16632	3.55425	0.13689	0.95194	0.47509	0.75309	0.74951	2.65076	7.31923	0.09551	0.0414	4.25007	15.2329	0.47074	0.00785	0.00531	1.61608	0.00667	3.45432	0.0423	0.01963	0.7795	0.2683	0.08108	0.09816	0.21304	0	0	0.12032	1.09551	0.83158	0.77702	3.25076	0.34323	0.09176	0.21923	0	0.40221	1.54387	0.00163	0	0	1.25957	0.85229	0.42349	2.3521	0.1589	0	2.43376	3.57645	0.10178	1.65205	0.12361	0.28685	0.16472	0.34778	2.98691	1.74976	0.61684	2.81198	0	0.01819	0.85181	2.8992	1.69545	0.90862	1.3963	3.80079	0.24516	2.24497	0.00543	0	2.73434	9.18023	4.57781	0	0.51343	3.50023	3.11238	0	0.1204	0.1093	10.71603	4.47795	0.00486	0.02468	1.70086	4.09289	0.00639	0.00074	0.57675	2.14399	0.19373	1.39024	0.25671	0.17119	0.04407	0.00302	0.17329	0.33454	2.69678	0.19717	1.26962	3.62545	0.17935	0	0.30265	0.74288	0.22249	2.21001	0.13737	0.01458	0.63063	0.2323	0.75551	1.79915	0.36165	0.06541	2.9948	3.7086	0.07328	0.24745	2.04911	7.24394	0.02366	2.36231	0.58528	1.38056	1.97451	1.21831	0.78623	0.7519	0.51726	0.01112	0.33043	0.57097	1.00936	0.32369	1.76611	0	4.20814	9.486	3.20804	0.87307	4.84071	0.23618	1.35534	0.27907	0.76501	0.38915	0.11332	2.49369	1.99526	0.30987	0	0.19685	1.60171	1.06574	0.07907	1.09802	0.03023	1.72038	1.04792	2.56935	0.52287	2.8924	0.29426	1.6019	1.01667	0.23855	0.35022	10.47632	0.04375	1.88763	0.6356	3.68463	0	1.04499	5.49212	0.99526	2.69015	0	0.00178	0.07011	2.48747	0.93832	0.0973	3.06788	0.63999	2.19931	0.37252	2.79652	0.40199	0	1.29866	0.00119	0.42873	0.29128	0.31787	0.02482	0.99074	0.39397	0.02142	0.06375	0	2.28272	0.47521	1.90088	0.09687	0.03361	0.32578	3.00772	0.23675	0.84083	0.02383	1.83937	0.12441	2.89036	2.33325	0.01887	0.28695	0.38562	0.03406	0.17274	0.16028	0.01096	0.00982	0.04446	0.06256	0.29558	0.46486	0.56453	0.75476	0.41225	0.31706	0	2.49879	0.24754	0	0.37338	3.0431	0.60831	0.0403	1.96026	1.06149	1.10123	0.45411	0.2687	0.00427	0.86318	3.43135	6.21939	0.09709	0	0.43013	1.25406	0.24993	0.02731	0.17105	0.18043	3.21243	0.20336	0.0058	0.00317	0.20188	1.02448	0.36685	1.33248	0.18564	1.3511	0.00325	0.27216	0.71008	0.26601	0.25354	0	1.02916	0.52332	0.92364	0.50532	2.32575	0.84874	0.1415	0.57344	0.01806	1.74599	0.50153	0.73742	0.97961	0.88121	1.96271	13.01435	1.57919	0.56308	0	1.19455	0.51827	0.32748	0.39626	0.77743	1.27908	0.03662	0.47725	0.10107	2.019	2.36387	2.38309	0.11299	1.00683	0.00213	0.08917	3.38053	0.03831	8.68135	0.09994	8.06897	3.95585	0.71947	0.26852	0.04189	2.02526	2.58484	0	0.43971	0.08577	0	0.02096	2.4475	0.00573	0.12283	0	3.10666	0.86422	2.42418	0.12374	1.77671	1.39986	3.00584	2.75554	0.24615	0	0.09788	1.62671	0.77585	0.67771	0.44746	0.89988	1.41809	0.92142	1.26346	0.68237	0.51405	32.99268	6.61461	1.98008	0	0.48615	0.03272	0.71682	2.24364	3.24538	2.11498	1.33941	0.18274	0.06094	0.10997	2.31628	0.03651	0.50505	5.49096	2.7074	4.4012	10.2798	3.83584	2.91268	0.16772	0.13236	0	2.47435	0.7994	9.13068	3.94305	10.63921	0	0.18706	1.13587	0.21901	0.04033	6.32376	3.10799	4.70918	0.77827	5.74953	2.31969	6.77786	1.14641	0.80613	0.00998	0.51414	0.07692	1.36268	14.77775	2.11932	0.30887	3.55066	0.54258	0.00492	0.62461	7.883	0.0065	0.02068	3.25822	3.39615	0.02988	1.47179	1.37944	0.15772	0.76602	1.90421	1.77654
"Streptococcus_salivarius"	0.08916	0.06605	0.18217	0.0891	0.1604	1.25216	0.07692	0.04919	0.02332	0.81183	0.05033	0.45899	0.07757	0.10114	0.11524	0.89453	0.01913	0.21614	0.09996	0.36298	0.24783	0.10389	0.08788	2.1292	0.12435	0.19021	0.00714	0.11026	0.49013	0.18721	0.04569	0.1813	0.11142	0.26066	0.00809	0.02246	0.4813	0.01307	0.17818	0.36356	0.23139	0.10966	0.31817	0.33406	0.01433	1.49981	0.0475	0.15173	0.08703	0.11791	0.20349	0.04707	0.07828	0.42981	0.00968	0.34364	1.67518	0.37998	0.90594	0.06295	0.13328	0.08167	0.20028	0.17168	0.14164	0.47044	0.17064	0.06252	0.02543	0.03789	0.04821	0.00548	0.05377	0.32131	0.06767	0.23168	1.36437	0.12821	0.01929	0.35419	0	0.1452	0.13511	0.22611	0.12063	0.06616	0.15786	0	0.07939	0.68272	2.04121	0.12904	0.21323	0.20767	0.02377	0.0411	2.06717	0.16094	0.07942	0.87942	0.17732	0.09016	0.07635	0.34317	1.04613	0.11166	0.65454	0.02805	0.09133	0.04612	0.09421	0.48282	0.01088	0.02904	0.49327	0.10223	0.02818	0.03932	0.05555	0.20791	0.06358	0.15125	0.03666	0.10371	0.02795	0.12284	0.08869	0.78013	1.64299	0.06446	0.25011	0.20291	0.57688	0.10234	0.02729	0.30952	0.19354	0.42365	0.37495	0.1795	0.01353	0.30697	0.05007	0.05445	0.12372	0.0084	0.4271	0.05619	0.26544	0.5957	0.25664	0.07487	0.35334	0.02519	0.046	0.36929	0.10609	0.25214	0.10272	0.38998	0.45592	0.02088	0.64136	0.17312	0.07184	1.29808	0.48069	0.49779	0.0725	0.11962	0.13938	0.49583	0	0.02994	0.32864	0.13722	0.17076	0.1563	0.04312	0.13293	0.25276	0	1.30063	0.54468	0.1725	0.50795	0.73094	0.33493	0.15182	0.007	0.18045	0.23522	0.14746	0.02897	0.34812	0.48142	1.08407	0.15263	0.04836	0.17921	0.9353	0.05827	0.71086	0.0324	0.30602	0.14906	0.56176	0.1114	0.24714	0.19035	0.09148	0.0965	0.16609	0.91073	0.11635	0.11966	0.58715	0.13069	0.05682	0.30452	0.39581	0.10782	0.55891	0.19208	0.29644	0	0.02337	0.04992	0.12233	0.07071	0.09081	0.17827	0.07541	0.15096	0.2861	0.24422	0.24368	0.24295	0.66895	0.40198	0.22498	0.21062	0.1476	0.15595	0.12224	0.31472	0.06728	0.46513	0.15141	0.25257	0.36205	0.04862	0.45857	0.17387	0.24948	0.27872	0.05634	0.71143	0.00139	0.05889	0.69802	0.04424	0.12136	2.2028	0.45897	0.29704	0.17615	0.06054	0.15971	0.05173	0.09403	0.0136	0.05873	0.46817	1.84404	0.27127	0.04556	0.14368	0.35374	0.20407	0.18005	0.32386	0.75947	0.30551	0.02471	0.59013	0.24442	1.32012	1.48446	0.06107	0.47493	0.49455	0.4016	0.18218	0.0496	0.28957	0.06075	0.23867	0.29241	0.12251	0.06906	0.11004	0.64038	0.05778	0.54611	0.20451	1.87841	0.84577	0.32461	0.45901	0.30468	0.13428	0.81236	0.64314	0.27265	1.32899	0.18868	0.13251	0.4107	0.07042	0.3782	0.39494	0.00055	0.10226	0	0.2499	0.03427	0.05894	0.08449	0.06211	0.13319	0.8789	0.01246	0.08544	0.19085	0.24506	0.31691	0.09976	0.4823	0.04793	1.27728	0.05957	0.75754	0.45316	0.23713	0.36606	0.02259	0.05452	0.01872	0.70943	1.83617	0.05346	0.0161	0.27635	0.96145	0.15184	0.34109	0.18292	0.0234	0.30429	0.09556	0.20463	0.19269	0.41168	0.38696	0.3224	0.06526	0.07837	0.11647	0.12733	0.42913	0.03868	0.06258	0.0069	0.14709	0.08774	0.16658	0.25916	0.39838	0.06539	0.28404	1.71803	0.05921	0.09408	1.09221	0.01877	0.57652	0.05203	0.68239	0.26259	0.07546	0.26932	0.09656	0.18863	0.46225	0.3504	0.16591	1.0182	0.0897	0.19611	0.55	0.03669	0.2208	0.15132	0.09174	0.05639	0.04094	0.17159	0.10871	0.06469	0.55732	0.04226	0.36851	0.28149	0.12965	1.66937	0.00476	0.01671	0.21005	0.11161	0.86532	0.42094	0.34803	1.87757	0.40385	0.09335	0.40693	0.0717	0.25818
"Blautia_faecis"	0.4512	0.58624	0.20737	0.22852	0.28663	0.18011	0.28344	0.88836	0.35841	0.14389	0.65526	0.07266	0.31624	0.10468	0	0.1053	0.16835	0	0.23535	0.19873	1.00107	0.01704	0.21353	0.08351	0.39459	0	0.24383	0	0.57241	0.57077	0.07889	0.19723	0.24164	1.01045	0.14956	0.11294	1.18835	0.31751	0.3333	0.30814	0.16874	0	0.03328	1.35531	0.29883	0	0.13519	0.52477	0.18789	0.19519	0.23646	0	0.64242	0.3426	0.10857	0.05083	0.03989	0.13149	0.01024	0.11344	0.39838	0.14568	0.04506	0.24755	0.63561	0	0	0	0	0	0.07483	0	0	0.47834	0.20895	0.15502	0.10727	0.61198	0	0.08207	0.19359	0	0	0	0	0.82193	0.67607	0	0.2659	1.14507	0.89819	0	0.07041	0.36635	0.2573	0	0	0.27137	0.22305	0.48269	0.50439	0.3618	0.1346	1.76122	1.48595	0.26035	0.10654	0.48524	0.32252	0.10479	0.15254	0.34053	0.34951	0.53929	0.37467	0.28123	0	1.13463	3.58764	0.82496	1.41917	0	1.50493	0	0.52879	0.3022	0.18069	0.55766	0.05209	4.28267	0.67732	0	0	0.1247	0.25646	0	0.17901	0.26552	0.80515	0.5024	0.31831	0.09968	1.05237	0.24	0.00839	0	0.66016	0	0.67289	0.30878	0.16359	1.7503	0.41692	0	0.74601	0.20326	1.30076	0.81075	0.51854	0.7026	0.53096	0.28329	0.46466	0.25818	0.20341	0	3.6065	0.44244	0.54579	3.73415	0.85329	0.15404	0.88117	1.54819	0	0.2011	0.54579	1.33296	0	0	0	0.64281	1.4908	1.19241	1.81234	0.15297	0.69411	0.11789	2.31717	0	0.60547	1.31576	0.24261	0.20391	0.46969	0.73847	0.11985	0.85196	0.31012	0.33371	0	0.83059	0.241	1.03218	0.21789	0.54558	1.77543	0.60941	0.3135	1.29867	0.52227	0.89593	0.41097	0.31775	0.28075	0.7908	0.45416	0.22057	0.80165	0.87755	0.40795	0	0	0.38486	0.66515	0.24044	0.39857	0	0.76731	0.39492	0.03337	0.25073	0.38598	0	0.23313	0.66977	0.954	0.36157	0.08265	0.82056	0	0.25642	0.68686	1.20803	1.17601	0	0.18534	0.10373	0.09868	0.61581	0.36257	0.03251	0.61579	0.14318	0.72896	0.5134	0.83818	0.85071	0.23598	0	1.27003	0.39816	1.01202	0	0.1249	0.10326	0.15958	0.28791	0.10022	0.05093	0.61306	0.3355	0.28146	0.58686	0.22135	0.45631	0.56834	0.45014	0.53833	0.18799	0.03505	0.22784	0.3609	0.4235	0.05731	0.2004	0.1462	0.08308	0.22727	0.21934	0.71319	0.87836	0.56909	0.21104	0.10047	1.31302	0.32194	0.34799	0.24708	0.08661	1.41825	0.08085	1.05819	0.26037	2.67148	0.56587	0	0.28358	0.31094	1.61786	1.34066	0.4443	0.70891	0	0.19743	1.64633	2.21479	0.52741	0.85614	1.0693	0	0.74237	0.36884	0.41254	0	0	0	0.02505	0.0991	0	0	0.06795	0.00308	0.85146	0.32552	0.31028	0.0646	0.50224	0.55752	0.49832	0.06477	0.27007	0.05253	1.44032	0.09943	0.2746	0.43487	0	1.03068	1.08305	0.03451	0.49062	0.19011	0.29056	1.16664	0.35979	0.43279	0.66167	0.6668	1.45793	0.48092	0	1.04492	0.85217	2.70272	0.00653	0.58558	0	0	0.6984	0.25384	0.75788	0.7149	0.12854	0.23505	0.41971	0.41107	1.29088	0.36558	0	0.02785	0	0.67265	0.45029	1.92095	1.78316	0.06114	1.55158	0.1997	0	0.5962	0	0.29745	0.87527	0.01075	1.11386	0	0	0.18823	0	0.9682	0	0	0	0.14696	0.36015	0.82647	0.67128	1.22198	0.26645	0	0.02334	0.30308	0	0.61824	0	0.76334	0	0.2333	1.96385	0	0	0.12851	0.48958	3.01728	0.13766	2.99975	0	0.46607
"Sellimonas_intestinalis"	0.65249	0.2979	0.43612	0.20619	0.1488	0	0.18709	0.30284	0.01721	0.17893	0	0	1.78688	0.12596	0.75071	0.43628	1.10141	0	0.27693	0.41683	0.1331	0	0.7497	0	0.17738	0.09955	0.0265	1.24356	0	0.09031	0.02927	0.06992	0.09608	0.2158	0.16782	0.08463	0	0.33231	0.24997	0.37668	0.11553	1.57966	0.70126	0.27605	0	0	0	0	0	0	0	0.46524	0.64154	0.56226	1.42785	0.05321	0	0.38192	0.22184	0.69253	1.01166	0	0	0.07611	0.10725	3.80308	1.99188	2.02415	2.69107	0	0.62537	0.16685	0.28901	0.14108	0.29913	0.35656	0	0	0	0	0.01648	1.33887	0.386	0	0	0.85748	0	0	0.06392	0.83452	0.23074	0	0	0	0.07134	0	0.30847	0	0.01024	0.33318	0	0.76827	0.48551	0.42443	0.27834	0.07883	0.02278	0.02821	0	0	0.7759	0.45092	0	0	0.07681	0	0	0.13017	1.74512	0.57591	0.02	0.2839	0.21774	1.15428	0.50716	0.7355	0.33457	1.95204	0.329	0.01158	0.18192	0.41985	0.02241	0	0.39993	0	1.42716	1.05775	0	1.28781	0.15617	0	0.41401	0.02191	0.07324	1.66934	0.29727	2.38974	0.17686	0.15872	1.07662	0.81191	0.11985	0	0.196	0	0.16279	0.31163	0.01913	2.61224	0.43998	0.41978	0.78384	0	0.18202	1.11796	0.59279	0	0.2456	0.2614	0.06351	0.17259	1.18414	0.18818	0	0	0.02819	1.72947	0.70272	0.9773	1.52707	0.13827	0	0.2717	0.58846	0	0.15694	0.65584	2.20749	0.2158	0.27035	0	0.93207	0.32743	0.16679	0.18959	0.09556	0.41583	0.11892	0.07469	0	0.51661	0.38666	0.66982	0.45949	0.46681	0.96109	0.19122	0.02905	0.64918	0.00149	0.02984	0.06974	0	0.71684	0.27018	1.23932	0.68846	0.01904	0.15419	1.38756	0.77053	0.7035	0.18541	1.722	1.51385	1.07421	1.28215	0.02376	0	0.04282	0	0	0	0	0.14287	0.07247	0	0	1.19087	3.44179	1.21051	0	0.13024	0	0	0.2904	0	0	0.13081	0.8753	0.22315	0	0.70699	0.81742	2.63051	0.15071	0.0053	0.06862	0.0554	1.78318	0.84156	0.2056	0	0.09417	0.01532	0.03377	0	0	0.32339	0.60012	0	0	0.0552	0.90583	0.30904	0	0.11435	0.17319	0	0.57755	0.24638	0.15015	0.1923	0	0	0.20995	0.32008	0	0.20306	0.10923	0.72553	0.30381	0.00257	0	0.66821	0	0.31174	0.18436	0	0.18945	0.35	0.05438	0	0.14264	0.26052	0.35409	0.39275	0.16513	0.53693	0.38578	0.41866	0.41419	0	0.61664	2.43403	0.13089	0.04454	0.11286	0.04011	0.16974	0.64005	0.22915	0.04332	0	0.03061	0.37584	1.55494	0.43356	0.94347	2.5645	0	0.08269	0.32166	0.39091	0.33688	0.07388	0	0.03129	0	0.36516	0.77322	0.02328	0.11732	0.07916	0.01924	0.08747	0	0.36938	0.0641	0.39165	0.56023	0.00352	0	0.38808	3.01041	0.02135	0.54975	0.14477	0.17417	0.02139	0	0.75829	0.0891	1.46778	1.957	0.27538	0.3269	0.51075	0.72978	0.22946	0.17058	0.64173	0.08086	0	0	0.09822	0	0	0.26421	0.15242	0	0.64347	0.41358	0.69037	0.00206	3.19066	0.01108	0.42564	0	0	0	0	0.19484	0.4307	1.58597	0	0	0.01525	0.46924	0.26623	0	0	0	0.96064	1.00655	0.18642	0.35533	0.08851	0.63688	0	0.07189	0.05615	1.36984	0	0	0.34358	1.8197	0	0.46504	0	1.23115	0	0.87009	0	0	0	0	0
"Enterocloster_bolteae"	0.10308	0.07966	0.00853	0.05185	0.08291	0.05208	0.12671	0.03527	0.00978	0.02282	0.02178	0.00405	0.28116	0.05942	0.12391	0.16519	0.47984	3.25262	0.00105	0	0.09454	0.64851	0.11169	0	0	0.09751	0.00841	0.17294	0.12013	0.01447	0.04087	0.0332	0.01083	0.0874	0.03662	0.0507	0	0.12247	0.25841	0.08806	0.17469	0	1.43261	0.02442	0.02287	0	0.01996	0.14387	0.13432	0.01128	0.00059	0.40569	0.0769	0.05611	0.10204	0.01897	0	0.00819	0	0.04657	0.10027	0	0.02086	0.02625	0.01491	0.02558	0.045	0.61883	0.12164	0.0875	0.04091	0.89574	0.17949	0.27561	0.25391	0.12316	0.40519	0.25922	0	0	0.01296	0.0558	0.38858	0.45444	1.50329	0.01743	0.58358	0.50803	0.18164	0.09935	0.03663	0.5673	0.45607	0	0.00166	0.32672	0.18606	0.01272	0.02066	0.2585	0.32314	0.08735	0.25543	0.17634	0.20894	0.02505	0.0035	0.15566	0.09982	0.05794	0.25915	0.15728	0.07676	0.07325	0.00191	0.35876	0.30391	0.12629	0.24143	0.07718	0.01331	0.06363	0.2223	0.43682	0.08379	0.0282	0.02331	0.06107	0.06832	0.00909	0.01404	0.10509	1.25235	0	0.09524	0.70597	0.28314	0.07605	0.25032	0.20511	0.08124	0.16191	0.02009	0.5347	0.53044	0.07247	0.01224	0.02051	0.09598	0.18277	0.10162	0.27082	0.04513	0.31555	0.11328	0.02462	0.16906	0.12628	0.0059	0.03294	0.00676	0.08902	0.17094	0.0016	0.14631	0.29564	0.06179	0.01769	0.03436	0	0.02045	0.0179	0.61604	0.02162	0.17044	0.0106	0.04003	0.07892	0.16999	0.10185	0.49999	0.11243	0.15173	0.09652	0.05237	0	0.03632	0.24518	0.27722	0.61167	0	0.00024	0.23118	0.11	0.08126	0	0.02328	0.11322	0.24924	0.07094	0.3393	0.02613	0.03148	1.02121	0.20942	0.04026	0.02521	0.01651	0.02559	0.05621	0	0.02126	0.01545	0.02941	0.10647	0.14217	0.12318	0.36455	0	0.05487	0.06762	0.35868	0.79703	0.01084	0.12869	0.24237	0.09412	0.21512	0.02982	0.00224	0	0	0	0.09394	0.00634	0.00209	0.03262	0.02832	0.00185	0.06297	0.93941	0.12481	0.14661	0.01585	0.01128	0.03313	0.2316	0.03626	0.03703	0.20796	0.77462	0.42934	0.05704	0.23452	0.25862	0.67627	0.01478	0.00813	0.46876	0.05474	0.09424	0.03942	0	0	0.2261	0.00778	0.01069	0.0482	0	1.19673	0.1539	0.01124	0.00345	0	0.08796	0.15677	0.60347	0.01292	0.12437	0.0106	0.16641	0.08841	0.01054	0	0	0	0.17621	0.11118	0.00397	0.01305	0.10997	0.02331	0.03734	0.04165	0.26119	0.04263	0.02757	0.17582	0.56814	0.04717	0.7896	0.00789	0.03039	0	0.22221	0.14412	0.24793	0.00816	0	0.48818	0.01889	0.18946	0.08295	0.23271	0.55395	0.28921	0.03689	0.00409	0.0216	0.03495	0.07599	0.02045	0.12828	0.03346	0.29584	1.47976	0.11952	0.07317	0.01627	0.36152	0.46869	0.00852	0.14497	0.15967	0.03143	0.00069	0.07724	0.00253	0.00813	0.01342	0.52221	0.27458	0.19085	0.07656	0	0.07196	0.24135	0.18238	0.00481	0.00023	0.008	0.19314	0	0.14375	0.1555	0.14913	0.1019	0.08166	0.05461	0.04537	0.10627	0.26496	0.09123	0.04164	0.01078	0.45067	0.06021	0.3246	0.85947	0.24362	0.23898	0.17875	0.06867	0.01223	0.0506	0.5191	0.00194	0.13906	0.62769	0.1058	0.05185	0.24262	0.15702	0.00143	0.10486	0.01352	0	0.02772	0.01522	0.06004	0.09517	0.79803	0.01782	0.09594	0.165	0.26262	0.10166	0.58327	0.06723	1.28855	0.01922	0.36281	0.10852	0.89712	0.19513	0.07508	0.10667	0.13705	0.07703	0.01397	0.65065	0.10987	0.15977	0.47945	0.09197	0.18973	0.03401	1.11833	0	0	0.31479	0.24038	0.1556	0.0477	0.08445	0.15054	0.22592	0.02097	0.23605
"Flavonifractor_plautii"	0.5654	0.56454	0.89821	0.80909	0.42914	0.20345	0.92584	0.39498	0.33864	0.36122	0.33893	0.41074	1.20674	0.73164	1.14436	0.49288	1.15536	1.40772	0.11251	0.06744	0.08768	0.44509	1.51745	0.0201	0.04571	0.22149	0.02022	1.07622	0.15665	0.11852	0.85999	0.55438	0.14107	0.52904	0.18664	0.1465	0.00737	0.59474	0.56585	0.67724	0.60023	2.30323	0.87198	0.10878	0.10183	0.0097	1.36302	0.80848	0.01908	0.03338	0.07806	0.80751	0.73838	0.12831	0.61103	0.52982	0.00172	0.66177	0.01003	0.35725	1.81387	0.06969	0.12859	0.17479	0.01855	0.79202	0.90473	0.1055	2.22453	0.46528	0.73852	1.89554	0.57693	0.57354	0.47891	0.70762	0.60808	0.58262	0.77773	0.00438	0	1.80961	1.65548	3.16449	6.71283	0.1493	1.39262	1.20945	0.43475	0.09571	0.05794	0.52743	0.40191	0.00114	0.2674	1.02437	0.48795	0.1599	0.02803	0.75144	0.91485	0.45038	0.08603	1.01805	0.78234	0.14317	0.07648	1.36615	0.89978	0.43756	1.1971	0.73252	0.99935	0.28479	0.19922	1.17885	0.78203	1.13703	0.87447	0.7045	0.54797	0.48141	0.83116	1.17062	0.40413	0.05484	0.0366	0.33843	0.95167	0.18487	0.63906	0.23985	0.56513	0.05406	0.20715	0.97001	0.49292	0.20897	0.13555	0.50661	0.87037	0.23953	0.36246	0.21131	1.03733	0.38609	0.09716	0.13971	0.16179	0.36129	0.48396	0.39685	0.0146	0.43244	0.48351	0.20135	0.23622	0.08077	0.25511	0.15981	0.23694	0.17586	0.11097	0.04563	0.2653	0.45675	0.25519	0.16976	0.11551	0.03427	0.35204	0.18324	0.5163	0.08005	0.33123	0.05268	0.53547	1.19503	0.37198	0.69473	0.52745	0.26373	0.68028	0.56751	0.22382	0.04119	0.28231	0.92487	1.49924	0.77805	0.00167	0.10212	0.93863	0.53254	1.387	0.06634	0.46826	0.14311	0.40361	0.60217	0.98187	0.16952	0.00467	0.32071	0.33828	0.64489	0.69998	0.15886	0.00515	0.20597	0.05899	0.16993	0.20251	0.00722	0.18895	0.14195	0.57876	0.1869	0.02971	0.09873	0.94014	0.48373	0.70782	0.23274	0.39675	0.20377	0.1421	0.9336	0.18748	0.08863	0.02314	0.0308	0.02576	0.3048	0.18828	0.27117	0.25168	0.13566	0	0.06254	0.83141	0.79592	0.31875	0.13804	0.02592	1.05306	0.0887	0.27724	0.26776	0.55962	0.46569	1.64945	0.24919	0.18827	0.62415	0.47627	0.1989	0.0785	1.77481	0.53603	0.58221	0.109	0.03197	0	1.12177	0.12734	0.14322	0.88365	0.02113	1.23463	0.31072	0.2064	0.02798	0.06482	0.68627	0.76525	0.7977	0.1455	0.73114	0.05268	0.30858	1.24809	0.16895	0.14638	0	0.02135	0.16607	0.10774	0.33097	1.33071	0.4928	0.28297	0.11376	0.50947	0.67605	0.05334	0.35761	0.13418	0.37211	0.22039	2.21478	0.52459	0.40921	0.02766	0.41858	0.14356	0.22605	0.01218	0.24208	0.40324	0.21068	0.45723	0.06007	0.80476	0.36881	0.38447	0.20574	0.21858	0.1509	0.35094	0.6032	0.07705	0.51372	0.2677	1.43758	0.96383	0.43747	1.21889	0.68469	0.55003	0.81859	0	0.48758	0.85711	0.07337	0.10542	0.05439	0.17187	0.24468	0.05645	1.15448	0.97628	0.30138	0.27072	0.08141	0.2084	1.03724	0.55908	0.231	0.01911	0.00169	0.53726	0.12564	0.7135	0.55081	0.32905	0.79475	0.36564	0.48544	0.216	0.20648	0.41009	0.52816	0.38486	0.08204	0.32629	0.41692	0.18326	0.48508	0.65324	0.66111	0.27199	0.86193	0.07033	0.44803	0.26053	0.05057	0.17008	0.28853	0.45609	0.84744	0.03523	0.78036	0.06903	0.36713	0.06824	0	0.04689	0.0763	0.1825	0.51106	0.08524	0.76631	0.50006	0.37024	0.69112	0.38092	0.75176	0.11431	0.76683	0.15037	0.1283	0.80556	0.69549	0.96706	0.5578	0.52644	0.23141	0.14016	0.63303	0.20013	0.73123	1.11983	0.45764	0.8902	0.3963	0.51406	1.41679	0.19532	0.3087	0.20065	0.71862	0.78745	0.22322	1.20472	0.2263	0.98474	0.46625	1.717
"Clostridiaceae_bacterium_Marseille_Q3526"	0	0	0	0	0	0	0.03509	0.03827	0	0	0	0	0.14898	0	0	0	0	0	0.03715	0.01518	0	0	0	0	0.00934	0	0	0	0	0.00832	0	0	0	0	0	0	0	0.04236	0.10231	0.0057	0	0	0	0	0	0	0	0	0	0	0	0	0	0.01919	0	0	0	0	0	0.00418	0	0.02458	0	0	0	0.15616	0.0863	0	0	0	0	0	0	0	0.01533	0.14565	0	0	0	0	0	0	0	0	0	0	0	0	0.02902	0	0	0	0	0	0	0	0	0	0	0	0	0	0	0	0	0	0	0	0	0	0.1854	0	0	0	0	0	0	0	0	0	0	0	0	0	0	0	0	0	0	0	0	0	0	0	0	0	0	0	0	0	0	0	0	0.60645	0	0	0.1038	0	0	0	0	0	0	0	0	0	0	0	0	0.02906	0	0	0	0	0.00829	0.1447	0	0	0	0.02099	0.0554	0	0	0	0	0	0	0	0	0.04433	0	0	0	0	0	0	0	0	0	0	0	0	0.04817	0	0	0.01641	0	0.03019	0	0	0	0.03203	0	0	0	0	0	0	0.0325	0	0	0	0	0	0.02257	0	0	0	0	0	0	0	0	0	0.05986	0	0	0.05886	0.05514	0	0	0	0	0	0.01771	0	0	0	0	0	0	0	0	0	0	0	0	0	0.66386	0	0	0.4535	0	0	0	0	0.00735	0	0.06624	0	0	0.07409	0	0	0	0	0	0	0	0	0.06962	0	0	0	0	0.11799	0	0	0	0	0.00181	0	0	0.01066	0	0	0	0	0	0	0	0	0	0.04795	0	0	0	0	0	0	0	0	0	0	0	0	0	0	0	0.02045	0	0	0	0	0	0.5232	0	0	0	0	0.12186	0	0	0.03226	0	0	0	0	0.06372	0	0	0	0	0	0	0	0	0	0	0	0	0	0	0	0	0	0	0	0	0	0	0	0.02546	0	0.04074	0	0	0	0	0	0	0	0	0	0	0	0	0	0	0	0	0	0	0.02791	0.02513	0	0	0.07586	0	0	0	0	0	0	0.77061	0.01872	0	0	0	0	0	0	0	0	0	0.26771	0.42115	0	0	0	0.02326	0	0	0	0	0.05478	0	0	0	0	0	0	0.04968	0	0	0	0	0	0	0	0	0	0	0	0.19163	0	0	0	0
"Blautia_producta"	0.04981	0	0.00904	0.0348	0.05071	0	0.05211	0.01089	0.01134	0	0.02396	0	0.02379	0.01591	0.11153	0	0.09779	0.27325	0.01246	0	0.00105	0.05492	0.21609	0	0.00196	0	0	0	0	0	0.03943	0.0073	0.00438	0.0128	0	0.00325	0	0	0.05198	0.02935	0.09569	2.65976	0.0989	0	0	0	0.02081	0.1116	0	0	0	0.11542	0.04052	0.03551	0.088	0	0	0	0	0.05727	0.01238	0	0	0	0	0.08601	0.17501	0.75722	0.07867	0	0.04658	0	2.67167	0.07274	0.10038	0.10019	0.0811	0.01625	1.3437	0	0	0.05553	0.21376	0	0	0.01002	0	0	0	0.01079	0	0	0	0	0	0	0	0	0	0.20429	0	0	0.04207	0.0138	0.03277	0	0	0	0.04756	0	0.00276	0.08512	0.07719	0	0.01206	0.07231	0.02015	0.12756	0.01004	0.01206	0.00529	0.05637	0.0356	0.0068	0.0024	0.00423	0	0.00988	0.00028	0.00483	0.02043	0.0176	0.07575	0	0.02789	0.03721	0.02484	0	0.03271	0.12388	0	0	0.00192	0.00156	0.14883	0	0.01737	0.23428	0	0.03918	0.06641	0.03257	0	0.01084	0.00052	0	0.00358	0	0.09542	0	0	0.01584	0.02067	0	0	0.21207	0.00169	0	0	0.00305	0.00536	0	0.03454	0.05078	0.14884	0	0.02938	0.06855	0.03895	0	0.53693	0.00414	0.03583	0.01856	0.01476	0	0.00407	0.00781	0.21928	0.13102	0.0027	0	0.04735	0.0425	0	0	0.02075	0	0	0.02381	0	0	0	0.03096	0.01026	0.02226	0.00351	0.00649	0	0.04247	0.00373	0	0	0	0	0.00074	0.13894	0.13129	0	0	0	0.02257	0.18618	0	0.12765	0.52134	0	0.2471	0	0	0	0	0.00058	0.74218	0.00521	0.02052	0	1.45534	0	0.01788	0.89461	0.01087	0	0.01403	0.05868	0	0.02671	0	7e-04	0.00741	0.12788	0.34781	0	0.10799	0.32003	0.05273	0	0	0	0.81326	0	0.12144	0	0	0.0158	0	0.00205	0.05462	0	0.22401	0.02823	0	0	0.00231	0.04019	0.02721	0	0.02579	0	0.00228	0.08992	0.0096	0.0167	0.00477	0	0	0.00345	0	0.00029	0.0266	0.0242	0	0	0	0.00414	0	0	0	0.12752	0	0.86352	0	0	0	0.2197	0	0.03067	0.02608	0.05414	0.07618	0.00049	0.03449	0.13519	0	0.39282	2.90999	0	0	0	0.00326	0.03952	0.00071	0.07011	0.00063	0.10529	0.00312	0.08462	0.02289	0.00259	0	0	0	0.00801	0	0.00624	0	0	0	0.01492	0	0.01804	0.04084	0	0	0	0.00313	0.0604	0.11564	0.00664	0	0	0.03173	0	0.07415	0.10326	0.53495	0.2518	0.1621	0.04303	0.00131	0.05285	1.31542	0.29984	0	0.0131	0.18863	0.01229	0.128	0.79325	0.23266	0	0.05437	0	0	0	0.1306	0.01173	0.00985	0.01321	0	0.04192	0	0.08519	0	0.05432	0	0.00081	0	0.01488	0.5526	0.04819	0.28046	0	0.02417	0.10058	0.5366	0	0	0	0.90422	0.02107	0	0	0.00442	0.01168	0.00964	0.00446	0.06006	0.02653	0.01982	1.10038	0	0.01984	0	0.01855	0	0.02977	0.41895	0	0	0.06882	0.2252	0.00322	0.03364	0.84427	0	3.7954	0.06716	0.01554
"Collinsella_aerofaciens"	0	0	0	0	0.94929	0.4161	0.8689	0.5415	1.46142	2.0167	0.58122	0.27177	4.5782	0.90397	0	1.41616	0	0	1.76022	2.40601	0	0	0	0.37326	1.08364	0	0.37444	8.05298	1.54118	1.47513	0.69023	0.68188	0	1.04204	0.48642	6.02974	0.03535	0.31704	0.75715	0.83898	0.10953	0	1.95842	1.57271	0.1721	1.26289	2.14756	1.69256	0.6223	3.40593	0	0	0	0	0	0.66696	1.06317	4.20353	0	0	0	0.178	0.16631	1.12836	1.12643	0	0	0	0	1.1451	1.90372	0	1.6618	0.16348	0.5428	1.64959	0	0	0	0.81715	4.79629	2.4615	1.91446	4.03778	0	0.67947	2.18004	1.59092	0.30475	2.63093	0.94289	0	0	0.58224	0.46296	0	0	0.07132	0.1077	0	0	0.6052	0.54003	0.6255	0	0.04948	0.03481	0	0.5364	0.77291	2.62896	1.44409	4.2604	0	0	1.00021	0	1.73106	1.93993	1.23293	1.76867	0	0	0	0	2.05958	0	1.92879	1.42737	0	0	0.64062	0.94698	0.5971	0	0	0	0	0.62256	0.52252	0.91314	4.1987	0.75187	0	0	0	1.22759	0	1.40938	0.158	0	2.93996	0.95414	0.86016	0.38854	2.01659	0.56954	1.6148	0.86512	1.38321	2.55871	0	2.1271	0.44231	0.53532	2.07488	4.26437	0.56355	0.23486	1.57162	1.4992	0	1.56221	0	0	0.00216	1.80492	0	1.68224	2.31729	0	0.61198	0	0	0	2.51753	3.40222	0	2.06707	0	4.64365	0.79303	1.17648	1.1607	4.07683	3.6104	0.34888	0	0.86712	0.7711	0.81178	0	0	0.2642	1.29633	0	0.99146	1.62083	0.31578	0.19897	0.6391	0.16133	0.11982	0.82391	0	0	1.81315	0	0.23305	2.47388	0	0	0	1.43583	2.79698	0	0	0	1.13308	0.66291	0.35501	1.05756	1.62989	6.06885	1.12273	2.38888	0	9.93373	0.46901	2.22444	4.44871	0	0	0	3.80419	2.71187	0.3309	0.80235	0	1.05583	0.73406	0	0.18066	1.34818	2.71623	1.63378	0	1.73274	0	0	2.80997	1.04681	1.07456	0.04329	1.65671	0.67613	1.68113	3.3096	0.35979	0.43073	1.80455	1.07588	0.55382	0.9283	1.46336	0	0	0	1.26868	0.40692	2.914	0	0.5741	1.22731	0.19075	3.64949	0.18892	0.37082	2.39281	1.54107	0.357	0	1.55554	0.71529	0.64114	0	2.01573	0	0	0.95645	0	2.22415	0.64205	0.46925	0	0.43229	0.44187	3.2958	1.02252	0	1.63451	0.47225	3.22449	1.69993	1.31004	0.85325	1.13602	0.32565	0	0.90587	3.59462	1.46569	0	0	1.60267	0	0	0	1.4149	0	0	0.25994	4.15521	0	1.52676	1.29072	0	0.34731	0.30923	0.31815	0	0.28556	0	1.07192	1.50179	0	0	0	0.51587	0.24259	0	0.66491	0.06061	0.31632	0	0	0	0	0.60714	0	0.07104	0	0	2.30511	0.30788	0.258	0.41602	0.91804	0	0	2.42289	0	2.99284	0	0.35869	0	0.15319	0	0	0.15305	0	1.09546	0	0.39296	0	0.17459	8.97219	0.29081	1.43532	0	0	0	1.37688	0	0	3.78493	3.09524	0	1.97094	0	0	0	0.6155	0	2.99305	0	0	0	0.90184	2.72063	0	1.05526	2.07555	0	4.29759	0.0046	0	0	0	1.76435	1.17946	5.4265	0.39813	0	0	0	0	0.74724	0
"Odoribacter_splanchnicus"	0.35015	0.81929	0	0	0	0	0	0.26791	0.32522	0	0	0	0	0	0	0	0	0	0.22015	0.26085	0	0	0	0.04805	0.22891	0	0.05923	0	0	0.16399	0	0	0	0	0.24666	0.0723	0.59951	0.40305	0.01869	0.07476	0.17831	0	0	0	0	0	0	0	0.2825	0.39836	0.47151	0	0	0	0	0	0	0	0	0	0	0	0	0	0	0.54127	0.28182	0	0	0.07654	0.05394	0	0	0.02759	0.06851	0.19886	0	0	0	0.06392	0.23713	0	0	0	0	0	0	0	0	0	0	0	0	0.16715	0.03643	0	0	0	0	0	0	0	0	0	0	0.37023	0.10698	0	0	0	0	0	0	0	0	0	0	1.29129	0	0	0	0	0	0	0.8089	0.1117	0.70062	0.38005	0	0.83312	0	0	0	0.06303	0.30025	0.79974	0	0	0	0.29909	0	0.3291	0	0	0	0.24093	0	0	0	0.37559	0	0	0	0	0	0	0.84176	0.15017	0	0	0	0	0.68456	0.10951	0.4346	0.12974	0.16294	0	0.6487	0.21659	0	0.58956	0.84002	0	0	0	0	0	0	0	0	0	0.5924	0.44451	0	0	0	0	0	0	0.02899	0	0.76051	0	0.2753	0.13295	0.11628	0	0	0	0	0	0.19988	0.9195	0	0	0	0	0.11071	0	0	0.24842	0.46403	0	0.42518	0.81209	0	0	0.74483	0.2344	0	0	0	1.03079	0	0.46571	0.24539	0	0	0.43495	0.11589	0.06241	0	0.12518	0.07748	0.1928	0.26868	0	0	0.02546	0.27096	0	0.18218	0	0	0	0.85017	0	0	0	0.92863	0	0.13591	0	0	0	1.03167	0.67236	0.26024	0	0	0	0.08016	0	0	0	0	0	0	0	0	0	0	0	0	0	0.39994	0	0	0.40278	0	0	0	0	0.02036	0.0706	0.36333	0.08666	0	0	0	0	0.53281	0	0	0.19181	0	0	0.03784	0	0	0.34748	0.82488	0.40696	0	0	0	0.00202	1.19203	0	0.18733	0	0.52852	0	0	0.37743	0	0	0.14473	0	0	0.23578	0	0	0	0	0	0	0	0.22316	0	0.40478	0	0	0	0.22265	0	0.73757	0	0	0	0	0.23364	0	0	0.10427	0.45783	0	0	0	0	0.9755	0.36523	0	0	0	0	0	0.78294	0	0.48936	0.22859	0	0	0	0	0.8056	1.15066	0	0	0	0	0	0	0	0	0	0	0	0	0	0	0	0.29208	1.2119	0.78966	0	0	0	0	0	0	0	0	0	1.63695	0	0	0	0	0	0	0	0	0	0	0.64581	0	0	0	0	0	2.14125	0	0	0	0	0	0.31832	0	0	0	0	0	0	0	0	0	0
"Clostridiales_bacterium"	0.75305	1.7352	0.05687	0.59131	0.14869	0.17596	0.707	0.47806	0.16361	0.0266	0.47333	0.2051	0.81593	0.29339	0	0.06147	0.81228	0.30349	0.06211	0.0143	0.00971	0	0.5218	0.04546	0	0	0	0	0	0	0	0	0.61093	0.36922	0	0.00055	0.03239	0.31461	0.37861	0.3732	0.16735	0	0	0	0.05994	0	0	0	0.08525	0.04584	0.05047	0.56623	0.83332	0	0	0.01327	0	0	0	1.4321	0	0.25653	0	0.22366	0.08298	0.09189	0	0.01923	0.9156	0	0.84563	0.85777	0	0.22219	0.49365	0.32416	0	0	0	0.00288	0	1.02378	1.26331	0	0	0.50225	0	0	0.15088	0	0	0	0.4504	0	0	0	0	0	0.03366	0	0	0.20547	0.06364	0.97542	1.15271	0.03896	0.01149	0.71534	0.33317	0.91019	1.29548	0	0.23484	0	0	0	0.58821	0.01306	0	0.11148	0.07095	0	0	0	0.14789	0.15488	0.0304	0.79177	0.70046	0	0.02415	0	0.39137	0.00956	0	0.40884	0	0.19414	0	0	0	0.13902	0.14772	0.109	0.42758	0.34039	0.55205	0	0.06082	0.24384	0.28789	0	0	0	0.18596	0.24694	0.92508	0.27438	0.05609	0.68744	0.12189	0.09534	0.16096	0.02999	1.40626	0.09645	0.17796	0.01413	0.26391	0.02332	0.69253	0.19661	0.00821	0.25931	0	0.01421	0.3565	1.02399	0.43779	0.60962	0	0.18033	0.36212	0.48568	0.2706	0	0.02349	0.04596	1.4005	0	0.07268	0	1.0112	0.22644	0.89215	0	0	0	0.68922	0.2731	0	0.09049	0.01393	0.25708	0.57974	0.84683	0	0.03968	0	0.12971	0.02291	0.03462	0.14467	0.01478	1.30445	0.04925	0	0.25486	0.04793	1.45174	0.20519	0	0	0.06476	0.58327	0	0	0	0.05605	0.02196	0.13572	0.05926	0.02533	0.33077	0.09117	0.0266	0.11764	0.53995	0	0.08804	1.35145	0.48106	0	0.04654	0.04343	0	0.60945	0	0	0.82758	1.01211	0.95282	0	0.94993	0.34438	0.5142	0.0877	0.03934	3.14726	0	0.13098	0.65392	0	0	0	0	0.28035	0.39473	0	0.03155	0.2563	0.20934	0.06923	0.10484	0.43154	0.18108	0.42563	0.09522	0.34629	0.06933	0.6433	0	0.13521	0.35264	0.00548	0	0.03024	0.08311	0.03073	0	0.40995	0.6607	1.44994	0	0.29815	0.50332	0	0	0.9317	0.41405	0	0.48288	0	0.00613	0.20929	0	0	0.16343	0.46853	0.1232	0.1183	0.04848	0.04814	0	0.61975	0.65762	0.26062	0.63338	0.03204	0.01086	0.46803	0.2924	0.00172	0.44454	1.92255	0.36807	0.49709	0.40376	1.50088	0.14621	1.25467	0	0.20785	0.63837	0.5626	0	0	0.0519	0.05598	0.16649	0	0	0	0	0	0.05497	0	0	0.23609	0.02684	0	0.22659	0	0	0.63092	0.00646	0.60191	0	0.43826	0	0.35486	0	0.36762	0.01758	0.24506	0	0.13867	0.02541	0.45406	0	0	0.14883	0.8422	0.28832	0	0	0.04764	0.11209	0.11218	0.83957	0.40996	0	0	0.03053	0.30252	0.01814	0	0.01552	0.28145	0.03707	0.75236	0	0	0.39367	0	0.10314	0.21136	0.22698	0	0	0.79712	0.34709	0	0	0.58295	1.01066	0.1209	0	0.07044	0.73012	0.26469	0	1.63341	1.10896	0.10017	0	0.04052	0.29948	0.18799	0	0	0	0	0	0	0.43568	0.06125	0.37985	0
"Bilophila_wadsworthia"	0.30645	0.35267	0.70713	0.28423	0.16869	0.02651	0.62502	0.29389	0.46447	0.11373	0.24202	0.26929	0.9671	0	0.60031	0.87817	0	0	0.06607	0.01199	0	0	0	0.06191	0.21779	0	0.1236	0	0.15015	0.17576	0.37034	0.49117	0.20805	0.46204	0.60053	0.08961	0.43136	0.93449	0.42029	0.23382	0.16217	0	0.52589	0.3927	0.26481	0	0	0.0835	0.10724	0.58571	0.31695	1.09	0	0.13339	0.56464	0.16769	0.01171	0.06149	0.01038	0.55852	0.51487	0.17358	0.03991	0.27077	0.39684	0.49827	0	0	0	0.07183	0.13105	0.29905	0.38123	0.18309	0.40348	0.31642	1.23626	0	0	0.02551	0.10007	0	0	0	1.01211	0.42701	0.28292	0	0.27808	0.53468	0.24192	0	0.30129	0.09911	0.04912	0	0	0	0.10807	0	0.58965	0.24918	0.32264	0.33993	0.77497	0.07593	0.02444	0.62462	0	0.67634	1.43292	0.3211	0.43232	0.29133	0.26696	0.53638	0.25455	0.38835	0.63072	0.28883	0.4218	0.1676	0.28832	0.64065	0	0.04225	0.21259	0.08866	0.07889	0.23195	0.34055	0.02109	0.55863	0.04159	0.41297	0.83089	0	0.36859	0	0.30956	0.98356	0.34164	0.02322	0.54674	0.32754	0.53925	0.19813	0.39433	0.58413	0.20384	0	0.34428	0	0.13851	0.15651	0.05219	0.39244	0.40221	0.24065	0.36106	0.06778	0.03464	0.61031	0.14497	0.11482	0.12543	0.14943	0.20534	0.17125	0.16806	0.42359	0.20293	0.19773	0.24325	0.4129	0	0.25584	0.27639	0.17232	0	0.34224	0.29516	0.31056	0.26816	0	0.0501	0.3065	0.15574	0	0.30953	0.07107	0.12563	0.21041	0.22477	0.28909	0.38432	0.11254	0.49033	0.83913	0.26902	0.12589	0.46915	0.22191	0.27155	0.19173	0	0.35542	0.13297	0.04181	0.37189	0.37259	0.24032	0.3082	0.39422	0	0.28906	0.14693	0.32217	0.12599	1.16585	0.20653	0.31986	0.59497	0.14208	0.36401	0.48352	0.36761	0.51813	0.22096	0.24549	0.05525	0.09508	0.12269	0.84749	0.24428	0.20814	0.19496	0.05114	5e-04	0.18677	0	0.34389	0.14071	0	0.20426	0	0.63955	0.23363	0.01811	0.2965	0.57463	0	0.21722	0.42617	0.46239	0.02238	0.40453	0.26294	0.71286	0.24959	0	0.47756	0.16433	0	0	0.04644	0.50407	1.35391	0.07607	0.66373	0.69759	0.34975	0.17903	0.09279	1.15328	0.23164	0.22597	0.29236	0.59577	0.1282	0.15358	0.57343	0.12886	0.23008	0.08607	0.16521	0.20592	0.21189	0	0.69672	0.63987	0.22563	0.18106	0.12767	0.6013	0.20323	0.30808	0.23099	0.51774	0.39242	0	0.3409	0.20688	0.18035	0.23422	0.15407	0.22807	0.13416	0.06035	0.15895	0.14508	0.39268	0.17922	0	1.77445	0.25763	0.23328	0.49789	0.1509	0.19223	0.829	0.1042	0.06818	0.3916	0.51554	0.27765	0	0.56706	0.44202	0.29355	0	0.16396	0.25475	0.63648	0.26105	0.30631	0.00771	0.21278	0	0.04915	0	0.13117	0.25066	0.28444	0.00028	0.05743	0	0.35565	0.38251	0.09303	0.00467	0.52018	0.09449	0.27237	0.55043	0.58705	0.05442	0.06446	0.45546	0.3114	0.29786	0.37102	0.2366	0.18149	0.16062	0.10185	0.20883	0.29852	0.55314	0.64328	0.0095	0.4717	0.13959	0.50956	0.36444	0.13822	0.13313	0.40875	0.2887	0.24241	0.04642	0.00562	0.32545	0.4302	0	0.17699	0	0	0.13359	0	0	0.10028	0	0.33513	0.25436	0.4337	0.50783	0.14591	0	0.24988	0.14727	0	1.43034	0	0	0.44158	0.2913	0.11626	0.22433	0.42792	0.32451	0.25717	0.61054	0.45269	1.10918	0	0.8393	0	0.27025	0.24218	0.23575	0.39976	0.30854	0.09792	0	0	0.02379	0.22847	0
"Agathobaculum_butyriciproducens"	0.08476	0.34939	0	0	0.32325	0.19673	0.065	0.2101	0.37152	1.30624	0.65324	0.24849	0.03136	0.34858	0.01386	0.1634	0.34305	0.30393	0.71187	0.38263	0.59194	0	0.12777	0.04863	0.32135	0	0.12378	0.31318	0.18522	0.16739	0.36665	0.36593	0.3857	0.38962	0.13415	0	0.62889	0.46798	0.19564	0.45899	0.45695	0	0	0.32474	0.20113	0	0	2.65444	0.11976	0.01203	0.22968	0.13278	0.10825	0.2455	1.31985	0.08704	0.03846	0.06323	0.49017	0.00251	0.64763	0.16693	0.55187	0.06345	0.22647	0.05054	0.02676	0	0	0	0	0	0.00625	0.29069	0.13521	0.24067	0.06761	0.69648	0	0.18598	0.05464	0.11785	0	0	0	0.2402	0.25474	0	0	0.41814	0.07463	0.01969	0.39929	0.35451	0.40475	0	0	0.38255	0.11071	0.28167	0.81438	0.01447	0.02522	0.0842	0.24037	0.23032	0.20736	0.85091	0.70725	0.00975	0.06908	0.79367	0	0.22265	0.42256	0.19389	0.21491	0.01617	0	0.22264	0.19005	0.2314	0.26092	0	0.18445	0.28586	0.00639	0.01416	0.21204	0.18517	0.54556	0.68663	0.71423	0.61498	0.06826	0.04987	0	1.32063	0.25452	1.96786	0.28901	0.35018	0.22435	0.11384	0.0058	0	0.45226	0	0.24409	0.36863	0	0.00267	0.71131	0.139	0.43736	0.53392	0.20595	0.0104	0.40772	0.03479	0.37299	0.44242	0.17866	0.24419	0.03011	0.00337	0.1557	0.03334	0.32627	0.35046	0.01623	0.20153	0.00055	0.50142	0.38346	0.58484	0.58882	0	0.07905	0.21962	0.32636	0.13458	0.48614	0.86712	0.07051	0.32148	0.04129	0.23935	0.37295	0.2244	0.14215	0.71864	0.13893	1.67689	0.01751	0.48615	0.20642	0.10068	0.24596	0.36271	0.32948	0.15473	0.00472	0.05282	0.00597	0.00332	0.13481	0.10491	0.17938	0	0.28678	0.2905	0.25262	0.00061	0.11333	0.52845	0	0.18289	0.24624	0.15929	0	0	0	0.16991	0.1304	0.00955	0	0	0.39571	0.03624	0.17136	0.15934	0.05308	0.41436	0.41539	0.28975	0.30623	0	0.28613	0.91087	0.02037	0.20482	0	0.12048	0.21179	0.58274	0.04182	0.23088	0.33362	0.11519	0.13663	0	0.38877	0.22812	0	0.86427	0.37582	0.09181	0.04848	0	1.17034	0.02668	0.07179	0.00114	0.21449	0.27149	0.28628	0.04678	0.92859	0	0.00964	0.17483	0.26675	0.88378	0.44148	0.10326	0.18329	0.14167	0.30542	0.23143	0	0.34327	0.68651	0.39561	0.09185	0.22681	0.44359	0.2408	0.82642	0.38751	0.10879	0.16853	0.0296	0.70105	0.45608	0.37483	0.18519	1.16862	0.29327	0.69192	0	0.16601	0.3458	0.03002	0.59655	0.53216	0.55365	0.04732	0.41716	0	0.51058	0	0	0.81831	0	0.21704	0.40275	0.26491	0.33628	0.62797	0.32589	0.19456	0.4105	0.41029	0	0	0.41114	0.39354	0.12647	0.79463	0	0.06112	0	0.62927	0.565	0.10007	0.06677	0.5578	0.14241	0.04346	0	0.60759	0.26046	0.46595	0.77881	0.47708	0.66992	0	0.11212	0.26507	0.14697	0.20007	0.76489	0.43062	0.12157	0.43642	0	1.30537	0.49189	0.39101	0.39641	0	0.19048	0.43854	0.29246	0	0	0.03965	0	0.38871	0	0.11322	0	0.26097	0.05103	0	0.10196	0.39408	0.11563	0.24225	0	0	0.25684	0.01715	0.36272	0.25721	0	0.40408	0.18969	0	0.14558	0	0.18918	0.59707	0	0.23758	0	0	0.41139	0	0.09808	0	0.31793	0	0.17642	0.04219	0.19418	0.44842	0.06634	0.12422	0	0	0	0.08142	0.21987	0	0.12839	0	0.39277	0.04424	0.68159	0.94072	0.25721	0.24201	0	0.22524	0	0.0959	3.08146
"Tyzzerella_nexilis"	0	0	0	1.17324	0.28275	0.08039	0	0	0	0	1.42407	0	0.14147	0	0	0	1.26909	0	0	0	1.23882	0	0	0	0	1.31691	0	0.55947	0.17936	0	0	0	0	0	0	0	0	0.41859	0.17367	0.00691	0.08558	0	0.4384	0	0.1791	0	0	0.02756	0	0	0	0.19141	1.08776	0	0	0	0	0	0	0	0	0	0.13081	0	0	0	0	0.30489	0.30769	0.92687	0	2.292	5.04815	0.6462	0	0.4448	1.93716	0.12937	0	0	0	0	1.99302	3.53963	21.15288	0	0	0.74784	0	0	0	3.24407	2.22903	0	0	0.322	0.98913	0	0	0.955	0	0	0	0	0	0	0	0	0.61531	0.65583	0.52629	1.94084	0.38447	0	0	1.44747	0	0	0.808	0	0	0	0	1.07353	0.38606	0	0	1.44931	0.48047	0	0	0.64283	2.39659	0	0	0	0	3.88702	0.53533	2.16637	0.20567	0	0.02908	0.29243	0.68477	1.0688	0	0	0	0.74091	2.00028	2.43927	0.67132	0	0.00195	0.01553	0	1.18697	0	0.00497	0	0	0	0	0	1.04359	0	0	0	0.06111	0	1.56377	0.03991	0	0.1483	0	0	0.10464	0.04341	0.83042	0	0	0.49764	0	2.48215	0	0.00299	0	0	0.8828	0	0	0.01099	2.07189	0	0	1.38491	0	0.12579	0	2.25965	0	0	0.84452	0.0315	0	0	0	0.29324	0	0	0	0	0	0	0	0	0	0	0	0	0	0.31928	0	0	0	0	0.95362	0	0	0.2452	0.05002	0	0	0	0	0	0	0	0	0	0	0	0	0	0	0	0	0	0	0.32185	0.0706	1.25449	1.56962	1.14087	0.21755	0.01468	0	0.43804	0	0	0	0	0	0	0	0	0	0	1.23529	0	0	0	0	0.62307	0	0	0	0.14772	0	0	0	0	0	0	0	0	0	0.00687	1.42876	0	0	0	0	1.06699	0	0	0.02872	0.4699	0.64221	0.14364	0	0	0	2.62729	2.41949	0.88802	0	0	0	0.00935	0	0	0	0	0.34542	0.10467	0.65883	0	0	0	0	1.36232	0	0.95394	0.46651	1.02512	0	0	0.80105	0	0	0.05149	0	0	0	0	0	0.97178	0	2.24211	0.24648	0	0	0	0	2.16069	0.60181	0.51833	0	0	0	0	0	0	0	0.90311	0	0.1686	0.57695	0	6.20534	1.57109	0	0	0	0	0.04676	1.09923	1.2608	0	0	0	0	0	0	0	0	1.31945	0	3.18638	0	0.27447	0	0.04669	0	0	0	0	0	0	0	0	0.22396	1.00884	0	0	1.33293	0	0.57407	0	0	1.37824	0	0.64639	0	0	0.78896	0.00056	0	3.99946	0	0	2.34958	0	0.00715	0	2.10275	0	0	2.71167	0	0	0	0	0	0.71277	0.00196	0.37643
"Clostridiales_bacterium_1_7_47FAA"	0.02021	0	0	0	0	0	0.00668	0.02007	0	0	0	0.01306	0	0	0.05184	0.0208	0.01106	0.40531	0	0	0.10733	0.06504	0	0	0.00049	0	0.00713	0	0	0.01279	0.02479	0.00038	0.00314	0.01053	0	0.00554	0.00396	0	0.02777	0.006	0.00979	0	0	0	0.01603	0	0	0	0.0025	0.00447	0	0	0	0	0	0	0	0	0	0	0.08798	0.0047	0	0.00161	0.01383	0.00125	0.01211	0	0	0	0	0.10422	0.00213	0.01139	0.03475	0.02972	0	0	0	0	0	0.00567	0.13545	0.13869	0.3222	0.00149	0.0048	0	0	0	0	0	0.08241	0	0	0	0.00232	0	0	0	0	0	0	0	0	0.00177	0.00089	0.05857	0	0.24304	0	0	0.07141	0.00215	0	0.00227	0.04967	0	0.13151	0.01639	0.00196	0	0	0.02003	0.03588	0.0055	0	0.00641	0	0	0	0	0	0	0	0	0	0.01384	0.00972	0	0	0.0077	0.00909	0	0	0	0	0	0.0151	0	0	0.13798	0	0	0.0762	0	0	0.03944	0.01378	0.01541	0	0.01841	0	0.00347	0.00696	0.09107	0	0.00372	0.02356	0	0	0	0.14792	0	0.04119	0	0.01096	0.0256	0.01684	0.08408	0.01352	0.01604	0	0	0	0	0.00553	0.00852	0.00042	0.04655	0	0	0.00728	0.04819	0	0	0.0135	0	0.00514	0.01554	0	0.00029	0	0.08484	0.03166	0.06994	0.02391	0	0.03907	0	0	0	0.00361	0	0	0	0.00344	0	0	0.00073	0	0.044	0.10003	0.00402	0	0	0	0.01886	0.02619	0.00218	0	0	0	0.01057	0	0	0.03664	0	0	0	0.00855	0	0	0	0.00383	0.05006	0.01798	0.00675	0.03698	0.03478	0	0.02045	0	0.03944	0	0.00506	0.02052	0	0.02287	0	0	0	0	0	0	0	0.01063	0	0	0.00663	0	0.01819	0	0	0	0.01975	0.00927	0.008	0	0	0.02343	0.04291	0.0043	0	0	0	0.004	0.02167	0	0	0	0	0.00988	0.00541	0	0	0	0.04199	0	0	0.00377	0	0	0	0.02628	0	0	0.00468	0	0	0.00896	0.01895	0	0	0.00984	0.05076	0	0.01054	0	0.0123	0.00288	0.0105	0	0.0673	0	0	0	0.00166	0.02384	0	0	0	0.00125	0.00496	0	0.00174	0	0	0.01858	0.0017	0.09596	0.0067	0	0.00839	0	0	0.10962	0.08846	0	0	0	0.02441	0	0.01224	0	0.0446	0	0	0	0	0	0.07472	0	0.01864	0	0.6903	0.00547	0	0	0.00179	0	0	0	0	0	0	0	0.04737	0	0.02538	0	0.01011	0	0.00214	0.10597	0	0	0.01491	0.00246	0	0.00559	0.00259	0	0.03059	0.03004	0.00227	0	0	0	0	0.02876	0.04839	0	0.03045	0	0.0025	0.03082	0	0.11952	0	0.05563	0	0.15647	0	0	0	0.00286	0	0	0	0	0	0.08668	0	0	0.02472	0	0	0
"GGB9614_SGB15049"	0	0.5664	0.37969	0	0	0	0	0	0.04849	0.4493	0.07733	0	0.2603	0	0	0	0.30652	0	0.17894	0.17975	0	0	0.55541	0.03733	0.0661	0.23193	0	0	0.07145	0	0	0	0.26324	0	0.02518	0.00893	0.16603	0.23969	0.04344	0.02957	0.03552	0	0	0.24534	0	0	0	0	0.01829	0.0135	0.23115	0	0	0	0	0.00991	0.0156	0	0	0	0	0	0	0.03651	0	0	0	0	0	0	0	0.10987	0.02212	0.01277	0.02509	0.06949	0	0	0	0	0	0	0	0	0	0	0	0	0	0.19343	0	0	0	0.11742	0	0	0	0.12846	0.10413	0	0	0.01625	0.06406	0	0	0	0	0	0.28665	0	0.15659	0.20534	0	0.04895	0	0	0	0	0	0	0	0	0	0	0	0	0.01399	0	0	0.12952	0	0	0	0	0	0	0	0	0	0	0	0	0.13729	0	0	0	0.05893	0	0.00184	0	0	0	0	0	0	0	0	0.059	0	0	0.15065	0	0	0.04532	0.00772	0	0	0	0	0.24103	0.00741	0.37694	0	0	0	0	0	0	0	0	0	0	0	0	0.02198	0	0	0	0.43178	0.01105	0.01643	0.08449	0	0	0	0	0	0	0.28928	0	0	0	0	0	0	0	0.04743	0.10968	0.0602	0	0.03108	0.07303	0	0.00683	0.17827	0	0	0	0.14055	0.29267	0	0	0	0.03451	0	0	0	0	0.35856	0.03377	0.05847	0.0138	0.11012	0	0.19093	0.30433	0	0	0	0	0.07267	0	0	0	0.10041	0	0	0	0	0	0.00225	0	0	0	0	0	0.25988	0.00553	0	0	0	0	0.00297	0	0	0	0.19172	0.04395	0	0	0	0	0.07655	0.15072	0.68011	0	0	0.14834	0	0.04724	0	0	0	0.07706	0.00087	0.11482	0.13303	0.12386	0.35364	0	0	0	0	0	0	0.16516	0	0	0	0	0	0.13255	0.49238	0.07352	0.12963	0.17365	0.34671	0	0	0	0.17056	0	0	0	0	0.1645	0.26983	0.78755	0.12897	0	0	0.20127	0	0	0	0	0	0	0	0	0	0	0	0	0.01292	0.09129	0	0	0.13067	0	0	0	0	0	0	0	0	0	0.17264	0	0	0	0.13557	0.2574	0	0	0	0	0	0	0.1582	0	0.22821	0	0.18751	0	0.0469	0	0	0	0	0	0.35402	0.00211	0	0	0.07687	0	0	0	0	0	0	0	0	0.05537	0	0.11978	0.07114	0	0	0	0	0	0	0	0	0	0	0	0.1206	0	0	0	0	0	0	0	0	0	0	0	0	0	0	0	0	0	0	0.0435	0	0	0	0	0	0	0	0	0
"Bacteroides_nordii"	0.16454	0.00509	0.05261	0.54288	0.0142	0	0.06892	0	0.12905	0	0.25336	0.01505	0	0.09616	0	0	0.02306	0	0.02862	0	0	0	0	0	0.01387	0	0.00566	0	0	0.00918	0	0	0	0.5895	0.03954	0.024	0.04818	0.03313	0.20797	0.08564	0.03345	0	0	0.09907	0	0	0	0	0.13624	0.27249	0.46887	0	0	0.0284	0.04317	0.00651	0	0	0	0	0	0.01634	0	0.27214	0.00371	0	0	0	0	0.01964	0.0071	0	0	0.01312	0.03396	0.25941	0	0	0	0	0.04808	0	0	0	0	0.0296	0	0	0.13626	0	0.0289	0	0	0	0.01014	0	0	0	0.04613	0.03432	0.05994	0.57444	0.63192	0	0	0	0	0	0	0.00049	0	0.09963	0	0.09777	0	0.51721	0.12761	0.07942	0.04696	0	0	0	0	0	0	0.0116	0.14672	0.12168	0	0	0.06568	0.00934	0	0	0	0.58875	0	0	0	0	0	0.06929	0.08262	0	0	0	0	0	0	0.02997	0	0.02053	0	0	0	0	0.08088	0	1.20043	0	0.02973	0.03509	0.11757	0.01199	0.03364	0	0.00199	0.02188	0	0.04603	0	0.08849	0	0	0.0206	0	0	0.37024	0.00519	0	0	0	0	0	0	0	0.00655	0	0	0.60912	0	0.01933	0	0.18787	0	0.0265	0	0.20734	0.09398	0	0	0.01488	0.02892	0	0.12584	0.40214	0.01068	0	0	0	0.0203	0.04089	0.14846	0.04416	0.1573	0.08317	0	0	0.01705	0.07399	0	0	0	0.03891	0.00657	0.25505	0.06212	0	0	0	0	0	0	0	0.01081	0.00722	0.1283	0.006	0	0	0	0.1153	0.2895	0	0.1061	0	0.19616	0	0	0.01272	0	0	0.14956	0	0	0	0	0.02071	0.08004	0.33992	0	0.10534	0	0	0	0.0027	0.08324	0	0.00256	0	0.15744	0.09371	0.00205	0.00507	0	0.59503	0.09439	0.10094	0.05757	0.09654	0	0.41618	0.10432	0.08072	0	0.05361	0.07148	0.19475	0.00454	0.06459	0.14066	0.16314	0.40423	0	0	0.03307	0.03818	0.03237	0.07014	0.06443	0.02996	0.01765	0.06223	0	0.02447	0.15973	0	0.00649	0	0	0	0.05035	0.08641	0	0	0.14801	0.30566	0.07354	0.01413	0	0	0.05661	0	0.09241	0	0	0	0.02343	0	0	0	0.00463	0.02297	1.03163	0.00764	0.00527	0.00665	0.04159	0.65442	0	0.08198	0	0	0.10487	0	0.22017	0	0	0	0.03695	0	0	0.06043	0	0	0	0	0	0	0	0.07655	0	0	0.11639	0.03901	0	0.03889	0.51779	0	0	0.13995	0	0.04581	0	0.02109	0	0	0	0	1.57665	0	0	0.48133	0.01601	0	0	0.00531	0	0.02451	0	0	0	0.18953	0.55097	0.07521	0.37151	0	0	0	0	0.02565	0	0	0	0	0	0	0.14961	0	0	0.04429	0.11874	0.16965	0.34079	0.0593	0	0.39897	0	0.05201	0	0	0	0.06484	0	0	0.57164	0.18208	0	0
"Dysosmobacter_welbionis"	0.3998	0.74458	0.59315	0.58196	0.60331	0.10614	1.008	0.95867	0.56964	0.17318	0.11755	0.47456	1.03738	0.58934	0.86168	0.38137	0.31489	0.49494	0.16782	0.14118	0	0	0.38975	0.0271	0.20688	0.22857	0.06227	0	0	0.18905	0.27271	0.53834	0.30389	1.1476	0.27869	0.14207	0.03961	0.47818	0.33515	0.5116	0.16356	0	1.20586	0.2222	0.07359	0	0.57656	0.42666	0.06666	0.28509	0.23761	0.29214	1.04375	0.17616	0.00346	0.11567	0.00336	0.46692	0	1.45432	1.20988	0.01998	0	0.39118	0.23886	0.71674	0.78893	1.79701	0.25304	0	1.44206	0.72966	0.72956	0.10369	0.47128	0.44544	0.83119	0	0	0.07408	0.17464	1.35481	1.51976	0	0	0.34038	0	0.08852	1.23367	0.02073	0.11265	0	0	0.03428	0.15423	0.2638	0.18537	0.07489	0.09502	0	0.02066	1.04731	0.58014	0	0.26461	0.34008	0.0975	0.59023	0	0.07114	1.47185	0.2041	0.20233	0.16398	0.16615	0.47438	0.50946	0.245	0.38614	0.54713	0.79156	0	0.19033	0	0.11633	0.23437	0.65445	0.84625	0.18844	0.16837	0.08205	0	0	0.03001	0.4156	0.46201	0	0.04471	0.00617	0	0.30389	0.46333	1.34416	0.20736	0.38129	0.31541	0.06156	0.12014	0.54185	0.27189	0.03568	0.49123	0	0.09194	0.62596	0.09602	0.87065	0.41627	0.20142	0.74434	0.2604	0.08751	0.46804	0.04986	0.16576	0.21156	0.28664	0.31974	0.28113	0.09926	0.26777	0.18699	0.51026	0.22983	0.01165	0	0.46667	0.81986	0.38132	0	0	0.75153	0.35349	0.14427	0.07492	0.03441	0.2	0.05054	0.58837	0.13894	0.11779	0.01249	0.54681	0	0.49669	0.54078	0.13914	0	0.22169	0.65822	0	0.42013	0.06989	0.24576	0.40433	1.21601	0.57573	0.70767	0	0.53128	0.53173	0.14669	0.28055	0.04056	0.44255	0.0774	0.02185	0.14836	0.19491	0.91082	0.48732	0.77317	0.2392	0.47079	0.28634	0.23311	0.37169	0.29429	0.14144	0.21655	0.00523	0	0.23278	0.89336	0.28029	0.27369	0.35322	0.30772	0	0.10943	1.32591	0.39702	0.35242	0.08954	0.13758	0	0.64461	0.21441	0	0.25356	0.20188	1.04435	0	0.65826	0.7375	0.20339	0.19979	0.35774	0.3613	0.08009	0.46651	0.24622	0.27602	0	0.56117	0.00255	0.19437	0.61799	0.06363	0.63998	0.62837	0.61441	0.00483	0.04481	0.23205	0.81335	0.56184	0.20844	0.55146	0.20649	0.62877	1.6343	0.43309	0.4149	0	0.02884	0.03166	0.08126	0.0669	0.63783	0.57376	0.65721	0.52595	0	0	0.39398	0.46916	0.20836	0.35445	0.22571	1.54888	0.33205	0.34528	0.02497	0.05978	0	0	0.37885	0.14507	0.06945	0.24372	0.73694	0.2053	0	0.3074	0.27334	0.55298	0.18843	0.30947	0.21163	0.13995	0.33817	0.14077	0.72618	1.05334	0	0.37045	0.18824	0.47606	0.29571	1.12886	0	0.51828	0.99314	0.42161	0.21969	0	0.17204	0.25063	0.36683	0	0.21032	0.05555	0.57836	0.04126	0	0.24975	0	0.30276	0.09807	0.03169	0.13689	0.0166	0	0.41392	0	0.31559	0.1449	0.48228	0.18445	0.19104	0	0.05702	0.23587	0.28738	0.52673	0.36475	0.41862	0.43557	0.61005	0.39843	0.10268	0.44014	0.04139	1.28278	0	0.09106	0.53556	0	0.17609	0	0	0.2845	0.24726	0.20113	0.32005	0	0.59333	0.11208	0	0.21499	0	0	0.31528	0.29275	0.22214	0	0	0.3041	0	0.26239	0	0	0	0.50013	0.51104	0.70905	0	0.76927	0.50499	0.2244	0.95081	1.18848	0.77386	1.47755	0.23498	0.02381	1.27225	0.08288	0.30615	0	0.2593	0.24139	0	0	0.13445	1.43033	0.35066	0
"Erysipelatoclostridium_ramosum"	0.07553	0	0	0.18522	0.00691	0.01707	0.00436	0.00281	0	0.1181	0	0.00098	0.01032	0.07956	0.17744	0.05995	0.01958	0.31995	0.00134	0	0.62382	0.3683	0.14751	0	0	0.00891	0	0.03005	0	0.07171	0.00645	0	0.06368	0.03195	0.00168	0.00549	0.03579	0.13091	0.19459	0.11873	0.15434	1.61684	0	0	0.03871	0	0.00192	0.05032	0	0	0	0.16986	0.06725	0.01506	0.59118	0	0	0.48838	0.05337	0	0.06592	0	0	0	0	0.3098	0.10431	0.88857	0.27797	0.052	0	0.25104	0.96971	0.62411	0.1438	0.09199	0.32851	0.08041	0.94005	0	0	0.07186	0.61087	0.18994	2.57115	0	0.52312	0.29656	0.03881	0	0	0.15841	0.17247	0	0	0.12858	0.48732	0.03637	0	0.12802	0.51986	0.22369	0.03334	0.02566	0.02446	0.06557	0	0.04485	0.34369	0.44889	0.00466	0.10576	0.15292	0	0	0.10788	0.09636	0.10075	0.61335	0.00313	0	0.22949	0.15159	0.6725	0.32932	0	0	0	0.47868	0.15674	0.03402	0.19289	0.22597	0.00266	0.26754	0.25216	0.02181	0.00721	0.00631	0.20011	0.03291	0	0	0	0	0.04321	0	0.12943	0	0.01403	0.41256	0.25363	0.00848	0.1054	0.04085	0	0.04779	0.10183	0.7549	0	0.00468	0.3116	0.08147	0	0.00065	0.02658	0.72188	0.00514	0	0	0.02076	0	0.07927	0.00022	0.05035	0	0.47063	0.00712	0.00148	0.07051	0.97759	0	0.26368	0	1.071	0	0	0.01278	0.06312	0.60259	0	0	0.04363	0.13627	0.12797	0	0.02009	0	0	0	0.10023	0.03638	0	0.31001	0.03618	0	0.0562	0.13637	0	0.16782	0	0	0	0	0.00586	0.05895	0.28861	1.83425	0	0.28697	0.0662	0.12171	0.22314	0	0.08038	0.2513	0.49902	0.01188	0	0	0	0	0	2.1207	0.05907	0.01499	0	0	0.13114	0.01355	1.04278	0.20745	0.18431	0.0246	0	0.14119	0.1797	0.00072	0.02916	0.11174	0.17866	0.56391	0.63878	0.15347	0.16781	0.70418	0.09191	0	0.07649	1.6884	0.85519	0.03474	0	0	3.19192	0	0	0.03694	0	0.16223	0.0888	0	0	0.00668	0	0.00887	0.64557	0	0	0	0	0	0	0	0	0	0.00943	0.20187	0.01686	0	0.01026	0.01707	0.07187	0	0.07156	0.02237	0.06991	0.23511	0.10009	0	1.85871	0.02611	0	0	0.04545	0	0.27075	0.00924	0.2946	1.39575	0.03694	0.14763	0.41566	0.33229	0.1257	0.6569	0	0.00957	0	0.01864	0	0	0.31642	0.01572	0.37061	0.74196	0.06002	0.05985	0	0.06647	1.77368	0.00293	0.02094	0.10327	0	0	0.11339	0	0	0	0.31686	0.01667	0.25101	0.21753	0.07444	0.06271	0.03415	0.07036	0	0	0	0.03381	0	0.17755	0.10162	0.86722	0.12666	0.05194	0.38439	0.272	0	3.83358	0.45658	0	0	0.14031	0	0.07661	1.99575	0.49606	0.53086	0.54673	0.26792	0.01756	0	1.85451	0.07354	0.00694	0.12181	0.27817	0.31448	0.09332	0.14008	0.01585	0	0	0	0.31225	0	1.55942	0.52438	0.90192	0	0.06006	0.18184	0.46611	0	0.15169	0.08044	6.26361	0.02597	1.64804	0.18918	0.91921	0.16325	0.04174	0.00139	0.00814	0.00401	0.00082	1.45524	0.07028	0.30083	0.41309	0	0	0	1.2475	0.03676	0	1.06767	0.79828	0.32023	0.27895	0.95826	0.00211	0.70536	0.47435	0
"Hydrogenoanaerobacterium_saccharovorans"	0.05291	0.21287	0.12787	0.29693	0.06422	0	0	0.05853	0.03174	0	0	0	0	0	0	0.10623	0.22136	0	0.08725	0.06903	0	0	0	0.04449	0.09354	0	0.08274	0	0.06987	0.08713	0	0	0.18461	0	0.0793	0.01603	0	0.01201	0.08117	0.07735	0.03357	0	0	0.11955	0	0	0	0.13891	0.04263	0.08652	0.15159	0.11036	0.0685	0.16962	0.21508	0.05462	0	0	0	0	0	0.05431	0	0.09845	0.08577	0.2877	0.43183	0	0.20957	0	0.01047	0	0	0.07026	0.01549	0.1021	0	0	0	0.00484	0.00033	0.20478	0	0	0	0.16633	0	0	0	0.09289	0.08759	0	0	0.05226	0.04391	0	0	0	0.03331	0.25288	0.16891	0.09398	0.08177	0.03759	0	0.01363	0	0	0	0.07637	0	0.01329	0.09046	0.08882	0.09327	0	0	0.16521	0.18617	0.08379	0.11771	0	0	0	0	0.1418	0.01263	0.04135	0	0.05861	0.08328	0	0	0.03076	0.11729	0.07662	0	0	0.01051	0	0	0.15382	0	0	0	0.11096	0.10443	0.01131	0.0954	0.06416	0	0.01084	0	0	0	0	0.11555	0.02497	0	0.05327	0.04423	0.08364	0.11081	0.02019	0.03874	0.00153	0	0	0.11548	0.05344	0	0.25468	0.16729	0.08102	0.07695	0	0.09354	0	0	0	0	0	0	0	0.06726	0	0.0228	0.00186	0.09871	0	0.02734	0.05913	0	0	0.0528	0	0	0	0.21998	0	0	0.04114	0.00918	0.08712	0	0.10749	0.0599	0.12713	0.00197	0.04978	0.08254	0.10258	0.0698	0.10728	0.10307	0.08442	0.19803	0.0843	0.07494	0.13441	0.14965	0.03572	0	0.05582	0.07621	0	0.10908	0	0.10538	0.17526	0.00676	0.0112	0.03423	0	0	0.17681	0.06081	0	0	0.01968	0.05136	0.04447	0.04249	0.06793	0.06584	0	0.17354	0	0	0.09328	0.05802	0.07802	0	0.33258	0	0	0.07435	0.09301	0	0	0.08855	0	0.04802	0	0.11819	0	0.07401	0.05549	0.08697	0	0.04841	0.19484	0.04747	0.03376	0	0.24897	0.11244	0.08779	0.09724	0.07309	0	0.07479	0	0.07819	0	0	0.13611	0.08974	0	0	0	0.10068	0.02358	0.14668	0.10675	0.06326	0	0.04157	0	0.06776	0	0.15715	0.10756	0.03476	0.09039	0.02049	0	0.00826	0.08172	0.00507	0.20532	0.10477	0	0	0.01707	0.0962	0.09094	0.20956	0.04796	0	0	0.09226	0.20551	0.03919	0	0	0.18895	0	0.31963	0.12939	0	0	0.04566	0.0784	0.09366	0.05629	0	0.08814	0	0	0.03366	0.14727	0.00883	0	0	0	0.12845	0	0.04488	0.09573	0.00417	0.07783	0.03068	0	0	0.03728	0.2132	0.11917	0.14871	0.0694	0	0	0	0.09583	0	0.03326	0.21806	0.03338	0	0	0	0.04122	0.02176	0.10473	0	0	0.06115	0.01573	0	0.06353	0	0	0	0.16631	0.11817	0.05894	0	0.08803	0	0	0.13245	0	0	0.07754	0	0.01446	0	0.0333	0.00413	0	0	0	0	0	0.32365	0.11222	0	0	0.01203	0	0.03643	0.22466	0.09239	0.06521	0.18805	0	0.2618	0	0	0.101	0	0.22492	0.26043	0	0	0	0	0.1786	0.65163
"Mediterraneibacter_glycyrrhizinilyticus"	0.08931	0.12758	0	0	0.01832	0	0.01121	0	0.00555	0	0.02716	0	0	0	0	0	0.00647	0.3947	0	0	0.04009	0	0	0	0.00134	0	0	0	0	0.01086	0	0	0	0	0.00303	0	0	0.01077	0.03351	0.01962	0.01645	0.05208	0	0	0	0	0	0.00246	0	0	0	0.0603	0.06834	0.01585	0.12146	0	0	0	0	0	0	0.01957	0	0	0.01147	0	0	0	0	0	0	0	0	0.00265	0.0249	0.02883	0	0.10373	0	0	0	0.07282	0	0	0	0.0493	0	0	0	0.00013	0	0	0	0	0.02565	0	0	0	0.00919	0	0	0	0	0	0	0	0	0	0	0	0	0	0	0	0	0	0	0	0.23143	0.00548	0	0	0	0.21304	0	0	0	0	0	0.0503	0	0.1367	0	0	0	0.03817	0.14829	0	0.05842	0	0	0	0	0	0.00068	0	0	0	0	0.09317	0	0	0	0	0	0.01061	0	0	0	0	0.02909	0	0.01501	0	0.01903	0	0.00222	0	0.01498	0.00726	0.06484	0.01824	0	0	0	0	0	0	0	0	0	0.0153	0.12482	0.08262	0	0	0	0	0.02882	0	0	0	0.02967	0.64022	0	0	0.14384	0.03307	0	0.04991	0.17227	0	0	0	0	0.03671	0	0	0.00053	0	0.01522	0.07528	0.02446	0	0.00811	0.07823	0.06725	0.0153	0	0.02814	0	0	0	0	0.01995	0.26001	0	0	0.01466	0	0	0	0.01286	0	0.02216	0	0	0.39043	0	0.02783	0.02774	0	0.06396	0	0	0	0	0	0.01235	0.02645	0	0	0.01155	0.242	0.23911	0.2881	0.00064	0	0.00221	0	0	0	0	0	0.18191	0.01298	0	0.03038	0	0	0.06883	0	0	0	0.01702	0	0	0	0	0.01121	0	0	0.01185	0.00869	0	0	0.0373	0.00174	0.01933	0.02302	0.04743	0.02011	0.01179	0.0294	0	0	0.01499	0	0	0.07455	0	0	0	0	0.976	0.0027	0	0.02689	0	0.0386	0	0	0.01287	0	0.19393	0.92288	0	0.06555	0	0.08637	0.2678	0.00711	0	0.00621	0	0	0.03908	0	0.0168	0	0	0	0.03195	0	0	0.03927	0	0	0	0	0	0	0.11809	0	0.00693	0	0	0.12845	0.00582	0	0.01657	0	0	0.0261	0	0	0	0.09032	0.19489	0	0.05973	0.1586	0	0.07908	0	0	0	0.03189	0	0.19281	0	0.00676	0	0	0	0	0	0.03846	0	0	0	0	0.06294	0.00449	0.07407	0.00466	0	0	0	0	0	0	0.01473	0	0	0	0.13649	0	0	0	0.03748	0	0.28897	0	0.10717	0.00824	0.03351	0.0307	0.00011	0	0	0.14799	0	0	0.02437	0	0	0	0.00859	0	0	0	0	0	0	0.03223	0	0	0
"Holdemania_massiliensis"	0.05518	0.06147	0	0	0.01984	0	0.06517	0.02058	0	0.00903	0	0	0	0	0	0	0.05228	0.06243	0.0032	0	0	0	0	0	0.00698	0	0.00724	0	0.02488	0	0.07736	0	0.00631	0.04038	0.05825	0.03983	0	0.02186	0.05177	0.01976	0.01002	0	0	0	0.00277	0	0.06462	0.13775	0.03053	0.05753	0.01806	0	0	0.0621	0	0.0033	0	0	0	0	0.10216	0	0	0.0211	0.02604	0	0.07397	0.34954	0	0.03688	0.02718	0.39005	0.18018	0.00097	0.0138	0.01583	0.01361	0.13934	0	0	0	0	0	0	0	0	0.14594	0	0	0	0	0	0	0.00779	0	0	0	0.03368	0	0	0	0	0	0	0	0.02432	0.00359	0	0	0.08003	0	0	0	0	0	0	0.09595	0	0.00209	0	0	0	0	0	0.03401	0.02466	0.01863	0	0.06709	0	0	0	0.08314	0	0	0.20659	0	0.02819	0.07525	0	0	0	0.01023	0.01397	0.07953	0	0.0236	0.05113	0	0	0.20845	0	0	0	0.07542	0	0.11329	0.0289	0.03088	0.02662	0	0	0	0	0.1543	0	0	0.00198	0	0	0	0.07085	0.17603	0.09019	0	0	0	0.07869	0	0.05949	0	0	0.06846	0.05573	0.0662	0	0	0.08235	0	0	0.00671	0	0	0	0.16061	0	0.01285	0	0.0687	0	0	0	0	0	0.00211	0.16017	0.06062	0	0.02544	0	0	0.0264	0	0	0	0.01659	0.03188	0	0	0	0.01193	0.02039	0.04991	0	0.06544	0	0	0	0	0	0	0	0	0	0	0.015	0	0	0	0	0	0.00565	0.04787	0	0	0	0.019	0.01687	0	0	0	0.19708	0	0.0137	0.08206	0.01083	0.04914	0.00173	0	0	0	0	0	0	0	0	0.01611	0	0	0	0	0.03778	0	0	0	0.40987	0	0	0	0.00957	0.02658	0.0512	0	0	0	0	0.08404	0.03447	0	0.08766	0.09057	0.02991	0.01082	0	0	0.00816	0.07574	0	0	0.00617	0	0	0.02052	0	0	0	0	0	0.0401	0.06459	0	0.02933	0.00317	0	0	0.08326	0.05593	0.02497	0	0	0.02737	0.01059	0	0	0.07501	0	0	0	0	0.09393	0	0.02061	0	0.12097	0.00165	0	0	0.00445	0.0123	0	0	0	0	0	0	0.04228	0	0	0.00025	0.0094	0	0	0	0.11028	0	0	0	0	0	0	0.08127	0	0.04588	0	0	0.02695	0.13866	0.06779	0	0.08218	0	0	0	0	0	0	0.01464	0.02745	0	0	0	0	0	0	0.03579	0.00916	0	0.00435	0.03445	0	0.10599	0	0	0.00625	0	0	0	0	0	0	0.00618	0.03766	0	0	0.17875	0.09501	0.00226	0	0	0	0	0	0	0	0.03847	0	0	0	0	0.03208	0	0	0	0	0	0.04757	0	0.06775	0
"Longicatena_caecimuris"	0.09183	0	0	0.12096	0	0	0	0	0.00962	0.00461	0	0	0	0.00478	0	0	0	8.98141	0.00143	0	0	0	0.06374	0	0	0	0	0	0	0.00938	0	0	0.01022	0.0109	0	0.00024	0	0	0.03475	0.00558	0.0344	0	0	0	0	0	0	0	0	0	0	0.18083	0.14492	0.13745	0.02679	0	0	0	0	0.00188	0	0	0	0	0	0.45728	0.17506	0	0	0.00163	0	0	0	0.0362	0.04885	0.02782	0	0	0	0	0	0.0224	0	0	0	0	0	0.02148	1.23334	0	0	0	0	0	0	0.01336	0	0	0	0.09453	0	0.50879	0.30518	0.03178	0.24067	0	0	0.07503	0.00827	0	0.0084	0.05214	0.01688	0	0	0.06696	0	0	0.19281	0	0	0.32399	0	0	0	0.00651	0.00889	0	0	0.01529	0	0	0	0	0	0	0	0	0	0	0	0	0.00963	0	1.2868	0.33579	0.00987	1.41776	0	0	0	0	0	0	0	0	0	0.00579	0.01951	0.00763	0.02157	0	0.00211	0	0	0	0	0	0	0	0	0.12935	0	0.02396	0.14082	0	0	0	0	0	0	0	0	0	0.0038	0	0.04335	0.30154	0	0	0.01916	0	0	0	0.01034	0	0.00155	0.01658	0	0	0	0.01824	0.73913	0	0	0.02792	0.01031	0.0226	0	0	0	0	0	0	0.01692	0.10553	0.30178	0.027	0	0	0.16939	0.37271	0	0	0	0.15358	0	0.68245	0	0	0	0	0	0	0.00956	0	0.00076	0.02442	0	0.00658	2.27324	0.30079	0.02155	0.00489	0.00365	0	0	0	0	0	0	0.4604	0	0.15366	0.10928	0	0	0	0	0	0	0	0	0	0.00859	0	0	0	0	0.20376	0.04459	0	0	0	0	0.17463	0	0.00525	0	0	0.03303	0	0.00256	0	0	0	0	0	0.00294	0	0	0.07794	0.00308	0	0	0.12372	0	0.00669	0.12051	0	0	0.01418	0	0	0	0.06485	0.01628	0	0.25289	0	0	0	0	0	0.02711	1.07383	0	0	0	0.02034	0.01585	0.00131	0.17114	0	0	0	0	0	0	0.29	0	0	0.08535	0	0	0	0	0	0	0	0	0.25943	0	0	0	0.02083	0	0	0	0.00032	0.0068	0	0	0	0.0938	0	0.28209	0	0	0	0	0	0	0	0	0.2316	0	0	0	0.48016	0.46003	0	0.09358	0	0	0.04411	0.07707	0.19695	0	0.63047	0	0	0.16233	0	0	0	0.00195	0	0	0	0	0	0	0	0	0	0	2.77397	0	0	0.09635	0	0.03289	0	0	0	0	0	0.02851	0	1.17373	0	0	0.30811	0	0	0.08457	1.22066	0	0	0	0.61422	0	0	0	0	0	0	0
"GGB51510_SGB71883"	0.00555	0.03427	0	0	0.00735	0	0	0	0	0	0	0.00091	0.05386	0.00622	0.02636	0.0214	0.08993	0.09054	0	0	0	0	0.09244	0	0	0	0	0	0	0	0.02755	0	0	0.00728	0.01458	0	0	0	0.0356	0.00987	0.00781	0	0.01948	0	0	0	0	0	0	0	0.00691	0.02454	0.00191	0	0.0153	0	0	0	0	0	0	0	0	0	0	0	0	0	0	0	0.00943	0	0	0.00373	0.00723	0.0134	0	0	0	0	0	0	0	0.14053	0	0	0	0	0	0	0	0.03101	0.01114	0	0	0	0	0	0	0	0	0.0905	0	0	0	0	0	0.04188	0.03994	0.05759	0.09183	0.00139	0.10469	0	0.00712	0.08573	0.04735	0	0	0.01991	0	0.06287	0.03059	0	0	0	0	0.0105	0.06208	0	0	0.0059	0.07907	0	0.02784	0.05098	0	0.00153	0	0	0	0.01916	0.00289	0	0.00582	0.01302	0	0.00652	0	0.01053	0	0	0	0	0.01308	0	0	0	0.00128	0	0	0	0.01037	0	0	0.00128	0	0	0.01529	0	0	0.02888	0.01882	0	0.00734	0	0.04834	0	0.00225	0.0247	0	0.03786	0.04815	0.07565	0	0	0	0.01428	0.01633	0	0	0	0.00238	0	0.05198	0	0.00465	0.01266	0	0	0	0	0	0	0	0	0	0	0	0.00274	0	0.00032	0	0	0	0	0	0.0092	0	0.01648	0	0	0.00292	0.00081	0	0	0	0.07136	0	0	0	0	0	0	0.01221	0.00153	0	0	0	0.00124	0	0	0	0	0	0.00371	0	0.00906	0	0.00862	0.02014	0	0	0	0.01377	0.02049	0	0	0.04598	0.03139	0	0	0	0	0.04331	0	0	0.00178	0	0	0	0.00101	0	0	0.00104	0	0	0	0.02804	0	0	0.01298	0.00063	0	0	0	0.00162	0	0.00035	0.01777	0.01606	0	0	0	0.02448	0	0.01902	0.0085	0.02095	0.05468	0.07899	0	0.00487	0	0.02652	0	0	0	0	0	0	0.0082	0	0	0.01736	0.02001	0	0	0	0	0.00738	0	0.00308	0	0.03564	0	0	0	0.09727	0	0	0	0	0	0	0	0	0	0.01965	0	0	0	0	0	0	0	0.0284	0	0	0	0	0	0	0.03906	0.03231	0.06669	0.01956	0	0	0.03122	0.06439	0	0	0	0.00175	0	0	0.00582	0	0	0.01278	0.0099	0	0	0	0	0	0	0.03904	0	0	0	0.01639	0	0.02302	0	0	0	0	0	0.01227	0	0	0	0	0.01675	0	0	0	0	0	0	0.13363	0	0.03202	0.00542	0	0	0	0.01703	0.01179	0	0.00993	0	0	0.01173	0	0	0	0	0	0.02323	0.01965	0.00262	0	0	0.00264	0	0
"GGB55957_SGB77276"	0	0.00459	0	0.0056	0.00426	0	0	0	0	0.0139	0	0.00159	0.00393	0.00175	0.00065	0	0.02952	0.00814	0	0	0	0	0.02269	0	0	0	0	0	0.00046	0	0.00078	0.01636	0	0	0	0	0	0	0.01175	0.0087	0.01979	0.07931	0	0	0	0	0	0	0	0	0	0.01481	0.00103	0	0.00539	0	0	0	0	0	0.01272	0.00179	0	0	0	0	0	0	0.02317	0.00433	0	0.03124	0	0.00527	7e-04	0.01051	0.00064	0.01159	0	0	0	0	0	0.03333	0.01215	0	0.05548	0	0	0	0.00019	0	0.01549	0	0	0.0261	0.00457	0	0	0.0022	0.0014	0.0145	0	0	0	0.01203	0	0	0.01242	0.0127	0	0.00285	0.03855	0	0	0.03042	0.01124	0	0.01283	0.00986	0	0	0	0	0.00187	0	0	0	0.11882	0	0	0.00237	0.01682	0.00125	0	0.00817	0.00653	0	0.00175	0.04702	0	0	0	0.0068	0	0.00319	0	0.00689	0	0.01858	0	0	0	0	0	0	0	0	0	0	0	0.00358	0	0	0	0	0	0	0.00034	0	0	0	0	0	0.00563	0	0.01227	0	0	0.02133	0	0	0.01042	0.0143	0	0	0	0.00375	0.00223	0	0	0	0.00234	4e-04	0.00452	0	0.00057	0	0.02596	0.00256	0.08666	0	0	0	0	0	0	0	0	0	0	0.00929	0	0	0	0	0.0016	0.00142	0	0	0	0	0.00044	0.00511	0	0	0	0.00164	0	0	0	0	0	0	0	0	0	0	0	0	0	0	0	0	0	0	0	0	0	0.05625	0	0	0.00917	0	0.00712	0.01625	0	0	0.00023	0	0	0	0	0	0.05547	0	0	0.00028	0	0	0	0	0	0	0.02041	0.00162	0	0	0.01968	0	0	0.00106	0	0	0	0	0.00315	0	0.00066	0.00826	0	0	0	0.01361	0.02159	0	0	0.00604	0	0.00208	0.02559	0	0	0	0	0	0	0	0	0	0	0	0	0.01782	0.0022	0.00842	0	0.02671	0	0.00678	0.0131	0	0	0	0.00072	0.01505	0	0	0.01238	0	0.00755	0	0.00298	0	0	0	0.00108	0	0.01288	0	0.01502	0.03242	0	0	0	0	0.01133	0.0654	0	0	0.00525	0.03654	0	0.15957	0.00285	0.01025	0	0	0	0	0.02234	0.01297	0.05486	0	0	0	0	0.00167	0	0.01582	0	0	0	0	0	0	0	0	0	0	0	0	0.00651	0	0	0	0	0	0	0.00048	0	0	0.01141	0.00065	0.04166	0	0	0.02348	0.00135	0.00091	0.00048	0	0.02532	0	0.1284	0	0	0	0	0.00255	0.01081	0	0.00313	0	0.00259	0	0	0	0	0	0	0	0.00148	0.02166	0.09564	0.01623	0.01144	0.00299	0
"Enterocloster_citroniae"	0.02247	0.0148	0.0055	0	0.01405	0	0.02038	0.00773	0.00059	0	0	0.0139	0.0482	0.0146	0.01978	0.00422	0.07926	0.15328	0.00289	0	0	0	0.02382	0	0	0.03631	0	0	0.01691	0.00281	0.01223	0	0.01627	0.01328	0.009	0	0	0.00991	0.03506	0.03046	0.03379	0.38465	0.04154	0	0.00946	0	0	0.02524	0	0.01529	0.0083	0.01827	0.01318	0.01223	0.00308	0.00354	0	0.02726	0	0.00068	0.03309	0.0118	0	0.0059	0.00823	0.00016	0.0026	0.13186	0.05977	0	0.0024	0.1305	0.02672	0.01281	0.03331	0.02247	0	0	0	0	0	0.00317	0.02619	0.0663	0.09796	0.00528	0	0.04765	0.0023	0.04217	0.00061	0	0	0	0	0	0.01512	0.00856	0.00383	0.02497	0	0.02231	0.00517	0	0	0.01141	0.00641	0.04793	0.0977	0.00303	0.09878	0.01134	0.05893	0.04601	0.02023	0.02135	0.00998	0.03601	0.02103	0.01839	0.0063	0.01688	0.09592	0.06716	0.01522	0.00627	0.0266	0.06918	0.00428	0.01551	0.01793	0	0.0261	0	0.03455	0.02833	0.04238	0	0.04469	0	0	0.01294	0.00223	0.01217	0.43573	0	0.00649	0	0.0034	0.02642	0.0393	0.11448	0	0.01602	0.00797	0	0.02508	0.0125	0.01815	0.01163	0	0.00449	0.00318	0	0	0.00773	0	0.00839	0.00455	0.00502	0.03516	0.03184	0.03103	0.00284	0	0	0	0.01732	0.0277	0.00427	0.04883	0.01381	0.00434	0.03042	0.02772	0	0.03922	0.0607	0.02896	0.06051	0	0	0.03588	0.00844	0.01076	0.00404	0.00337	0.00425	0.04112	0.03655	0	0.00112	0	0.09185	0.03028	0.01902	0.04477	0.00651	0.00371	0.02116	0	0	0	0.01818	0	0.04112	0.00228	0.09544	0	0.011	0.00475	0.01356	0.05801	0	0.00377	0.01133	0.0036	0.14245	0.01462	0.00146	0	0	0	0	0.00255	0.00107	0.00955	0.06635	0	0	0.02656	0.0097	0.03433	0.00037	0.00088	0	0.02063	0.01333	0	0.01252	0.02381	0.02426	0	0.03327	0.00366	0.05979	0.00657	0	0.06353	0.00439	0.01166	0.01059	0	0	0.02343	0	0	0.00148	0	0.17068	0.03583	0.01806	0.00161	0	0.03325	0.04756	0.00868	0.01391	0.01358	0.00526	0.02351	0.06852	0.01072	0.00353	0	0	0.04183	0.0152	0	0.00974	0.01551	0.00825	0.00082	0.01297	0.02373	0.00941	0.01771	0.03604	0.14707	0.01038	0	0	0.01887	0	0.00899	0.01309	0	0.02812	0.00261	0	0.01155	0.02968	0.02155	0	2e-04	0.02567	0.01136	0.00497	0.00654	0.00559	0.00472	0.0073	0.00703	0.01917	0.07668	0	0.02919	0.00129	0.01581	0.01581	0.02345	0.01172	0.34328	0.02113	0.00904	0.00161	0	0.0105	0.00768	0.00115	0.0087	0.02965	0.00538	0.10409	0	0	0.10172	0.07579	0	0.00568	0	0.02667	0	0.04101	0.02485	0.02523	0.03478	0.004	0.0219	0.00886	0.03427	0.04897	0.00733	0.00637	0.001	0	0.03085	0.00686	0.06424	0.03304	0.01006	0.00741	0.00745	0.00332	0.04695	0.03507	0.00734	0.00995	0.009	0.01696	0	0	0.01925	0	0	0	0	0.01929	0.01069	0	0	0	0.01034	0.01888	0.02581	0.03625	0.02677	0.00831	0	0.17486	0.00833	0.0069	0	0.05586	0.01489	0.01889	0.01237	0	0.00778	0.00208	0	0	0.06039	0.00929	0.02051	0	0.00976	0.08535	0	0.00587	0.08381	0.03116	0.04161	0.00715	0	0.02491	0	0.00411	0.04503
"Collinsella_SGB4121"	0.045	0.03204	0.04258	0	0	0	0.11146	0	0.02131	0.08477	0.06644	0	0.17656	0.1318	0	0.08604	0.09409	0	0.02845	0.02389	0	0	0.09492	0	0	0.00614	0	0.02463	0	0.06482	0.20889	0.14467	0.23558	0.10912	0	0	0.08048	0	0.06871	0.07953	0.03924	0.04924	0	0.04047	0.09969	0.05089	0.06785	0.14103	0	0	0	0.30991	0.11452	0.05185	0.05903	0	0	0	0	0.11607	0	0.02286	0	0	0	0.10793	0.10382	0.1423	0.07965	0.01298	0.05128	0	0.18664	0.02736	0.07483	0.04174	0.02069	0.02267	0.12668	0.05381	0.06932	0.07068	0.19688	0	0	0	0.04339	0	0.1536	0	0	0.0627	0.12179	0	0	0.04024	0	0	0	0	0	0.10848	0.11543	0.07088	0	0	0	0	0.01551	0	0.18707	0.10225	0.05782	0.02354	0.10397	0.15926	0.05886	0.10349	0	0.05809	0.08524	0	0	0	0	0	0.19989	0.20887	0.2635	0	0	0.04362	0.11	0.05646	0.12178	0.12373	0.09442	0.00178	0.12552	0.01025	0.16905	0.15605	0.12406	0.02889	0.69599	0.09006	0.09037	0.05484	0.16437	0	0	0.29352	0.07808	0.13857	0	0.0376	0.12991	0.14587	0.06691	0.2748	0	0.07305	0.06706	0	0.14408	0	0.1123	0	0.03092	0.12026	0.18001	0.11538	0.03345	0.06556	0.04515	0.01461	0.05533	0.08866	0.07388	0	0.05606	0	0.06551	0.13041	0.07615	0.12874	0.09048	0.14328	0.03155	0.02536	0	0.10295	0.21598	0.01426	0.20628	0.04266	0	0.02727	0.12473	0.07316	0	0.07083	0.27201	0	0.03234	0.10564	0.13702	0.05623	0.01117	0.13038	0.05366	0.07841	0.05139	0.20284	0.13083	0.11635	0.0795	0.29862	0.07002	0.07913	0.0375	0.02962	0.08821	0.20152	0	0.02628	0.11377	0.10662	0.03338	0.06396	0	0	0	0.02828	0	0.07178	0.04893	0.18565	0.10717	0.11672	0.20681	0.07643	0.03015	0.10847	0	0.10392	0.10603	0	0	0.0079	0.07774	0.05559	0	0	0	0.16102	0.07599	0.04492	0.42374	0.06639	0.05298	0	0.0587	0.01037	0.23784	0	0.04469	0.11461	0.08269	0.37426	0	0	0	0	0.1065	0.0961	0.01287	0.08468	0.06814	0.03289	0.07668	0.02244	0	0.03589	0	0.12986	0	0.07444	0.12471	0.1235	0.08472	0.13621	0.21845	0	0	0	0.16515	0.02223	0.02763	0.02696	0.05317	0.06332	0.02953	0	0	0	0	0.11955	0	0.14567	0.13902	0.03567	0.35007	0.12729	0	0.01436	0.05088	0	0	0.19711	0	0.06136	0	0.02926	0.13234	0.35207	0.15161	0	0	0.15009	0.19555	0.07245	0.14158	0.06381	0.04064	0	0	0.06806	0	0.22187	0.0433	0	0.21217	0.07852	0.07698	0.05385	0	0.00182	0	0.0943	0.025	0	0.01998	0.05052	0.09753	0	0	0.0161	0	0	0	0	0.08481	0.0252	0	0.15484	0	0	0	0	0	0.09261	0.09295	0.13249	0.12181	0.04503	0.07816	0	0	0.16529	0	0	0.09778	0.08261	0	0.05064	0	0.07201	0.11211	0	0.03545	0.09005	0.16048	0.02467	0.04906	0.08767	0.0977	0.09426	0.11061	0.18819	0.10052	0	0.13516	0	0.04578	0	0.05772	0.07269	0.18795	0	0.08562	0.06795	0.16859	0.13538	0.19496	0.17929	0.07104	0	0	0.10221	0	0.17879	0.05992	0.06635	0	0.03938	0.26136	0	0.10752
"Blautia_caecimuris"	0.0563	0.10134	0.00188	0.1825	0	0.05308	0.04381	0.02453	7e-04	0.01423	0.25456	0	0	0	0	0	0	0	0.01121	0	0.02599	3.35204	0.01136	0	0	0	0	0	0	0.00215	0	0	0	0	0	0	0	0	0.06055	0.14542	0.00301	0	0	0	0	0	0	0	0	0	0	0	0	0	0	0	0	0.03039	0	0	0	0	0	0.02109	0	0	0	0	0	0	0	0	0	0	0.04956	0.03197	0	0	0	0	0	1.04765	1.02611	0	0	0	0	0	0	0.00066	0	0	0	0	0	0	0	0	0	0	0	0	0	0.00941	0	0	0	0	0	0	0	0.10407	0.05215	0	0.00145	0.11244	0	0	0.3728	0	0.00466	0.05278	0	0	0.00814	0.01004	0	0.01651	0	0	0.0633	0.26049	0.39151	0	0.06916	0.34861	0	0	0	0	0	0	0	0.03769	0	0.10779	0	0.5518	0	0	0	0.22828	0	0	0.07799	0	0.02727	0	0.01002	0	0	0.03232	0	0	0	0	0.00867	0	0	0.01877	0	0.07106	0.19519	0.00249	0	0	0	0.03923	0	0	0.06587	0.0304	0.0167	0	0	0	0	0	0	0	0	0	0	0	0.00259	0.03434	0.59907	0	0	0.00315	0	0.066	0.00299	0	0	0	0.00508	0	0	0	0.04638	0	0	0	0	0.12943	0	0	0	0.05037	0.00494	0	0	0	0.01532	1.24662	0.15231	0.37488	0.002	0	0	0	0.00728	0	0.00497	0	0.00926	0	0	0.00282	0	0	0	0	0.00017	0	0.01129	0	0	0.00181	0	0.01255	0	0.27001	0.20753	0	0.01901	0	0.08891	0.03333	0	0.02916	0	0	0	0	0	0.07209	0	0.09578	0.07442	0	0	0	0.13709	0.01852	0	0.00486	0.0053	0	0.14807	0.00427	0.01524	0.01056	0	0	0	0	0	0.06005	0	0.05345	0.06826	0.00601	0.95161	0	0	0	0	0.02479	0	0	0	0	0	0	0	0.00677	0	0.01006	0	0	0	0	0.65251	0	0.03769	0	0	0.00922	0.05401	0	0.15369	0.00252	0.18207	0	0	0.01469	0.05931	0.31278	0	0	0.08103	0	0.00198	0	0.24986	0	0	0	0.062	0	0.19375	0	0	0.03117	0	0	0.02584	0	0.08665	0	0	0	0	0	0	0.21261	0.13537	0.01477	0	0	0	0.00759	0	0	0	0	0	0.26227	1.1912	0.15099	0.00539	0	0.01318	0	0	0.01498	0	0	0	0	0	0.03167	0.10015	0	0	0.0014	0	0.0044	0	0	0	0.00064	0	0.02815	0	0	0	0	0.1222	0	0.00406	0	0	0.04135	0.02085	0	0	0.00538	7.13665	0	0	0.57117	0	0	0.0159	0	0.04861	0.00611	0	0.33153	0.01675	0	0	0	0	0.43952	0
"Clostridium_symbiosum"	0.03201	0.07066	0.00695	0.00512	0.00138	0.00887	0.28732	0.03003	0.02976	0.01034	0	0	0.14691	0.07146	0.38018	0.47348	0.22768	0.24287	0	0	0.00274	0.86573	0.00987	0	0.00108	0.0357	0	0.49293	0.24401	0	0.11201	0.00631	0.00516	0.15804	0.01885	0.01207	0	0	0.17912	0.03554	0.07746	1.11099	0.41871	0	0.00282	0	0.08814	0.05987	0.01271	0.01459	0.01044	0.07759	0.04707	0	0.08186	0.0057	0	0.01779	0.00068	0.21123	0.35694	0	0.01743	0.00745	0	0.00529	0.03089	0.41525	0.11553	0.00405	0.10278	0.0828	0	0.18819	0.09725	0.13093	0.08191	0.54125	1.52181	0	0.02452	0	0.18491	0.93344	1.76952	0.03986	0.04281	0	0.09162	0.08811	0	0.4834	0.06338	0	0	0.28324	0	0.02494	0.00899	0.32533	0.25478	0.53242	0.17311	0.40135	0.58109	0.00878	0	0.19703	0.06097	0.05637	0.0798	0.01485	0.0206	0.03532	0.06061	0.11595	0.30615	0.10177	0.58874	0	0.00058	0.02089	0.06477	0.16435	0.10218	0.01039	0.05897	0.08708	0.03155	0.00807	0.00086	0.00456	0.24874	0	0.14909	0.44288	0.35076	0.00085	0.07778	0.53938	0.02835	0.07963	0.02221	0	0.17455	0	0.02404	0.00169	0.05146	0.14752	0.32196	0.42265	0.01556	0.04357	0	0	0.08936	0.03295	0.13398	0.02548	0	0.02963	0	0	0.03046	0.11643	0.01988	0.00703	0	0.00817	0.09268	0.0044	0.03156	0.00965	0.08973	0	0.00201	0.05327	0.02457	0.026	0.11012	0.03207	0.04375	0.04434	0.01533	0.00739	0.02135	0.08269	0.28579	0.61685	0	0	0.02661	0.31599	0.16704	0	0.00559	0.00348	0	0.02236	0	0.0044	0	0.28734	0.11303	0.0447	0.1086	0.01318	0.00339	0.02655	0	0	0.01338	0.01562	0	0.0587	1.17344	0.18215	0	0.02914	0.00887	0.08837	0.50272	0.02479	0.05452	0.01371	0.06083	0.21364	0.01379	0	0	0	0.00177	0.15951	0.01871	0	0	0.06966	0	0.01589	0.17797	0.12639	0.0703	0.00714	0	0.02782	0.06889	0.07191	0	0.00179	0.63995	0.07204	0.08145	0.04329	0.01637	0.0398	0.00999	0	0.43848	0.06488	0.04388	0.11985	0	0	0.62186	0	0	0.33191	0	0.67601	0.14346	0	0	0	0.03499	0.10897	0.05267	0.0188	0.06019	0	0.06481	0.14334	0.02533	0.00133	0	0.0432	0.02652	0.02394	0	0.01118	0.02023	0.0249	0.03058	0	0.02135	0.00982	0.06461	0.12775	0.11152	0.01446	0.51389	0.02298	0.18076	0	0.01006	0.017	0.05238	0.00473	0	0.23773	0.00229	0.06168	0.08326	0.22268	0.00108	0.06369	0.00255	0	0	0.02595	0.05445	0.00536	0.04375	0.02431	0.28292	0.50924	0.06561	0	0.52734	0.35592	0.66597	0.01376	0.19875	0.17034	0	0.00947	0	0.00303	0.01346	0.0062	0.05871	0.25339	0.21	0.03361	0	0.00471	0.02819	0.63197	0	0.01328	0.00679	0.22748	0	0.10207	0.04841	0.08092	0.11601	0.01328	0.02599	0.07557	0.12789	0.38688	0.01098	0	0.01266	0.21055	0.02224	0.11389	0.20059	0.02029	0.00314	0.08351	0.03252	0	0.02149	0.53067	0.00506	0.01111	0.10214	0.17262	0.02528	0	0.24927	0	0.01828	0.02335	0	0.01516	0.00521	0.76942	0.14561	0	0.03855	0.01286	0.03673	0.18278	0.00826	0.13484	0.03468	0.80461	0.02213	0.01219	0.13262	1.04581	0.00769	0.07243	0.01237	0.0291	0.08176	0.11157	0.04756	0.0526	0.07425	0.18799	0.14788	0.28926	0.00728	1.64103	0	0.01825	0	0.02602	0.26271	0	0.04624	0.01068	0.81059	0.15995	0.03342
"Anaerotignum_lactatifermentans"	0.07364	0	0.00697	0.0913	0	0.02318	0	0	0	0.06165	0	0	0	0	0	0.02345	0	0.02762	0	0	0	0	0	0	0	0	0	0	0	0	0.00956	0	0	0	0	0	0	0	0.03657	0.00701	0.00117	0	0	0	0	0	0	0.05905	0	0	0	0.07702	0.07573	0	0.09229	0	0	0	0	0	0	0	0	0.08265	0.00118	0.4435	0	0	0.03236	0	0	0.35249	0.37221	0.08883	0.00669	0.08488	0	0	0	0	0.12676	0	0	0	0	0	0	0	0	0.40396	0	0	0.04568	0	0	0	0.04263	0	0	0.06975	0.12839	0	0.02709	0.70867	0.53351	0	0	0	0	0.07531	0	0	0.29511	0	0	0	0	0.44807	0.03889	0	0	0	0	0	0	0.07844	0.14529	0	0.10983	0.26453	0	0.0099	0	0	0	0.46588	0.3253	0.02342	0.0275	0	0.02082	0	0.08934	0	0	0.02382	0	0.04604	0	0	0	0.28697	0	0	0	0	0	0.01728	0	0	0	0.05591	0.02139	0	0.01173	0	0	0	0	0	0	0	0.04254	0	0.01491	0	0	0	0.01257	0.10587	0	0	0	0	0.00732	0	0	0.01653	0	0	0	0	0	0.00071	0.08432	0	0	0	0	0	0	0	0	0.18763	0.00924	0	0	0	0	0	0	0	0	0	0	0.30271	0.00824	0	0	0	0.03033	0	0	0.02281	0.15455	0	0	0.09602	0	0	0	0	0	0	0	0	0	0.00328	0	0	0.01136	0	0	0	0	0	0	0	0	0.38431	0.18004	0.10497	0	0.05586	0	0.05687	0.02401	0	0.00113	0	0.00105	0.00173	0	0	0.18308	0	0	0	0	0.02416	0	0	0	0	0.02481	0.06731	0	0	0	0	0	0	0	0	0	0	0	0	0	0	0	0	0	0	0	0	0	0	0.02736	0	0.03525	0	0	0	0	0	0	0	0.33161	0.00704	0.08384	0	0	0	0.01017	0.28124	0.00703	0.00187	0	0	0.00547	0	0.03139	0	0	0	0.00285	0	0	0.29273	0.08909	0	0.03524	0	0	0	0	0	0	0.15497	0.12342	0.20031	0.11785	0	0	0	0	0	0.01442	0	0	0.073	0	0.00598	0.00184	0	0.8301	0	0.23604	0.00204	0	0.32822	0	0	0	0.13693	0.0045	0.62657	0.05928	0.02359	0	0	0	0	0.0168	0.00789	0	0	0.00852	0	0	0	0.20092	0	0.01262	0	0	0	0	0	0	0	0	0	0.00185	0	0.21114	0	0	0.14072	0.00025	0	0.00319	0	0	0.18952	0	0	0	0	0.27545	0.77446	0.4119	0	0.02999	0	0.01396	0	0	0	0	0.17119	0.0182	0	0	0	0	0	0
"Clostridium_sp_AF34_10BH"	0.01955	0.02369	0.16138	0.81714	2.00189	0.00676	0.18679	1.42629	0.03756	0.03932	0	0.05141	0.33225	0.02101	0	0.00206	0	0	0.1068	0.44853	0	0	0.074	0.08996	0.12324	0	0.02101	0	0.17289	0.02096	0	1.42919	0.19964	1.62332	0.32328	0.27383	0.1282	0.03217	0.07633	0.64714	0.32949	0	0.00791	0.10918	0.1376	0	0.06794	0.74389	0	0.00125	0.03961	0.00918	0.16622	0.11292	0.41773	0.01297	0.01041	0.01148	0	0.04288	0.06051	0.00694	0	0.66932	0.03973	0.08556	0.34509	0.28944	0	0	0.09429	0.8832	0	0.08373	0.18756	0.16943	0.0039	2.05103	0	0.00033	0	0.05197	0	0	0	0.03926	0	0.00888	0.03548	0	2.44067	0	0.00954	0.12567	0.55713	0	0	0.16491	2.25372	0	0	0.24418	0.19789	0.749	0.18236	0.78402	0.27343	0.0415	0.02882	0.07116	0.02522	0.19548	0.06242	0.69581	1.12378	0.19931	0	0.03041	0.04192	0.05649	0.18737	0	2.49753	0	0.72788	2.0338	0.03755	0.06656	0	0.08326	0.72738	0	0	0.05455	0.06531	0	0	0.06031	0.13344	0	0.01593	0.11228	0.67541	0.0919	0.07461	0	0.08995	0	0.00287	0.03139	0	0.33201	0.14126	0	0.1846	0	0.03567	0.00392	1.50482	0.03678	0.0177	0	0.01663	0.21823	0.10362	0	0.17111	0.0845	0.00976	0.02	0.40583	0.04449	0	0.17789	0	0.51291	0.13019	0.00973	0.18733	0.68963	0	0.039	0.11774	0.11926	0.01954	0	0.05755	0.00463	0	0	0.00077	0.40764	0.01293	0	0.05021	0.03555	1.85235	1.02157	0	4.3227	0	0.01743	0.00929	0	0	0.70291	0.16304	0.09177	0.02611	0.71736	0.09449	0.02867	0.08598	0.08758	0.13364	0.09812	0	0	0.06509	0.02014	0	0	0	0.1288	0.16774	0	0.34851	0	0.03536	0.08165	0.26792	0.38094	0.27291	0	0.03785	0.47497	0	0	0.0434	0.02752	0	0	0.1498	0.01372	0.01764	0	0.03587	0.12313	0.24549	0.12202	0.22687	0.04037	0	0	0.01697	0	0.57049	0.09301	0.27561	0	0.07683	0.14545	0	0	0	0.10113	0.04591	0.00712	0.55219	0	0	0.19939	0.04301	0.00505	0.03425	0.00943	0	0.1407	0.02696	2.58212	0.07956	0.07669	0.11408	0.15833	0	0.01493	0.44086	0	0.03295	0.01354	0.14518	0	0.00176	0.03486	0.1114	0.01078	0.64691	0	1.06937	1.43769	0.31359	0.03388	1.25845	0.23856	0	0.69052	6.67175	0.01146	0.34177	0	0.00637	0	0	1.20144	0	0.01823	0.58097	0.13451	0.59296	0.07849	0.00651	0	0.15469	0.00408	0	0	0.19979	0	0.29615	0	0	0.03295	0	0	0.0191	0.67923	0	0.5608	0.67272	0.18429	0	0.22828	0	0	0.0018	0.26486	6.96033	0.58393	0.296	0.18991	0.01499	0.18283	3.22494	0.21865	0.02824	0	0.06437	0.63124	0.2173	0.89634	0	0	0.08399	0.75566	0.00078	0	0.50546	0.46969	0	0	0	0	0	7e-04	0	0	0.05106	0.22722	0	0.01966	0	0	0	0.07623	0.23883	0.37076	0	0.94201	0.16255	0	0.00075	0	0	1.07617	0.2984	0.14694	0.96385	0	0	0	0.01696	0	0	0	0	1.67519	1.64052	0	0.00378	0	0	0.06505	0.04587	0	1.06576	0	0.44624	0	0.07274	0.13053	0	0.06418	0.18653	0.00399	3.84633	0.37946	1.3456	1.00004	0.01587
"Rheinheimera_SGB14999"	0.03584	0.06718	0.03097	0.05333	0.06221	0.00842	0.06598	0.12054	0.04327	0.02272	0.08003	0.03654	0.05991	0.09417	0	0.01964	0.03411	0	0.04898	0.02477	0	0	0.10627	0.03386	0.03822	0	0	0	0	0	0	0	0.10061	0	0	0.02043	0.01387	0	0.035	0.00764	0.01019	0	0	0.03547	0.00291	0	0	0	0.0108	0.02943	0	0.05172	0	0.04746	0.06727	0.02106	0.00027	0.15286	0	0.01295	0.15829	0.00619	0.00541	0.16118	0.05458	0.04959	0.01884	0	0	0	0	0	0	0.02173	0.02201	0.03438	0.03228	0	0	0	0	0	0.09439	0	0	0	0	0.09732	0.21778	0.07336	0.01452	0	0	0.01087	0.07135	0	0	0.06983	0.06828	0	0	0.03197	0.04316	0	0	0	0	0	0	0.01293	0.07238	0	0.00552	0	0.06955	0	0	0	0	0.0857	0.13219	0	0.10733	0	0	0.01671	0	0	0	0.09973	0.11401	0	0.05318	0.01479	0	0.06821	0	0	0	0	0.06627	0.03192	0.02051	0.0222	0	0	0.0253	0.00762	0	0	0	0.02454	0	0	0.05658	0.04643	0.11122	0.02676	0.02296	0.03684	0.03901	0.0077	0.12073	0.03277	0	0	0	0.12168	0.05267	0.03994	0	0.02404	0	0.02163	0.02607	0	0	0	0.0497	0	0	0.08903	0.11556	0.11395	0.02989	0	0.01842	0.06913	0.1319	0.00949	0.03162	0	0	0.02183	0.13309	0.06458	0.03642	0.01416	0	0.08616	0	0.0759	0	0	0.00077	0.08155	0.03282	0.09225	0.00163	0.01821	0.03116	0.01416	0.04074	0.00657	0.07486	0.02052	0	0	0.03467	0.01714	0	0	0.00508	0.04089	0.0111	0	0	0	0.04845	0.05514	0.02333	0.00279	0.02268	0	0.07359	0.07163	0.05145	0	0	0.01274	0.05389	0.07649	0.03639	0.01192	0.0269	0.02647	0	0	0.01807	0.03993	0.0066	0.01356	0.0101	0.00608	0	0.02496	0.03979	0.03623	0.04115	0	0.1753	0.01225	0.06507	0	0.10981	0.03667	0.03654	0	0.00706	0	0.00768	0.16992	0.05394	0.04693	0.05445	0.0163	0.02722	0.08995	0.13332	0.03222	0.0094	0.0338	0.04421	0.05675	0	0.0248	0.06094	0.0255	0.03874	0.1324	0.09303	0.03956	0	0.08388	0.02726	0.03573	0.04926	0.04764	0.01996	0.04042	0	0.09699	0.0508	0.04609	0.09433	0	0	0.00103	0.04154	0	0.02235	0.11092	0	0	0	0.08989	0.08953	0.08378	0.05151	0.03782	0.07904	0.11024	0	0.02934	0.07905	0	0	0.04538	0.05332	0.09039	0	0	0	0.15912	0.03104	0.02708	0	0.04666	0.01234	0.02746	0	0	0.02182	0	0	0.03161	0	0	0.0257	0.00768	0	0	0	0	0.0324	0	0	0.06585	0.06281	0.03029	0.0395	0	0	0.10186	0.01266	0.04463	0.07303	0	0	0	0	0	0	0	0.05543	0	0	0	0	0.06087	0	0	0	0.06075	0	0.03054	0	0	0	0	0	0	0.04482	0.09253	0.02896	0.00347	0.084	0	0	0	0.02054	0.03766	0	0	0	0	0.07173	0	0.04166	0	0	0	0.04597	0.01154	0.05496	0	0	0	0.03881	0.00597	0	0	0.04851	0	0.03234	0	0.03613	0.00727	0
"Enterocloster_clostridioformis"	0.00312	0	0	0	0	0	0	0	0	0.00073	0	0	0.02201	0.00083	0	0	0.23708	0	0	0	0.01525	0	0	0	0	0.02179	0	0.13798	0	0	0	0.01053	0.00507	0.03942	0	0	0	0.00596	0.02367	0.00573	0.01388	0.22498	0	0	0	0	0.00316	0.01922	0	0	0	0	0	0.00586	0	0	0	0	0	0	0	0	0	0	0	0	0	0.29281	0.03067	0	0	0	0	0.05599	0.03597	0.03718	0	0	0	0	0	0	0	0.45232	1.86746	0.01021	0	0	0	0	0	0	0	0	0	0	0.0032	0	0	0.01031	0.20998	0	0	0.03777	0.29557	0	0	0.01901	0	0	0.02076	0	0	0.00631	0	0.2754	0.1498	0	0	0	0	0.00457	0.00793	0	0	0.01717	0.00134	0.02602	0.03112	0	0.00091	0	0.04476	0	0.0579	0	0	0	0.03429	0	0.00421	0	0	0.01742	0	0	0.00131	0	0	0.00481	0	0.00232	0	0.0249	0.04101	0	0.0314	0	0	0	0	0	0.0216	0	0	0	0.01207	0	0	0	0	0	0	0.0383	0	0	0	0.00368	0.00119	0	0	0.01284	0.15799	0.00579	0	0	0	0	0.01974	0.10622	0	0	0.0152	0	0.01855	0	0.0015	0	0	0	0	0	0	0.05705	0	0	0	0	0	0	0	0	0	0	0	0	0	0.04958	0	0	0.00126	0	0	0	0.03921	0.01193	0	0	0	0	0	0	0	0	0	0	0	0	0.00381	0	0	0.03699	0	0	0	0	0.03637	0.00263	0	0.00191	0.06379	0	0.00566	0.02437	0.02997	0	0.0131	0	0.00777	0	0.0346	0.16836	0	0	0	0	0	0	0	0.01504	0.00379	0	0	0	0.01438	0	0	0	0	0	0	0.00534	0.01091	0	0	0	0.02935	0.00126	0	0.00391	0	0	0.03178	0	0	0	0	0.11925	0.03185	0	0.01304	0	0	0	0.0016	0.01215	0.00898	0	0.01095	0.0025	0	0.01316	0	0	0.05232	0.03279	0	0	0	0	0.00477	0	0.0452	0.00232	0	0.61531	0	0.0189	0	0	0.06492	0	0.01143	0	0	0	0	0	0	0	0.00309	0.03163	0.06152	0	0	0	0.016	0.0802	0	0	0.00364	0.10716	0	0	0.04311	0	0.01786	0	0.03186	0	0	0	0.04617	0	0.01498	0.08038	0.01835	0.00725	0.15469	0.01687	0	0	0.01513	0	0	0	0	0	0	0.16252	0	0	0.01602	0	0	0	0	0	0	0.17273	0.07568	0.0043	0	0.00049	0	0.05094	0.10144	0	0	0.38528	0	0.03779	0	0.0816	0.01882	0	0	0.00902	0.01917	0	0.01301	0	0	0.05312	0.01496	0	0	0	0	0	0.11763	0.03988	0.03126	0	0.00439	0.01218	0.02235	0.01663	0
"Streptococcus_parasanguinis"	0.01862	0.02137	0.08046	0.05628	0.02906	0.07344	0.04219	0.00987	0.00216	0.35115	0.03498	0.09412	0	0	0	0.12648	0	0	0.02223	0.01269	0.03454	0.01032	0.01726	0.49705	0.01347	0	0	0.00471	0.07889	0	0	0.02236	0	0.03007	0	0	0.11755	0	0.04043	0.08513	0.06612	0.07264	0.01225	0.05973	0	0.08536	0	0.0515	0.00856	0	0.00852	0.00494	0.01134	0.02252	0	0.03115	0.35074	0.07229	0.15138	0.01979	0	0	0	0.00608	0	0.03644	0.11666	0.07552	0.05961	0	0.01071	0	0.0205	0.02485	0.01766	0.06029	0	0.0369	0	0.04655	0	0.00363	0	0.07337	0.08308	0.00665	0	0	0.01191	0.15428	0.07363	0.0387	0	0	0	0	0.33212	0.02377	0.00422	0	0.09755	0.00242	0.01682	0.00082	0	0.01245	0.0459	0	0.00761	0.01778	0	0.13525	0	0.01081	0.01964	0.01988	0.00294	0.01462	0.03508	0.01463	0.00323	0.00322	0	0.00567	0	0.00536	0	0.03221	0.2216	0	0.05078	0	0.08916	0.01068	0.00746	0.02103	0.02325	0.10295	0.05726	0.05214	0	0.00482	0.00508	0	0	0.00078	0	0.0014	0.0138	0.07182	0	0.00239	0.00556	0	0	0.00873	0	0.06674	0	0.10841	0.13488	0	0.08578	0.00241	0.10181	0.29577	0.02259	0.11937	0.00395	0.05768	0.0092	0	0	0	0.04461	0.01195	0.04282	0.0012	0	0.02806	0.05453	0	0.00491	0.03914	0.1327	0.059	0.03814	0.03599	0.02022	0	0.09144	0.01729	0.1907	0.04457	0.00927	0.0475	0.0218	0.00158	0	0.24068	0.24576	0.05422	0.04039	0	0.00483	0.05728	0.03906	0.01832	0.00438	0.17953	0.01745	0.02514	0.20518	0.09842	0.02277	0	0.10974	0	0.04007	0.12402	0.08711	0	0.02625	0.03615	0.03941	0	0	0	0.00475	0	0.03671	0	0	0	0	0.04289	0.01641	0.05499	0	0.03189	0	0.00965	0.00882	0.03817	0.03764	0.02787	0.04738	0.00057	0	0.03851	0.06079	0.02539	0.04846	0.08378	0.028	0	0	0.03461	0	0.01815	0.2099	0.00685	0	0.37322	0.10568	0.04053	0.02738	0.04465	0.02933	0	0.01272	0	0.00421	0.02147	0.13917	0.01578	0.00451	0.02716	0.00993	0	0.09238	0.02866	0.12952	0.07539	0	0.00779	0.02848	0.03462	0.02775	0.00436	0.0812	0.01477	0.04374	0.03677	0	0.11236	0	0.04835	0.01751	0.003	0.01437	0.00379	0.10016	0	0.0451	0.02867	0.01367	0.15843	0.09024	0.11817	0.05173	0.02273	0.07172	0	0.02217	0.55174	0.09356	0.0991	0.10675	0	0	0.01462	0	0.00321	0	0	0.00832	0.01543	0	0.00045	0.05945	0.0198	0	0.01148	0.05115	0.03376	0.00921	0.00584	0.03614	0.00312	0.16593	0.05327	0.03999	0.1468	0.06117	0.08315	0	0.0067	0.00182	0	0.44706	0	0	0.0875	0.2228	0.21899	0.08197	0.01061	0.02432	0	0.01488	0	0	0.01531	0	0.06185	0.00738	0.01746	0.00811	0.00411	0.10222	0.00222	0	0	0	0.00208	0.04471	0	0	0.02073	0.00098	0.19165	0.00321	0	0.00162	0.07213	0	0.00742	0	0.07535	0	0.0771	0.04768	0.06429	0.05848	0.07437	0.01325	0	0	0.02334	0.33695	0	0.1082	0.04091	0	0	0.00422	0.0617	0.04097	0	0.0404	0	0.16074	0.0102	0	0.16447	0	0	0	0.02238	0.07982	0	0.0418	0.10072	0.22081	0.05277	0.02537	0.02605	0.03534
"Phocea_massiliensis"	0.00502	0.17233	0.02521	0.07721	0	0	0.00811	0.00824	0.02097	0.03108	0.00892	0	0.03929	0.0425	0	0.15728	0.13709	0	0.00204	0	0.00083	0.16387	0	0	0.00646	0	0	0	0	0	0.19359	0.03368	0	0	0	0	0.00827	0	0.03924	0.02438	0.00219	0	0	0	0	0	0	0	0	0.00396	0	0.06423	0.02047	0.02287	0	0.00838	0	0	0	0	0	0.0039	0	0.01928	0.01427	0	0	0.07112	0.02847	0	0	0	0	0.00731	0.03035	0.08133	0	0	0	0	0	0	0	0	0	0	0	0	0	0	0.03271	0	0	0	0	0	0.03785	0	0.01423	0	0	0.03174	0.00555	0.01495	0	0	0	0	0	0	0.01211	0.03502	0.16307	0	0.00896	0	0.05098	0	0.2026	0.02043	0.00546	0	0	0	0	0	0	0	0	0.02232	0	0	0	0	0	0.06424	0.07119	0	0.0207	0	0.25545	0.06753	0.0149	0.00528	0.00443	0.02165	0.04389	0	0	0.04536	0	0	0	0	0.00033	0	0.0093	0	0.03774	0.04717	0	0.0157	0.04136	0	0.00705	0	0	0.01209	0.05365	0	0	0	0	0.00857	0.0338	0	0.03138	0.08294	0	0	0	0.01815	0	0.12284	0	0	0.06268	0.02002	0	0.09699	0	0	0.01253	0	0.03275	0	0.04834	0.06341	0.38423	0.04427	0	0.01691	0	0.03067	0.00804	0.0928	0	0.02446	0.002	0	0.00672	0	0.05787	0.01581	0.02269	0.03746	0	0	0.02276	0.07243	0.02447	0	0.07672	0.00752	0	0.08437	0	0	0	0.02429	0	0	0	0	0.03674	0.05695	0.0145	0	0	0.00612	0.03232	0.00808	0	0	0.00513	0	0	0	0	0.0642	0	0	0	0.04784	0.0678	0.14345	0.00117	0.01741	0.14679	0.0279	0.06675	0.10255	0	0	0	0	0.01812	0.04144	0	0	0	0.09764	0.00891	0.0155	0.17588	0	0.02417	0.02551	0.09663	0.01069	0	0.00838	0.00652	0.01094	0	0	0.05534	0.06083	0	0	0.12258	0.01668	0	0.03404	0.08103	0.01311	0	0	0	0.05504	0.04614	0	0	0.00264	0	0	0	0	0.00993	0	0	0.0626	0	0.16539	0.14817	0.09568	0.02277	0.0827	0	0	0	0.01698	0	0.0152	0.04738	0	0.04188	0	0.04275	0.08408	0	0	0.01103	0	0	0.00327	0	0.00708	0	0.01703	0	0	0	0.0164	0	0.03508	0	0.09864	0.0305	0.00644	0	0.03248	0	0	0	0	0	0	0.0102	0	0.17057	0	0	0.01375	0	0	0.06303	0	0.00376	0	0	0.00942	0	0.03435	0.00886	0	0	0	0.03605	0	0	0	0	0.01664	0	0	0	0.01378	0.02127	0	0	0	0	0	0	0	0	0.05495	0	0	0.04519	0	0.10487	0	0	0.05061	0	0	0	0	0	0	0	0	0.28643	0	0.04666	0	0.02404	0	0	0.00925	0.08443	0	0	0	0	0.14051	0.00137
"Eggerthella_lenta"	0.21063	0.49652	0.2009	0.14792	0.15022	0.01606	0.59719	0.07099	0	0.03272	0.20131	0.20173	0.20798	0.14135	0.21111	0.14076	0.18294	0.27702	0.05136	0.06116	0.02561	0.58868	0.45362	0	0.00181	0.25056	0.00296	0.10597	0.06814	0.0262	0.20837	0.413	0.05238	0.1607	0.04121	0.16688	0.12192	0.11383	0.16715	0.11511	0.12824	0.47418	0.67893	0.00698	0.11968	0.08483	0.08573	0.30134	0.14321	0.22428	0.01706	0.3355	0.19049	0.05206	0.20434	0	0	0.05834	0.04339	0.11337	0.53568	0.00103	0.0353	0.01311	0.12478	0.42673	0.61582	1.41685	0.56335	0.18887	1.03957	0.18882	0.76923	0.22614	0.20196	0.13278	1.21682	0.50424	0	0.00117	0.09612	0.23963	0.38531	0	1.2331	0.05372	0.14141	0.14514	0.04811	0.11204	0.02064	0.2169	0.42856	0	0.00705	0.10963	0.0303	0.00603	0.0227	0.15532	0.43873	0.09788	0.26574	0.27532	0.20824	0.01714	0	0.0154	0.37785	0.23289	0.19629	0.07385	0.21352	0.05534	0.10344	0.11513	0.12918	1.5031	0.29654	0.20472	0.16474	0.03969	0.09956	0.32489	0.33295	0.0512	0.18466	0.18189	0.07645	0.00239	0.01932	0.02371	0.20366	0	0.62179	0.41861	0.53053	0.30589	0.14069	0.16835	0.06769	0.04887	0.02872	0.0353	0.11938	0.06629	0.05985	0.10831	0.03002	0.07445	0.06002	0.21326	0.00344	0.01727	0.0954	0.05384	0.30736	0.25044	0.14555	0.54122	0.00018	0.03747	0.12394	0.0054	0.18423	1.19958	0.66919	0.13299	0.01172	0.17187	0.38339	0.14136	0.21825	0.05711	0.25728	0.01895	0.23146	0.45701	0.125	0.15442	0.31922	0.54592	0.39628	0.19133	0.62934	0.03795	0.20582	0.41082	0.15592	0.31234	1.38036	0.07265	0.1607	0.16045	0.40275	0.00254	0.04	0.07595	0.15644	0.18302	0.07264	0.15228	0.05853	0.02391	0.11972	0.22848	0.24472	0.04443	0.03332	0.09224	0.01124	0.00039	0.01648	0.03818	0.04237	0.0167	0.06674	0.39688	0	0.14086	0.22079	0.25862	0.40904	0.07712	0.17322	0.66367	0.05622	0.8276	0.09462	0	0	0.00404	0.00381	0.88127	0.0445	0.02389	0.06273	0.3596	0	0.10011	0.40995	0.67102	0.28325	0.12725	0.05729	0.20719	0.50428	0.03871	0.22713	0.0215	0.83127	0.19756	0	0.12808	0.16882	0.41079	0.10855	0	0.25244	2.85972	0.21076	0.25247	4e-04	0	0.33774	0	0.03723	0.20907	0.00232	0.73561	0.70124	0.04063	0.0539	0.06983	0.16065	0.24085	0.86958	0.02327	0.17925	0.05581	0.39998	0.27684	0.02196	0.13005	0	0.13422	0.0824	0.05208	0.10934	0.07174	0.1197	0.89278	0.13212	0.10612	0.13317	0.29458	0.1654	0.16215	0.5247	0.42611	0.40357	0.03007	0.01717	0	0.2663	0.33961	0.5798	0.34439	0.10469	1.94473	0.08108	0.00658	1.82906	0.20707	0.27561	0.49713	0.08657	0.18782	0.03717	0.10671	0.16113	0.07348	0.23178	0.13416	0.24482	0.24117	0.4634	0.443	0.19403	0.19405	0.79878	0.01114	0.08018	0.19367	0.02153	0.03157	0.00322	0.01563	0.10505	0.01651	0.19649	0.02258	0.01737	0	0.04826	0.10735	0.34272	0.33852	0.09602	0.01127	0.10586	0.06126	0.00039	0.04619	0.16701	0.34583	0.12226	0.01777	0.15213	0.09118	0.01804	0.22688	0.09567	0.40785	0.04116	0.09144	0.02113	0	0.41764	0.05057	0.05368	0.09074	0.28057	0.06147	0	0.08492	0.05062	0.12265	0.21883	0.03384	0.17036	0.00472	0	0	0.08037	0.08331	0.12066	0.03461	0.04265	0.40911	1.98457	0.38788	0.31314	0.32156	0.12838	0.31829	0.19314	0.3362	0.02241	0.58005	0.27963	0.08271	0.17057	0.48635	0.16023	0.1363	0.07803	0.08314	0.08302	0.037	0.19251	0.16195	0.42628	0.8234	0.19105	0.30714	0.15004	0.16994	0.00158	0.13306	0.16958	0.356	0.87046	0.17803	0.43117	0.00111	0.32101	0.12783	0.57287
"GGB3463_SGB4621"	0	0	0	0	0	0.00075	0.09467	0.06521	0	0	0	0	0	0	0.04418	0.04399	0	0	0	0	0	0	0	0	0.00257	0	0	0	0	0	0.05619	0	0	0	0.00315	0	0	0	0.02801	0.04217	0.02599	0	0	0	0	0	0.08266	0.19504	0	0	0	0.03899	0.10805	0.04593	0	0	0	0	0	0.0494	0	0	0	0	0	0.14165	0.18195	0	0	0.03122	0.20759	0	0	0.0392	0.0461	0.03528	0	0.00623	0	0	0	0.1558	0	0	0	0.00861	0	0	0.06297	0.04918	0	0	0	0	0	0	0.01262	0	0	0.07286	0.33511	0	0.00092	0.05502	0.00498	0.01271	0	0.26466	0.03005	0	0	0.10005	0.10358	0.10971	0	0	0	0.02208	0.52911	0	0.00499	0	0	0	0.00337	0	0	0.03265	0	0	0	0.00095	0	0	0.01149	0	0.11428	0	0.15028	0	0	0	0	0	0	0.01791	0	0.04586	0	0	0	0.28885	0	0	0	0	0	0.2088	0.03468	0	0.02416	0	0.11737	0	0	0	0	0	0	0.00199	0	0	0.1283	0.04793	0	0	0	0.00326	0.19452	0.10409	0	0.02603	0	0	0	0	0.0113	0.03785	0.2572	0	0	0.02298	0.0067	0	0.11078	0	0	0	0	0	0	0.01008	0	0.03117	0	0	0.04667	0	0	0.09709	0.01772	0	0	0	0	0.04682	0.12787	0	0	0	0	0	0	0.08603	0.12285	0	0.20748	0	0	0	0	0	0	0.84184	0	0.05211	0	0	0	0	0	0.13679	0.14869	0	0	0	0	0	0	0	0	0.00936	0	0	0	0	0	0	0	0	0.02225	0.0112	0.07021	0	0	0	0	0	0	0.08276	0.09719	0	0	0	0	0	0	0	0	0	0.03247	0	0.01052	0	0	0	0	0	0	0	0	0	0	0	0	0	0	0	0.02404	0	0	0	0	0	0	0	0	0	0	0	0.04742	0.01266	0	0	0	0.09583	0	0	0	0	0	0	0	0	0	0	0.00888	0	0	0.02297	0	0	0	0.04929	0.07821	0	0	0	0.01569	0	0	0.01272	0	0	0	0	0.02484	0	0	0	0	0.04979	0	0	0	0.22092	0	0.09591	0.09531	0	0	0.09276	0	0.00438	0	0.05333	0	0	0	0.25478	0	0	0.23292	0	0.1013	0	0	0.02084	0	0.0736	0	0	0	0.11117	0	0	0	0.00665	0.01731	0	0	0	0	0.03254	0	0.03578	0.0649	0	0.01278	0	0.00581	0	0	0	0	0.04998	0	0.00605	0	0.00618	0	0	0	0	0.02093	0	0.05904	0	0	0	0	0	0	0.04093	0	0	0	0	0.01322
"Eisenbergiella_tayi"	0.00893	0.00022	0	0.07678	0.00554	0	0	0	0	0	0	0	0.35645	0.13984	0	0	0.06811	0.13959	0	0	0.00025	0	0.01008	0	0	0.02461	0.00045	0	0.05222	0	0.06173	0	0	0	0	0.08461	0	0	0.0627	0.02228	0.01369	0	0	0	0.04039	0	0	0.02771	0.03038	0.00022	0.00024	0.272	0.14684	0	0.00434	0.00504	0	0.00574	0	0.82814	0.03511	0	0	0.00836	0	0.00591	0.06061	2.89643	0.89971	0.01364	0.00616	0.04346	0.00516	0.00353	0.19107	0.16118	0	0	0	0	0	0.01604	0.23174	0	0	0	0.1414	0	3.56804	0.24035	0	0	0	0	0	0	0	0	0	0	0	0	0	0.17534	0.03898	0.00112	0	0	0	0.02463	0.4509	0.00429	0	0.00118	0.00213	0	0.09074	0.00872	0.02144	0	0	0.07105	0.07167	0	0	0	0	0.02958	0	0.00277	0	0	0	0	0	0.69496	0	0	0	0	0.02203	0.44873	0.00293	0	4.22443	0	0	0.03697	0.00462	0	0.12952	0.08078	0	0.01373	0.04079	0	0.14881	0.05276	0.07215	0.02363	0	0	0.00029	0	0.10046	0	0.01942	0	0	0	0	0.00423	0.09234	0	0.03776	0	0	0.02266	0.10698	0.14159	0	0	0	0.03677	0	0	0	0.00645	0.41141	0	0.02094	0	0.30778	0.04333	0	0	0.01905	0	0	0.03309	0	0	0	0.2185	0.22609	0.29052	0	0	0	0.03803	0	0	0	0.00572	0	0.00601	0.00428	1.00688	0	0.02168	0.03275	0	0.16749	0.01023	0.05541	0.22999	0.02227	0.19625	0	0.00015	0	0	0	0.35904	0.00197	0	0.14964	0	0	0.00998	1.42826	0	0	0.08852	0	0.00946	0.36203	0	0	0.12547	0.69578	0.12617	0.01086	0.44445	0.09864	0.28134	0.03861	0	0.18464	0.0701	0.02638	0.19429	0	0	0	0	0	0.03271	0	2.67841	0.04139	0.00074	0	0	0.00507	0.11118	0.99882	0.00501	0.0065	0	0.97044	0.04821	0.02551	0.00024	0	0	0.00235	0	0	0	0.00179	0.02964	0.01729	0	0	0	0	0	0.09534	0	0	0	0	0	0.012	0	0	0	0.00809	0.11728	0.05916	0.0324	0.00624	0	0.02177	0.08562	0	0	0	0	0.02195	0	0	0.01445	0.012	0	0.14654	0.02466	0.0019	0	0.8373	0.00237	0.07299	0	0.00831	0.00084	0	0	0	0	0.08601	0.00485	0	0	0	0	0.20573	0	0	0	0	0.10679	0	0.02526	0.75169	0.05044	0.00217	0.01868	0.00382	0	0.15076	0	0.02516	0	0.00139	0.02675	0.03566	0.18132	0	0.0264	0	0	0	0	0	0	0.02206	0	0	0.01548	0	0	0	0	0	0	0	0.03583	0	0.02722	0	0	0	0.06613	0.00315	0	0	0	0	0.15229	0.02117	0.01198	0	0	0	0.00312	0.01163	0	0.96865	0	0.00498	0	0	0.1626	0	0	0.10254	0	0	0	0.03395	0	0.01082	0.01138	0.07334	0	0.67594	0	0
"Blautia_marasmi"	0	0	0	0	0	0	0	0	0	0	0	0	0	0	0.12399	0.04788	0	0	0	0	0	0	0	0	0	0.07277	0	0	0	0	0	0	0	0	0	0	0	0	0.00211	0.00786	0.01221	0	0	0	0	0	0	0.02706	0	0	0	0	0	0	0	0	0	0	0	0	0	0	0	0	0	0.00325	0	0	0	0	0	0.0837	0.00589	0.00041	0.00066	0.00074	0	0.00133	0	0	0	0	0	0.26559	0	0	0.01481	0	0.00141	0	0	0	0	0	0	0.00191	0	0	0	0	0	0.13968	0.01549	0	0	0	0	0	0	0	0	0	0	0	0	0	0.01022	0	0.01049	0	0	0	0	0.03312	0.01426	0	0	0	0	0	0	0	0	0	0	0	0	0.28747	0.0093	0.05404	0.00271	0	0	0	0	0.09833	0	0	0	0	0	0	0	0	0	0	0	0	0	0	0	0	0	0	0	0	0	0	0	0	0	0	0	0	0.00112	0	0	0	0	0.00942	0	0	0	0	0	0	0	0	0	0	0	0	0	0	0	0	0	0	0	0	0	0	0	0	0	0	0.01671	0	0	0	0	0	0	0	0	0	0	0	0	0	0	0	0	0	0	0	0.08475	0	0	0	0	0	0	0	0	0	0	0	0	0	0	0	0.03384	0	0	0	0	0	0	0	0	0.08334	0	0.00297	0	0.17995	0.01885	0	0	0	0.06804	0	0	0	0	0	0	0	0	0	0	0	0	0	0	0	0	0	0.01587	0	0	0	0	0	0	0	0	0	0	0	0.01365	0	0	0	0	0.02722	0	0	0	0	0	0	0	0	0	0	0	0	0	0	0	0	0	0	0	0.12381	0	0	0	0	0	0	0	0	0	0.02299	0	0	0	0.00582	0.06886	0	0.00463	0	0	0	0	0	0	0	0	0	0	0	0	0	0	0	0	0	0	0	0	0	0	0	0	0	0	0	0	0	0	0	0	0	0	0	0	0	0.03003	0	0	0	0	0	0	0	0	0	0	0	0	0	0	0	0	0	0	0.0391	0	0.02953	0.0072	0	0	0	0	0.00668	0	0.00419	0	0	0.08519	0.08922	0	0	0	0	0	0	0	0	0	0.0823	0	0	0	0	0	0	0	0	0	0	0.01369	0	0	0.04895	0
"Roseburia_inulinivorans"	1.23051	0.38832	0.73555	1.08208	0.0392	0.02129	0.20196	0.91454	0.42459	0.68254	0	0.01977	0	0.68409	0	1.16449	0	0	2.72599	2.57997	2.31182	0.02477	0.15356	1.76591	0.6916	1.02167	0.00185	0.01356	0.05997	0.24738	0.20977	0.52828	1.99476	0.54827	0.01186	0.06559	0	0.06157	1.17175	1.00072	0.5644	0	0.01727	1.24237	0.13469	0	0.14728	3.90132	0.02301	0.03789	0.03368	0.95391	0.15094	2.6416	0	0.36475	0.08691	0.00753	0	0.02923	2.70625	0.005	2.02521	0.07517	0.43086	0	0.51491	0.01535	0.02912	0.53234	0	0.13601	0	3.18675	0.34037	0.56488	0.08558	0	0	0.13503	0	0	0	0	0	0.05611	0	0.02303	0.01101	0.07394	1.54728	0	0	0.00716	1.75791	0.10386	0	0.13888	0.04405	6.46411	4.16148	0.0726	0.48393	0.10043	0.17335	0.84832	0.20355	0.46319	1.85573	1.27718	0	0.4605	0.02613	0.04292	0.12485	0.15424	0	0.28758	0.54011	0.24908	0.14743	2.96739	1.0673	0	0.66918	1.25616	0	0.06082	1.7826	0.36766	0.0638	0.71716	0	0.09241	0.13253	0	0.2353	0.20315	0	0	0.00696	0.04725	0.00019	0.24176	0.92415	0.6079	1.00743	0	0.09765	0.02511	0	0.26232	1.41702	0	0.33561	0	0.23505	0.07592	2.81461	1.0681	0.13253	0	1.06683	0.23626	0.01047	0.00702	0.02232	0.12395	0.79044	0.01224	0.00642	2.21437	0	0.27486	0	1.68285	0.5032	0.00397	0.00311	0.14381	0	0.24832	0.27788	0.70798	0.03151	0	0.14352	1.17497	0.23007	0	0.1869	0.29891	0	3.12422	0.24496	0.09817	0.01176	0	3.25483	1.89283	0	0.16769	0.01368	4.01573	0	1.48968	0.01761	0.34631	1.61653	0.06738	0.1163	0.00537	0.15627	0.02637	0.01844	0.01037	4.17491	0	1.93048	0.01602	2.81131	0.57078	3.82705	0.00936	0.01155	0.26196	0	0	0.90161	0.17553	0.22648	0.68129	0.99062	0	0.0969	0.11598	0.25301	0.20756	4.13312	0	0	0.11694	0	0.07053	0.18249	0.24688	0.67662	0.22868	0.86082	0.0104	0	0.01271	1.40452	0	0.05808	0	0.18297	0.3434	0.00288	0	0.81864	0	0.33629	0	0.00113	0.0172	0.55766	0.00493	5.16658	0.80017	0.01158	0.51303	1.66049	1.15536	0.03656	0.10329	0.00244	0.08275	0.16452	0.65163	0.00769	0.2526	0.03446	0.35567	0.03201	0.22524	0.13615	3.25327	0.14866	1.35305	0.07448	0.04634	0.0333	1.07108	0.06349	0.11389	1.1824	0.70997	0.12357	1.06481	0	3.47572	5.34224	1.18713	0	0.27146	0.33764	1.07258	0.34751	0.01902	0.01823	0.95865	0.09713	1.91617	0	0	1.70963	1.35869	0.19089	1.97636	0.11133	0.14259	0	0.00464	0	0	0.37563	0.00897	0.02415	0	0	0.00669	0.00294	0.62853	0.23644	0.0451	1.32396	0.79245	2.31822	0.06237	1.65065	0.08586	0.19368	0.36973	0.487	0	0.70515	0	0.97036	0.24441	0.13533	0.0065	0.16189	1.66444	0.04394	0.56838	1.10143	0.29913	1.647	2.12549	0.05406	0	1.48806	5.12549	0.10634	0	0.08083	0.3489	0	0	0	0	0.32354	0.01064	0.20568	0	0.4862	0.09539	0	3.46623	0.01504	0	0.81623	0.5371	0.05673	0.01087	0.07143	0.03546	1.64102	0.09731	0	0	1.53457	1.01349	4.56131	0.54871	0	0.20071	0.30792	0	2.34762	0.03162	0	0	1.00765	4.00677	1.95801	1.79408	0.57147	0.15153	0	0	0.02804	0	0.45104	0	2.86312	0	2.42788	0.41986	4.08422	0	0	0.29107	4.06189	1.4599	0	0	0.50426
"Escherichia_coli"	1.06977	1.76209	0	0.02742	2.75123	0.10513	0.03214	0	0.10827	0.61175	0.00684	0	0.14105	0.14379	1.36095	3.17696	1.3899	0.24637	0	0.00081	0.09605	0.01553	0.05831	0.0038	0.06468	0.04902	0.00386	1.536	0	0	0.02228	0.01027	0.01921	0	0.27182	0.01145	0	0	0.31446	0.8178	0.47488	0.204	0.00221	0.02144	0.06831	1.10809	0.34739	0.00552	0.28784	0.43796	0.20005	0.56738	0.08493	1.07127	1.29502	0.01145	0.01206	1.73828	0.32482	0.00154	0.83545	0.02046	2.31675	0.01702	0.00696	0.18898	0.25509	1.60479	0.82704	0	0.01438	0	0.03829	0.85099	0.50185	1.54103	2.29615	0.11016	1.43978	0.47292	0	0.10761	0.43727	0.68188	0.50038	0.88192	0.00038	0.629	0.72872	2.25085	0.1099	2.03901	0.27812	2.3727	0.74878	0.20447	0.04076	0.00326	1.2667	1.05187	0.75885	0.08509	0.26848	0.76788	0.307	0.10909	0.03249	0.23247	0.07507	0.13533	0.17228	1.41193	0.03714	0.04318	0.01613	0.05997	0.04066	0.09435	0.57056	0.02725	0.0226	1.11255	0.04213	2.20711	0.36703	0	0.18751	0.08766	0.01838	0.03201	0.38224	0.31764	0.96818	0.50211	0.31309	4.97203	0.5484	0.14807	0.00458	0.00968	0.05868	0.05015	0.79915	0.05933	1.2444	0.13915	0.23486	0.02708	0.77393	0.0228	0.20418	1.15888	2.40064	1.34914	6e-04	0.12323	0.32061	0.02854	0	0.07524	0.57176	0.04592	0.33379	0.02118	0.0238	0.07838	0.21937	0.0193	0.05512	0.28996	0.68363	0.89983	0.18962	0.00114	0.33647	0.46859	0.03925	0.02019	0.09364	0.02839	0.00465	0.18591	0.00413	0.02006	0.03812	0.99493	0.08322	0.48409	0.44159	0.61575	0.08391	0.01238	0.21795	0.37773	0.11587	0	0.27258	0.02946	0.80025	0.10313	0.17467	0	0.10595	0.78615	0.15682	0.01929	0.50134	0.04007	0.1066	0.39285	0.00205	0.07748	0.41377	0.49399	0.07139	0.18302	0.03551	0.37871	0.12619	0.08815	0.13111	0.08716	0.21143	0.12123	0.07165	0.10035	4.1904	0.27542	0.04397	0	0.17697	0.16135	0.08092	0.19828	0.10393	0	0	0.21583	0.16748	0.38033	0	2.36082	0.52873	0.0946	0.03571	1.40914	0.01179	0.28381	0.02749	0.16125	0.09801	0.56914	0.00907	0	0.10446	0.53976	0.14657	0.1335	0.80072	6.20519	0	1.24323	0	2.08503	1.39589	0.92508	0.1246	0.22053	0.7254	0.8103	0.25497	2.34518	0	0.03632	0.53282	0.59145	1.45671	0	0.56607	0	0.30523	0.04465	0.01943	0.01167	0.12308	0.76712	0.00884	0.05837	0.30859	0.10418	0.01941	0.04266	0	0.46932	0.1789	0.00741	0.16097	0.13227	0.16771	0	0.9972	0.07742	6.58745	3.35129	0.4661	0.00044	0	0.01232	1.58021	0.178	0	1.12737	0.22767	0.01821	1.00746	0.00743	0	0.15143	0.00266	0.12259	0	0.07437	0.01477	0.00107	0.08219	0.27079	0.104	0	0	0	0.67018	0.00649	0.17373	0	0.00162	0.03488	0	0	0.00084	0	1.74847	0.04908	6.80911	0.00096	0.08011	0.48437	1.91869	0.00278	0.00608	0	0.10182	2.30636	5.0871	1.68052	0.16114	0.75753	0	0.01482	0.20289	0.05811	0.00168	0.64429	0.03742	0	0.02371	0.10477	0.0153	0.24256	0.55151	2.25334	0.46971	0.11628	0.06627	0	0	0.01309	0.00258	0.03203	0.07133	6.11628	0	0.10159	0.31308	0.22051	0.11949	0.07759	0	0.3525	0.6572	1.34881	0.01149	0.42033	0.14247	0.08584	0.08161	0.00753	0.02857	0.67983	3.7611	1.28318	0.67054	2.82731	0.04365	0.00471	1.10754	0.05589	0.0313	0.05452	0.10021	0.0073	1.1659	0.3149	0.60205	1.07568	0.06252	0	0.11552	3.01357	0.42557	0.05374	0.48578	1.29943	0.00321	1.02469	0.58824	0.33056	0.35083	0	0.85981
"Clostridium_scindens"	0.0439	0.42009	0.03115	0.01462	0.11697	0	0.58494	0.20893	0.09477	0.0492	0.00168	0	0.12041	0	0	0	0.15222	0.14121	0.12557	0.17851	0.0028	0	0.24575	0	0	0	0.00259	0	0.02197	0.01576	0	0.021	0.0383	0.06349	0.06459	0.02478	0.02303	0.13747	0.06844	0.11462	0.00453	0	0.53628	0.4233	0	0	0.02376	0.25155	0.01213	0.06771	0	0.30926	0.10702	0.13735	0.94134	0	0	0	0	0.29786	0.49518	0	0	0.01089	0.02475	0	0	0	0	0	0.57889	0	0.25413	0.06547	0.15885	0.02551	0.2804	0	0	0	0	0.02979	0.20604	0	0	0.00223	0.37673	0	0.03112	0.05739	0.02593	0	0	0	0.01457	0.06167	0	0	0.00165	0	0	0.1634	0	0.37686	0.06951	0	0	0	0	0.04432	0.05568	0	0.07672	0.15228	0.07055	0	0.17764	0.11258	0	0.21634	0.05029	0.10448	0.03998	0	0	0.02883	0.20673	0.26662	0.05352	0	0.03817	0	0	0.00046	0.31087	0.19627	0	0	0.07557	0	0	0.49213	0.1021	0	0	0.09466	0.3349	0.16918	0.01671	0.02221	0	0.18901	0	0	0.07972	0	0.06361	0.01516	0	1.14574	0	0.11871	0.1637	0	0.08404	0.78278	0.74824	0.0024	0.11287	0.10637	0.17918	0.01983	0.00162	0.02547	0.11744	0	0.04322	0.4775	0.11138	0.01787	0	0.00216	0.47822	0.2045	0.01987	0	0.00284	0	0.67676	0.047	0.19279	0	0.23733	0.42264	0.00557	0.18326	0	0	0.07649	0	0	0.2426	0.1046	0	0.59023	0.05576	0.10847	0	0.00303	0.1531	0.0439	0.03203	0.00762	0.00249	0	0.24733	0	0.31657	0	0.26649	0.04978	0.19553	0.1402	0.02135	0.25014	0.2731	0	0	0.01324	0	0	0	0.099	0.67504	0.06648	0.01489	0.0065	0.36095	0	0.00816	2.37675	0.58099	0	0.0011	0.19139	0	0.16193	0.01628	0	0.11926	0.14152	0.23048	0	0.12235	0.28851	0.42343	0.26207	0	0.0949	0.62961	0.6229	0.82909	0	0	0.05828	0	0.00048	0.4377	0	0.00963	0.29421	0	0	0	0.06106	0.4318	0	0	0.07727	0.00242	0.06269	0.1299	0.00291	0.00964	0	0.00681	0.12044	0.14976	0	0.04794	0.07611	0.0179	0.20805	0	0.00906	0.1048	0.06474	0.16256	0.05116	0	0.28997	0	0.04223	0	0.01759	0	0	0.02033	0.0029	0.62127	0.16271	0.06685	0.4618	0	0.15401	0.37292	0.02238	0.11197	0.01396	0.00129	0.087	0	0.11461	0.09387	0.30691	0	0.11694	0.16888	0.18166	0.1413	0	0.07629	0.17606	0.16485	0.01652	0.0851	0	0.02179	0.02349	0.19511	0	0	0.00686	0.1088	0	0	0.02494	0.0154	0.09846	0	0	0.1143	0	0	0.15819	0	0.25752	0	0.01897	0	0.00582	0	0.0955	0.11635	0.83243	0.29983	0.25917	0.11837	0	0.07435	0	0.20028	0.3866	0	0	0.47882	0	0.17165	0	0.20286	0	0	0.37391	0.0072	0.0758	0.63414	0	0.03875	0.00498	0	0.15081	0.28633	0	0.03525	0.06985	0.50177	0.29053	0.06576	0.04118	0.11022	0.06349	0	0.10498	0	0.21088	0.38816	0.12261	0	0.35935	0.10393	0.07953	0	0.03958	0.57283	0.01024	0	0	0.10417	0.00537	0	0	0	0.26388	0	0	0	0	0.68117	0
"Intestinibacter_bartlettii"	0.19945	0.01034	0.21132	0.06119	0	0.00372	0.02624	0.05911	0	0	0	0.00109	0.12793	0.02281	0.12345	0	0.06402	0.11015	0.01784	0.0498	0.69396	0	0.08851	0	0.01244	0.00286	0.07112	0.0015	0	0.024	0.13847	0.01647	0.28434	0.05436	0.03303	0.05586	0	0.00962	0.07385	0.08909	0.04203	0.32141	0.164	0.24053	0.06215	0.00113	0.02421	0.02948	0.02711	0.07256	0.12573	0.13954	0.16492	0.02279	0.34414	0	0	0.02851	0	0.05622	0.3186	0	0.07243	0.06546	0.03512	0.05024	0.17762	0.27506	0.08384	0.0023	0.15739	0.01372	0.00137	0.15228	0.14773	0.05729	0.00582	0.02811	0.22377	0.18962	0.03586	0.13057	0	0.25528	0.17781	0.07258	0.04476	0.27387	0.05722	0.10426	0.2677	0	0.29745	0	0.01052	0.06186	0.038	0.01259	0.0076	0.07759	0.04575	0.19085	0.20698	0.06429	0.0765	0.01065	0.0091	0.01858	0.00508	0.13911	0.14522	0.1665	0.04156	0.00545	0.0204	0.05758	0.065	0.05505	0.23667	0.02997	0.08543	0.02636	0.14235	0.0698	0.03022	0.36057	0.02452	0.59275	0.12192	0.14419	0.24352	0.03331	0.40506	0	0.5038	0.10806	0.00183	0.18619	0.13004	0.04235	0.0169	0.10213	0.0572	0	0.05712	0.15522	0.8648	0.13092	0.01354	0.0338	0.32236	0.21247	0.074	0.30434	0.08981	0.03936	0.08581	0.09595	0.38845	0.34859	0.35016	0.00179	0.15542	0	0.13551	0.48517	0.34811	0	0.09211	0.05888	0.01986	0.0395	0.59421	0.01663	0.2414	0	0.18244	0.16328	0.04913	0.14165	0.45061	0.04981	0.09013	0.35633	0.48094	0	0.27687	0.62345	0.22345	0.139	0.04448	0.07175	0.19223	0.28273	0.3388	0.0499	0.05773	0.05882	0	0.03285	0.0406	0.11871	0.65937	0.03509	0.02801	0.06982	0.1429	0.18402	0	0.87897	0.16022	0.02342	0.47282	0	0.1911	0.05552	0.11749	0.05669	0.10303	0.33274	0.10412	0.09469	0.28225	0.06127	0.52864	0.21968	0.22342	0.5446	0.12162	0.05463	0.07196	0.00371	0.10418	0.79031	0.03607	0.34888	0.14083	0.01172	2.20015	0.08452	0.2482	0.08784	0.15849	0.40692	0.02167	0.05531	0.0719	0.04206	0.059	0	0.15321	0.03211	0	0.26547	0.03667	0.19035	0.03582	0.01723	0.0083	0.06043	0.35275	0.18853	0.03692	0	0.30359	0.31544	0.11279	0.12609	0.0095	0.07778	0.02038	0.10381	0.41521	0.24895	0.11148	0.33186	0.16799	0.32558	0.08433	0.02505	0.27759	0.28581	0.04931	0.15944	0	0.20343	0.03281	0.0818	1.25907	0.39382	0.10174	0.18184	0.18372	0.15514	0	0.04506	0.11629	0.02432	0.15722	0.01542	0.29218	0.05704	0.00529	0	0.11345	0.15254	0.03974	0.04991	0	0.76133	0.06523	0.19236	0.12612	0.11752	0.0445	0.00035	0.04937	0.18357	0.01553	0.24347	0.15954	0.21901	0.47264	0.12507	0.26438	0.0254	0.17276	0.21274	0.06847	0	0.3848	0.00617	0.11202	0.00843	0.01465	0	0.00214	0.12016	0.17387	0	0.05823	0.10315	0	0.08195	0.00707	1.57077	0.12441	0.04236	0.01419	0.07401	0.00252	0.10089	0.46663	0.16531	0.24826	0.46054	0.0391	0.27258	0.03417	0.11652	0	0.07299	0.01904	0.92329	0.36495	0.26482	0	0.01747	0.07911	0.14443	0.35793	0.00128	0.13709	0.09436	0	0.06458	0.02396	0.0797	0.10139	0.09276	0.01289	0	0.00995	0.11513	0.04257	0	0	0.12116	0.09328	0.05856	0.05546	0.04445	0.0632	0.08498	0.09555	0.04468	0.10255	0.20333	0.02062	0.03026	0.48146	0.11133	0.40006	0.00091	0.13046	0.15871	0.12214	0.02681	0.07827	0.10251	0.01514	0	0.07192	0.30591	0.05672	0.92696	0.09732	0.71302	0.04341	0.35435	0	0.17539	0	0.36232	0.1485	0.1499	0.3861	0.15731	0.25863
"Ruthenibacterium_lactatiformans"	0	0.29728	0.47495	0	0.27265	0.01493	2.08185	0.34736	0.03798	0	0.00336	0	0.62754	0.82198	0.37438	0.14095	0.32805	0.02442	0.05544	0.00671	0	0	0.51693	0.00344	0.10581	0.09068	0.41365	0	0.06274	0.05478	0.42214	0.23211	0.13058	0.31538	0.11192	0.3139	0	0.0288	0.42356	0.28545	0.1345	0	0.266	0.06147	0.02896	0.01318	0.27229	0.20238	0.62386	0.79122	0.15201	0.49579	0.49107	0.26342	0.35763	0.20842	0	0.37325	0.00437	1.20508	1.09792	0.04933	0.00639	0.2335	0.122	0.3701	0.21512	1.54145	1.42089	0.2194	0.21912	0.80367	0.97066	0.13197	0.92702	0.21859	4.80686	0.12189	0.55744	0.02099	1.90461	0.08975	0.4594	0	0	0.15288	0.37537	0.12745	3.68428	0.33183	0.01025	0.1003	0.08234	0.01133	0.04885	0.18138	0.21458	0	0.07065	0.10848	0.1014	0.63563	1.16927	0.68625	0.21651	0.14666	0.00349	0.2173	0.03866	0.12488	1.89241	0.18894	0.03784	0.01881	0.10011	0.51513	0.18323	0.29597	0.06884	0.1693	0.20964	0.13282	0	1.62506	0.22952	0.01406	0.18904	0.96445	0.04205	0.01214	0.09043	0	0	0	0.9908	0.46849	0.95058	0.21481	0.20561	0.13668	0.05488	0.74998	0.0775	0.02732	0.91504	0.1096	0.0356	1.03863	1.19651	0.08904	0.22518	4.53802	0	0.11314	0.08317	0	0.59521	1.66335	0.06396	0.58971	0.10799	0.26032	0.11024	0.02487	0.55215	0.43552	0.00186	0.10537	0.02063	0.09791	0.37189	0.2793	2.12538	0.06407	0.10515	0	0.14349	0.3852	0.08724	0.15765	0.13046	0.02879	0.02461	0.05334	0.77592	0.05962	0.04686	0.12986	0.42564	0.59233	0.29548	0.02573	1.04588	0.15994	0	0.04902	0.04313	0.01115	0.39615	0.09521	0	0.09443	0.28434	0.11248	0.58897	0.54556	0.16389	0.12697	0.0066	0.17289	0.01481	0.00569	0.02698	0.19869	0.23778	0.31875	0.27915	0.65715	0.01788	0.52729	0.18337	0.24415	0.26812	0.07847	1.67534	0.73328	0.1124	1.17357	0.04523	0.46075	0.00152	0.01439	0.03625	2.85155	0.22274	0.03147	0.42654	1.19829	0.01521	0.00901	0.93921	0.55067	0.06607	0.23206	0.10904	0.03583	2.94034	0.2696	0	0.14415	6.36893	1.52912	0.00771	0.44118	0.04438	0.21207	0.23899	0.10915	5.2579	0.55417	0.20793	2.10071	0.02637	0	0.15621	0	0.11502	1.39511	0.03087	6.62849	3.56937	0.33346	0.03648	0.09253	0.44366	0.46952	0.54062	0.10405	0.14986	0.13393	0.88445	0.52087	0.11724	0.03565	0	0	0.06837	0.02392	0	0.44586	0.13021	0.04994	0.68798	0.08501	0.0648	0.10009	0.23144	0.04816	2.15469	0.09289	0.18397	0.04779	0.08692	0.03914	0.0794	0.01096	0.09149	1.01333	0.36952	2.90505	0.06257	0.04782	1.34438	0.19964	0.08728	0.09795	0.11663	0.11751	0.02738	0.50304	0.11045	0.05063	0.17028	0.16732	0.40209	0.04858	0.15189	0.12095	0.14268	0.33098	1.64138	0.0203	0.92088	0.09513	0.20417	0.15012	0	0.0696	0.06642	0.11332	0.02726	0.12886	0.01668	0.10275	0	0	0.14484	0.06457	0.02998	0	0	0.32476	0.00477	0.14032	0.3056	0.41471	0.16587	0.17402	0.00913	0.045	0.19712	0.052	0.10556	0.06968	0.0098	3.05354	0.42425	0.16284	2.66221	0.07713	0.0143	0.11151	0.25639	0.46952	0.11282	0.06548	0.00361	0.17107	0.11774	0.57176	0	0	0.07445	0.24167	0.13872	0.02087	0	0.11501	0.03796	0.17843	0.59931	0.03913	0	0.02959	0.05886	0.69504	0.38359	0.17394	0.00748	0.15952	0.25905	0.02169	0.18648	0.19974	0.20639	0.25349	0.07928	0.10799	0.42021	0.49428	0.10385	0.55358	0.79679	1.20026	2.69012	0	0.27846	0.02891	0.02241	0.02543	0.02501	0.99964	0.18848	0	0.2434	0.01767	0	0.06902	0.08741
"Haemophilus_parainfluenzae"	0.00209	0	0	0.12035	0.0345	0.0197	0	0.00086	0	0.01981	0	0.07178	0.01218	0.10176	0.00664	0.04425	0.0215	0	0	0.43198	0.87881	0	0.01174	0.95429	0	0.23229	0	0.08081	0.09259	0.00726	0	0.01274	0.28414	0.01402	0	0	0.05555	0	0.09396	0.08017	0.35509	0.09687	0	0.06902	0.03293	0.31151	0	0.08661	0	0	0.02749	0	0	0.00115	0	0.0032	0.62523	0.92307	0.15102	0	0.05187	0.00347	0.17396	0.04163	0.00867	0	0	0	0.00699	0.02066	0	0	0	0.18906	0.00963	0.0461	0	0.12267	0.0499	0.38783	0	0.00104	0.00201	0.01409	0.22704	0.03653	0.00697	0.02014	0.00096	0.00562	0.28654	0.1016	0.80013	0.0956	0.13549	0.00297	0.0405	0.165	0.01137	0.1488	0.04707	0.0015	0.00352	0.00835	0.13125	0.19407	0.21204	0	0.06796	0.01947	0.04575	0.24398	0	0	0.0725	0.03939	0.02211	0	0.00907	0.03502	0	0.0141	0.01276	0.09867	0.13028	0.13461	0	0	0.17655	0.04857	0.07737	0.09606	0.066	0.02294	0	0	0	0.03039	0.00697	0.01303	0.00243	0	0.0049	0	0	0	0.0017	0	0	0.00727	0.00488	0	1.22414	0.06929	0.04731	0	0	0.00403	0.01856	0.00179	0.01973	0.02236	0.01054	0	0	0	0.00575	0.01464	0.00577	0.04674	0	0.07091	0	0	0.00327	0	0	0	0.02547	0.02787	0.00282	0.0462	0.05463	0.26847	0.00651	0.08589	0	0.01631	0	0	0	0.02361	0.06454	0	0.00191	0.01249	0.08891	0	0.01075	0.04306	0.17569	0	0	0.01488	0	0.00941	0	0	0.04183	0.36454	0	0	0	0.00283	0	0.0144	0.15263	0	0.07829	0	0.0402	0	0	0.05209	0	0	0.00603	0	0.08382	0	0.35024	0.02216	0.2419	0	0	0.03579	0	0	0.75663	0.01566	0	0	0.02678	0	0.00806	0.04465	0	0.16567	0.26265	0.0383	0	0	0.25187	0	0	0	0	0	0	0.00526	0.00072	0	0.07001	0.04346	0.02564	1.02117	0.03071	0	0.02083	0	0	0	0.03727	0.00578	0.01817	0.01224	0	0.12365	0	0.02053	0.0046	0.00297	0.0687	0.01258	0	0	0.31561	0.22778	0.05493	0.00306	0.00979	0.02619	0.01372	0.07599	0.02066	0.02774	0.02138	0.05136	0.01354	0	0	0	0.01873	0.02965	0.1577	0	0.43903	0	0.19004	0	0	0.13915	0	0.07366	0.00087	0.01528	0.10744	0.01313	0.25161	0.00844	0	0.11586	0.40632	0.00266	0.0409	0.42383	0.00808	0.00153	0	0.09182	0.00386	0	0	0	0.01248	0.01029	0.00387	0.00694	0.14955	0	4.42134	0.66847	3.92548	0.08948	0.16132	0.08587	0.00388	0.02817	0	0.06511	0.10581	0	0.10814	0.19116	0	0.08046	0.00323	0.05319	0	0.22327	0	0.15744	0.15514	0.01409	0.00506	0	0.00762	0	0.03405	0	1.05916	0.00313	0.02794	0	0	0.01151	0.00582	0.00143	0	0.07092	0	0.016	0.19121	0	0.00193	0	0	0	0.11409	0.00504	0.00197	0.00684	0.00923	0.01076	0.74111	0.01139	0.06347	0.33178	0.00192	0	0.00377	0.07819	0	0.28002	0	0.01719	0	0.24759	0.01019	0.00827	0.32054	0	0.04798	0	0	0.0038	0	0	0.07207	0	0.06959	0.03656	0.03393	0.21007	0.18597	0.06049	0.02364	0.10155	0.02106
"Enterocloster_asparagiformis"	0.03829	0	0.01408	0.02664	0.05296	0	0.02041	0.35731	0	0	0.00393	0	0.00502	0.08914	0.08905	0.00442	0	0.00191	0	0	0.01332	0	0.00094	0	0	0	0.00284	0	0.08067	0.01659	0.01528	0.05931	0.00517	0.04689	0	0.0203	0	0	0.18151	0.00434	0.02969	0	0	0.00198	0	0	0	0	0.00946	0.01617	0.00267	0.01171	0.00385	0.02405	0	0.01226	0	0	0	0.03017	0.03236	0	0	0.00918	0.00485	0	0.00243	0.4595	0.04286	0	0.00708	0.06031	0.02467	0.04501	0.01456	0.01802	0	0.04553	0	0	0	0.0138	0.24916	0	0	0.00327	0.09093	0	0	0	0	0.21496	0.04319	0	0	0.09496	0.01432	0	0	0.04083	0.2504	0	0.02837	0.03033	0	0.01203	0	0	0.03637	0	0.01529	0.01318	0.02483	0	0.0052	0.01024	0.03306	0.01519	0.10722	0	0	0.02071	0.10207	0.23079	0.02675	0.00311	0.00399	0	0	0	0	0	0.09863	0	0	0	0	0	0	0	0	0.00417	0	0	0	0	0	0.00297	0.00057	0.0045	0.03163	0	0	0.01698	0.02461	0	0.08052	0.01247	0.02143	0	0	0	0.00583	0	0	0.07465	0	0.01305	0	0	0.00347	0.00114	0	0	0.00475	0	0	0.02559	0	0.02849	0.11155	0	0.03418	0.03959	0.00307	0	0.01423	0	0	0.21411	0.00101	0	0.04161	0.04377	0.00907	0	0	0	0	0.01442	0	0	0	0	0.0145	0	0.00443	0	0.0012	0.00583	0	0	0	0	0	0.01405	0.02135	0	0	0.04256	0.01693	0.11328	0	0	0.00124	0.06646	0.02529	0.01695	0	0	0	0	0	0.01839	0	0.00133	0.00468	0.02471	0	0	0.03656	0.04959	0	0.01932	3e-04	0.00693	0.0227	0.01049	0	0.01519	0	0.04327	0	0.17899	0.0217	0.02044	0.00432	0	0	0	0.0509	0.02548	0.00847	0	0	0	0	0.02842	0	0.07509	0.01765	0.01322	0.00015	0.0012	0	0.05896	0	0.03191	0.01061	0	0.01843	0.37915	0.00791	0	0	0	0	0.01648	0	0	0.04416	0	0	0	0	0	0.00828	0.04182	0	0	0	0.00336	0	0	0.00564	0.01857	0	0	0.00313	0	0	0	0	0	0.03968	0.04693	0	0	0	0.01617	0.0117	0	0	0.02039	0.07643	0	0.05962	0	0.01998	0	0	0	0.0127	0.02397	0	0	0	0	0	0	0.02528	0	0	0.0219	0	0.00304	0.11946	0	0	0.00163	0	0	0	0.01402	0.0159	0.02224	0.07162	0.02378	0.02925	0	0	0	0	0	0	0.02516	0.03515	0	0	0.01388	0	0.0492	0.00428	0	0.00125	0	0	0.03721	0.01096	0	0	0	0	0	0.05351	0	0	0	0.00397	0.03831	0.02423	0.04713	0	0.00215	0	0.10424	0.01346	0	0	0	0.0151	0.01086	0	0	0	0	0	0	0.05743	0	0.00711	0.03385	0.02953	0	0	0	0.02308	0	0.00074	0	0.00886	0	0	0	0	0.02882	0	0.02577	0
"Clostridium_butyricum"	0.06369	0.059	0	0.0111	0.02507	0.00717	0.04635	0.02968	0	0	0.08821	0.00219	0.07675	0.00618	0.03517	0.01817	0.21087	0.4192	0	0	0.06721	0.19835	0.03611	0	0.00665	0.25972	0.01406	0.19281	0.00949	0.01664	0.00902	0.00955	0.03206	0.00855	0	0	0	0	0.08922	0.10749	0.12164	0.57322	0.09354	0.00809	0	0	0.04131	0.0584	0	0.00277	0	0.14973	0.06684	0	0.06223	0.00037	0	0.05179	0.02888	0.01567	0.26216	0	0.12412	0	0.00567	0.04188	0.10953	1.81764	0.20402	0.0408	0.05513	0.02341	0.01902	0.22829	0.06216	0.06015	0.17387	0.09593	0.35966	0	0.08198	0.03904	0.04358	0.53454	3.75027	0.02636	0.07934	0.28803	0.01241	0.00935	6e-04	0.57192	0.16754	0	0	0.0952	0.12673	0.00452	0	0.00601	0.14763	0.01956	0.00228	0.01031	0.00405	0	0	0.00674	0.0149	0.05504	0.05076	0.05991	0.03278	0.03354	0.00651	0.11856	0	0.12811	0.07681	0.04509	0	0.03828	0.03873	0.34559	0.04592	0.00506	0.15358	0.2395	0.12841	0.03036	0.02537	0.04432	0.11706	0	0.16873	0.04397	0.33946	0.15275	0.10057	0.11102	0.11014	0.02808	0.0082	0.05664	0.52797	0.05392	0.02501	0.09456	0.04773	0.02606	0.28949	0.09069	0.00598	0.02977	0.00457	0.00203	0.04503	0.00431	0.0028	0.03279	0	0	0.00756	0	0.24544	0.59255	0.08103	0.00386	0.00773	0.00021	0.09752	0.04199	0.14882	0	0.03647	0.00533	0.06005	0.03756	0.01734	0.04161	0.85547	0	0.11499	0.03576	0.05806	0	0.02937	0.14095	0.04852	0.35324	0.0381	0.01329	0.05612	0.04426	0.28129	0	0.03911	0.0188	0	0.0089	0.01399	0.00201	0.02141	0.0579	0.10152	0.01246	0.19969	0.00763	0	0.0778	0.01389	0	0	0.07323	0.01269	0.0063	0.27906	0.01581	0	0.03028	0.02046	0.03457	0.20692	0.03048	0.04302	0.2755	0.18356	0.03249	0.00477	0	0	0	0.00332	0.15012	0.01215	0.00364	0	0.23875	0	0.01955	0.08642	0.05417	0.05435	0.03147	0	0	0.02216	0.01204	0.07207	0.01055	2.41633	0.01056	0.00672	0.02716	0.01541	0.16645	0.00787	0	0.06554	0.45854	0.09335	0.01932	0	0	0.81777	0	0.00669	0.01978	0.00283	0.12184	0.03125	0.03443	0	0.00901	0.09663	0.19049	0.08496	0	0.01406	0.00295	0.0097	0.0209	0.00157	0.00786	0	0.03544	0	0.00454	0.04984	0.03106	0.0459	0.01912	0.01002	0.00234	0.01002	0.00189	0.04202	0.00515	0.03531	0.04475	0.11568	0	0.00662	0	0.23707	0.00305	0.0023	0.05874	0.00377	0.1364	0.00765	0	1.54376	0.08603	0.0674	0.18332	0.01966	0.02804	0	0.04669	0.01995	0.00762	0.37025	0.00137	0.06878	0.71752	0.12573	0.23116	0.03103	0.03261	0.06181	0.01854	0.53424	0.00119	0.0087	0.00486	0	0.00375	0.01853	0.00537	0.23152	0.0493	0.01482	0	0	0.00025	0.05002	0.09487	0	0	0.00464	0.07371	0	0.01857	0.01566	2.83657	0.05264	0.06695	0.00625	0.0873	0	0.52483	0.10313	0.01019	0.02212	0.07091	0.00666	0.11316	0.01119	0.04969	0.20019	0.21703	0.09986	0	0	0.07891	0	0.02175	0.02671	0.01846	0.06873	0	0.04854	0	0.02176	0	0.01198	0.56912	0.03361	0.16483	0.29478	0.64178	0.00544	0.01991	0.01611	0.02497	0.00852	0.00626	0.01622	0.2136	0	0.38368	0.20894	0.52253	0.02841	0.04168	0.01096	0.04381	0.67147	0.02674	1.21961	0.08194	0.07078	0.01863	0.06539	1.46168	0.05828	0.13718	0	0	0.14315	0.10227	0.1091	0.00398	0.18192	0.06093	0.53636	0.0563	0.07713
"Lachnospiraceae_bacterium_NSJ_29"	0.00802	0	0.00447	0.00792	0	0	0.04365	0.01282	0.00518	0	0.00142	0.00609	0	0	0	0	0	0	0	0	0	0	0.03479	0	0.0042	0	0.01122	0	0	0.00139	0	0.00498	0.00498	0	0	0.02512	0.00537	0.00621	0.01611	0.00321	0.00077	0	0	0	0	0	0	0	0.0084	0.02348	0	0	0	0	0	0	0	0	0	0	0	0	0	0.00222	0.01502	0.0593	0.04047	0	0	0	0	0	0	4e-05	0.0137	0.00649	0	0	0	0	0.0064	0	0	0	0	0	0	0	0.02169	0	0.00362	0	0	0	0.00044	0	0	0.01765	0.00659	0	0	0	0	0	0	0.00347	0	0	0	0	0	0	0	0.00233	0.00757	0	0	0.01582	0	0	0.01723	0	0	0	0	0	0.01301	0	0	0.00318	0	0	0	0	0.02709	0	0	0	0	0	0	0.02835	0.04012	0	0	0	5e-04	0	0.02069	0.01177	0	0	0	0	0	0	0.02443	0.01796	0	0	0	0	0	0.00258	0.02727	0	0.00677	0.00595	0	0.04925	0	3e-04	0.01701	0.01607	0	0	0	0	0	0	0	0	0	0	0.04925	0	0	0	0	0	0.0202	0.04159	0	0	0	0	0.00093	0	0	0	0	0.00108	0.04719	0	0	0.00796	0	0.00513	0	0	0.00773	0	0	0.00784	0.00739	0.00426	0	0.02223	0	0.02799	0	0	0	0	0.01944	0	0.00519	0	0	0.00082	0	0	0.01051	0.1189	0.00547	0.01421	0.0011	0.05555	0	0.00534	0	0.04232	0	0.01117	0.01532	0	0.01771	0	0	0.00304	0.03296	0	0	0.02283	0.04808	0	0	0	0	0	0.02597	0	0	0	0	0	0.0023	0.02287	0	0.01435	0	0.00896	0	0	0.03682	0	0	0	0.02071	0.00018	0	0	0.00922	0.01558	0	0	0.00253	0	0	0	0.02141	0.03542	0.02313	0	0	0	0.02701	0.00309	0	0	0	0	0	0	0	0	0	0.02898	0	0	0.03142	0	0.05873	0	0	0.03636	0.00507	0.00919	0.00442	0.01959	0	0.00295	0.01522	0.01391	0	0	0	0.0195	0	0	0	0.02488	0	0	0	0.00809	0	0.00139	0	0.00323	0	0	0	0	0	0	0	0	0.01615	0	0	0.00384	0	0	0	0	0	0	0.01602	0	0.0018	0	0	0	0	0	0.01968	0	0	0	0	0.00445	0	0	0	0	0.00853	0.00396	0	0.0022	0	0	0	0	0	0.01653	0.02111	0	0.00455	0	0	0	0	0	0	0.02805	0.01557	0	0	0	0.00408	0	0	0	0	0	0.00479	0	0.00579	0	0	0	0.01132	0	0	0	0	0	0.0024	0	0	0	0.03166	0	0	0	0	0.04297	0
"Dielma_fastidiosa"	0	0	0	0.00496	0	0	0.00613	0.00409	0	0	0	0	0	0	0	0	0.02266	0.01982	0	0	0	0	0	0	0	0	0	0	0	0	0	0	0	0	0	0	0	0	0.00273	0.00011	0.00048	0	0	0	0.00232	0	0	0	0	0	0	0	0	0	0	0.00029	0	0	0	0	0	0	0	0.00022	0	0	0.01218	0	0.01543	0	0	0	0.01234	0.00275	0.00292	0.00297	0.01985	0.01013	0	0	0	0	0	0	0	0	0	0	0.29575	0.00298	0	0	0	0	0.00289	0	0	0.00065	0.00077	0	0	0.00605	0	0	0	0	0	0	0	0.00742	0	0	0	0	0.00443	0.01488	0.00477	0.00023	0	0	0	0	0	0	0.0234	0.0028	0	0	0.00087	0.00722	0	0	0	0	0	0.44823	0	0	0.00526	0	0	0.0158	0	0	0.00055	0	0	0	0.02136	0	0	0.03161	0	0.02001	0.00295	0	0.0583	0.00279	0	0	0	0	0	0	0	0	0	0	0	0	0	0	0	0	0.00507	0	0	0	0.00574	0	0	0	0.00729	0	0	0	0	0	0	0.00046	0	0	0	0	0	0	0	0	0	0	0	0	0	0	0	0	0	0	0	0.00081	0	0.00352	0	0.00262	0	0.00956	0	0	0	0	0	0	0	0	0.02102	0	0	0	0	0	0	0	0	0	0	0	0	0.02381	0	0	0	0.06951	0	0	0	0	0	0.00586	0	0	0	0	0	0.00049	0.00029	0.01562	0.04746	0	0	0	0	0	0	0	0	0	0.00126	0.01771	0.00055	0	0	0	0	0	0	0	0	0	0.00556	0	0	0	0	0	0	0	0.01626	0.01899	0	0	0	0.00293	0	0	0.00266	0.00043	0.00575	0	0.00314	0	0	0	0	0	0	0	0	0	0	0.01037	0	0	0	0	0	0.01481	0.00587	0	0	0.005	0	0	0	0	0	0	0	0	0	0.00989	0	0	0	0.0108	0	0	0	0	0	0	0	0	0	0	0	0	0	0	0	0.00084	0	0.06976	0	0	0	0	0	0	0	0	0	0	0.0422	0	0	0.06021	0	0	0.04229	0	0	0	0	0	0	0	0	0	0	0	0	0	0	0	0.02271	0	0	0.00208	0	0	0	0	0	0	0.01807	0	0	0	0	0.00787	0.00495	0	0	0	0	0	0	0	0	0	0	0	0.00465	0	0	0	0	0	0	0	0	0.00278	0.01831	0	0.03251	0	0	0	0
"Neobittarella_massiliensis"	0	0.02787	0	0	7e-04	0	0	0	0	0	0	0	0	0.00274	0	0	0	0	0	0.00181	0	0	0.00444	0	0.00252	0	0	0	0	8e-04	0.01927	0	0.00283	0.00059	0	0	0.0032	0	0.0051	0.00215	0.00137	0	0	0	0	0	0	0	0.00175	0.00917	0	0.00682	0.00117	0.00032	0.01412	0	0	0	0	0	0.00469	0.00163	0	0	0.00061	0.00215	0.00457	0	0	0	0.01601	0.00603	0.0291	0.00033	0.00131	0.00383	0	0	0	0	0	0	0	0	0	0	0	0	0.00506	0	0.00366	0	0	0.00012	0.00199	0	0	0.00048	0.00039	0	0	0.032	0	0.0043	0	0	0	0	0.01392	0	0	0.00204	0.02273	0	0	0	0	0	0.00864	0	0	0	0	0.01421	0	0	0	0	0.00316	0.00146	0	0	0.00684	0	0	0.0018	0	0	0	0	0.00096	0.01219	0.0017	0	0	0	0	0	0	0	0	0.00884	0	0	0.00329	0	0	0.00124	0.01613	0.00047	0	0.00014	0.00141	0	0.00081	0.01092	0	0	0	0.0038	0.00449	0.00147	0	0	0.00743	0	0	0.00379	0.0092	0	0	0.00027	0.00774	0	0.01382	0	0	0	0.00347	0	0	0.00206	0	0.00779	0	0.00343	0.00058	0.00326	0	0.00811	0	0	0	0	0	0	0	0.00031	0.00108	0	0	0	0.00038	0.00227	0	0.00343	0.01464	0.00716	0	0.00266	0	0	0	0	0.01019	0.01132	0	9e-05	0	0	0	9e-05	0.00026	0	0.00639	0.00228	0	0	0	0	0	0	0	0	0.00055	0	0.01607	8e-04	0	0	0	0	0.01266	0	0	0.00177	0.00304	0	0	0	0	0	0	0	0	0	0	0	0.00104	0	0	0	0.00258	0.00265	0.00296	0.00307	0	0.00379	0	0	0	0	5e-05	0.00117	0	0	0.00739	0.01561	1e-04	0	0	0	0.00049	0	0.00192	0.00329	0.00805	0.00208	0	0	0	0.00489	0.00552	0	0.02154	0.00578	0.00566	0.025	0.0045	0	0.00454	0.00133	0	0	0	0	0.00035	0	0	0	0	0	0	0	0	0	0	0	0	0	0	0	0	0.01276	0.00048	0.00143	0	0.00157	0	0	0	0	0	0	0	0.00062	0	0	0	0	0	0	0	0	0	0.0016	0	0	0	0	0.00343	0	0.00292	0.00129	0	0	0	0.00426	0	0	0	0.0051	0	0	0	0	0	0	0.00475	0	0.00514	0	0	0	0	0	0	0	0.00231	0	0	0	0	0	0	0	0.01354	0	0	0	0	0	0.02954	0	0	0	0	0	0.00021	0	0	0	0.00681	0	0	0	0	0	0	0	0	0	0.04335	0	0	0.00777	0	0	0
"Vescimonas_coprocola"	0	1.12905	0	0	0	0	3.68037	0.97095	0.10691	0	0.02267	0	0	0.04791	0	0.16645	0	0	0.10032	0.12936	0	0	0	0.01549	0.14996	0	0.51209	0	0.11327	0.15475	0	0	0.56592	0	0.00284	0	0.11052	0	0.04818	0.31382	0.08413	0	1.74522	0.45676	0	0	0.21053	0.13708	0.25416	2.03405	0.64969	0	0.92042	0.10397	0	0.0783	0	0.10208	0	0.96399	0	0.00847	0	0.60434	0.49347	0	0	0	0	0	0	0	0	0.06525	0.21702	0.29584	0	0	0	0.0971	0.26681	0	0	0	0	0.31502	0	0	1.51492	1.05512	0.01207	0	0	0.18697	0	0	0	0.15901	0.06414	0	0	2.28536	1.72978	0	0.18566	0	0	0	0	0	0	0	0	0	0	0	0	0	0	0	0	0	0	0	0	0	0	0	0	0.704	0	0	0	0	0.60445	0	0	0	0	0	0	0	0.46039	0	0	0.00472	0.08883	0	0.15453	0	0	0	0	0	0	0	0.55266	0.04478	0	1.91759	0	0	0	0.03207	4.00554	0	0	0.82897	0.34367	0.62704	0	1.59848	0	0.29645	0	0	0	0	0	0	0	0	0	0	0.67825	0	0	0	0	0	0.0221	0.26236	0	0	0	0.61011	0	0.02636	0.04606	0	0	0.37902	0.17226	0	3.16244	1.41342	0	0.89931	0.01846	0	0.89109	0.04003	0.35597	0.57581	1.62871	0.91495	0	1.11859	0.27023	1.11308	0	0	0	0.32234	0	0.82366	0	0	0.33601	0.46003	0.09385	0.20851	0	3.33931	1.10746	0.72511	0.8004	0.30597	0	0.18336	0.61497	1.21664	0	0.44869	0.7242	0	0	0.11385	0	0.24906	0.31108	0	0	0.3944	0.23819	0.02607	0.34189	0.75073	4.22142	0	0.30999	0.6987	0	0	0	0	1.33715	0.54013	0.08726	0	0.34195	0.72918	0.11225	0.1877	0	0	0	0.62955	0	0.15194	0	0	0	0.98414	0	0.00474	0.06167	0.06119	0	0	0	0.99459	3.66537	0	0	0.4383	0	0.16619	0	0.53786	0	0.38102	0.17163	0.29152	0	0.43009	0	0.79676	0	0	0.27499	0.19007	3.70346	0	0	0.39807	0.35968	0.88642	0.14229	1.03345	0	0.3147	0	0.50868	0	0	0.84969	0	0	0.27088	0	0.23058	0.016	0	0.05079	0.46084	0	0	0.01591	0.05229	0	0	0	1.04433	0.00037	0.26716	0	0	0	0.0143	0	0	0.35891	0	0.01404	0	0	0	0.14058	0	0.13435	0	0	0	1.11228	0.21648	0.09483	0.65727	0	0	0	0	1.08271	0.86321	0	0	0.06977	1.24198	0	0	0	0	0	0.50858	0	0.54775	0.23247	0.032	0.18772	0	0	0	0	0	0	0	0	0	0	0	0	0	0	0	0	0	0.16174	0	1.71365	0	0	0	0.12766	0.00935	0.66471	0	0	0.00316	0.25044	0	0	0	0	0	0	0	0	0	0
"Eubacterium_limosum"	0	0	0	0	0	0	0.01216	0.00352	0	0	0.03242	0	0	0	0	0	0	0	0	0	0	0	0.11995	0	0.00378	0.03862	0	0.02454	0	0	0	0	0	0	0	0	0	0	0.01443	0.00652	0	0	0	0	0	0	0	0	0	0	0	0	0	0	0	0	0	0.04246	0.02701	0	0	0	0	0	0.00576	0	0	0.07883	0.03235	0	0	0	0	0.01562	0.01485	0.01691	0	0.06584	0	0	0.0661	0	0	0	0	0	0	0.2264	0.02598	0	0	0	0	0	0	0.0965	0	0	0	0.01016	0.13702	0.05529	0	0.03277	0.0192	0	0	0	0	0.00038	0	0.0593	0	0.02073	0	0.01049	0	0	0	0	0	0	0	0	0.0051	0	0.02905	0	0	0.00122	0	0	0.01775	0	0.00218	0.04674	0	0	0	0	0	0	0	0	0.02874	0.02119	0	0.1419	0	0	0.19784	0	0	0.02363	0.00927	0	0	0	0	0	0	0	0.05008	0	0	0.23424	0	0	0	0	0	0	0.01699	0.02095	0.01835	0	0	0.10918	0	0.02444	0.32703	0.03224	0	0	0	0	0	0	0	0	0	0	0	0.06063	0	0	0	0	0	0	0	0.0272	0	0	0.02394	0.00073	0.01614	0	0	0.08487	0	0	0	0	0.02416	0	0	0	0	0	0	0.18059	0.10846	0	0	0	0	0.07818	0	0.01757	0	0	0	0	0	0	0	0.01646	0	0	0.81322	0	0	0	0	0	0	0	0	0	0.40585	0	0	0.21448	0.05047	0	0	0	0.00553	0.61844	0.07156	0.00314	0.00318	0	0.18846	0	0	0	0	0	0.25535	0.02044	0	0	0	0	0	0	0	0	0	0.01629	0	0	0	0	0	0	0	0.01401	0.0146	0.01371	0.01794	0	0	0.00907	0	0	0	0	0.04937	0	0	0	0.00889	0	0	0	0	0	0	0	0.3536	0	0	0.07008	0	0	0	0	0	0.00102	0	0	0	0	0	0	0	0	0	0	0	0	0	0	0	0	0	0	0	0.02169	0	0	0	0	0	0	0	0.0023	0	0.05435	0	0	0.02497	0	0.09555	0	0	0	0	0.08858	0	0	0.0073	0.24678	0	0.08187	0.0086	0	0	0	0	0	0	0	0	0.08837	0	0	0	0	0	0.01114	0.02074	0	0	0	0	0	0	0.06004	0	0.00296	0	0	0	0	0	0	0	0	0	0	0.07821	0	0	0	0.03088	0	0	0	0	0	0.05628	0	0	0	0	0	0	0	0	0	0	0	0.49849	0	0
"Anaerostipes_caccae"	0.00589	0	0	0.01092	0	0	0	0	0	0	0	0	0	0	0	0	0.0083	0.20172	0	0	0	0	0.00401	0	0	0	0	0	0	0	0	0	0	0	0	0	0	0	0.00761	0.03669	0.01225	0	0	0	0	0.22387	0	0	0	0	0	0.00446	0.01241	0.01723	0	0	0	0	0	0	0.02118	0	0	0	0	0.02391	0.05679	4.70575	1.31798	0	0	0.05754	0	0.05365	0.00721	0.011	0	0	0	0	0	0	0.01545	0	0	0	0	0	0	0	0	0.00631	0.01599	0	0	0.0427	0.0016	0	0	0	0	0.11033	0	0.00231	0	0	0	0	0.02914	0	0	0	0.08349	0	0	0.0889	0.00143	0.00102	0.00746	0.02204	0.00036	0.01567	0	0.00755	0.02135	0	0.01706	0	0.21601	0	0	0	0	0	0	0.02685	0.20719	0.0068	0.00618	0.26583	0.12798	0	0	0.00684	0	0.00314	0	0	0	0.00228	0	0	0	0.00434	0	0	0	0	0	0	0	0	0	0	0	0.305	0	0	0	0	0	0	0	0	0.00409	0	0.00284	0.00213	0.0037	0	0.36175	0	0.06243	0.00822	0.03932	0	0	0.00275	0	0.24027	0	0	0.00144	0.00828	0.0033	0.00122	0	0	0	0.00347	0	0.00125	0.00597	0	0	0	0	0	0	0.01245	0.00164	0	0	0	0	0	0.17014	0	0	0	0.06457	0	0	0	0	0.00297	0.15657	0.25237	0	0	0	0	0	0.82037	0.00062	0	0	0	0	0	0	0.01325	0	0	0	0	0	0	0	0	0	0.01385	0	0	0	0	0	0	0	0.02573	0	0	0	0	0	0	0	0	0	0.00806	0	0	0	0	0.0383	0	0	0	0	0	0	0	0	0	0	0	0	0	0	0.00611	0	0	0	0	0.00834	0	0	0	0	0.00194	0.83991	0	0	0	0.00441	0	0	0.0025	0	0.00821	0	0	0	0	0.00952	0.01138	0	0	0	0	0	0	0.0079	0	0.00199	0.03168	8e-04	0.00449	0	0	0.02839	0	0	0	0	0	0	0	0	0	0.32599	0	0	0	0	0.01369	0.01193	0	0	0	0	0.13602	0	0.09269	0.01373	0.02447	0	0.01713	0	0	0	0.16538	0	0	0	0	0	0	0	0	0.28881	0	0.02252	0	0	0	0	0	0	0	0.04859	0.08558	0	0	0.00081	0	0	0	0	0	0.29305	0.0233	0	0	0	0	0	0.06041	0	0	0	0.30837	0.00263	0.01761	0.00513	0	0	0	0	0	0.38969	0.1172	0.03866	0.03162	0	0	0	0	0	0	0	0.0421	0.00376	0	0.6766	0	0	0	0
"Veillonella_dispar"	0	0	0	0	0.08141	0.02756	0	0	0	0.48802	0.00587	0.02664	0	0	0	0	0	0	0	0	0.05373	0	0	0.28035	0.00148	0	0	0.00146	0.00312	0	0	0.00677	0	0	0	0	0.00627	0	0.01381	0.00975	0.03444	0.18277	0	0.01009	0.00198	0.01667	0.00627	0.00468	0	0	0.00438	0	0	0	0	0	0.01917	0.15981	0.0525	0	0	0	0	0	0	0.00021	0	0	0	0	0	0	0	0.0819	0.00148	0.03619	0	0.01432	0	0.04359	0	0	0.26081	0	0.01088	0.00189	0	0.00346	0	0	0	0.03295	0	0	0	0	0.05449	0.06378	0	0	0.00634	0	0	0	0	0.00821	0.03037	0	0.08924	0	0	0.08425	0	0	0	0.01359	0.0072	0	0	0	0	0	0	0.00203	0.03002	0.01209	0	0	0.02577	0	0.09934	0	0.03414	0.00418	0	0	0	0.4036	0.04487	0	0	0	0	0	0	0	0	0	0	0.00661	0	0	0.05654	0.01352	0	0.01292	0	0	0	0.00533	0.02208	0	0.00698	0	0	0	0	0.01079	0	0	0	0	0	0	0.06013	0.07015	0	0	0	0.00326	0.01997	0	0	0.02208	0	0.00614	0.00135	0.21287	0	0	0	0	0.0798	0	0	0.00031	0.0481	0	0	0.02352	0.57506	0	0	0	0	0	0.00122	0	0	0.10254	0.00082	0	0	0.00344	0	0	0	0	0.19013	0	0.00638	0	0	0.01072	0	0	0	0	0	0	0.19034	0	0	0	0	0.01438	0	0	0	0	0	0	0.11368	0.00429	0	0.02733	0	0.03277	0	0.14159	0	0	0.23766	0	0	0	0.00137	0.01167	0	0	0.00265	0	0	0.55924	0	0.00978	0.00864	0	0.00059	0	0	0	0	0	0.00619	0	0	0.00193	0	0	0	0.02716	0.47624	0	0	0	0	0	0.01332	0	0	0	0	0.20676	0	0	0	0.04361	0	0	0	0	0	0	0	0.00526	0	0	0.04064	0	0	0	0	0	0.01324	0.05202	0.00038	0.167	0.17869	0	0	0.00156	0	0	0	0	0.00586	0	0	0	0	0	0	0	0	0	0	0	0.15224	0	2.15497	0.00675	0.00645	0.00041	0.00228	0	0	0	0	0	0.53657	0	0	0.37614	0	0	0	0	0	0	0	0	0	0	0	0	0	0	0	0	0.04559	0	0	0	0	0.00508	0	0	0	0.00796	0	0.36669	0	0	0	0	0	0.03502	0	9e-04	0	0.05123	0	0	0.07713	0.00946	0.00351	0	0	0.01497	0	0	0	0.03676	0	0	0	0.00561	0.00283	0	0.01602	0	0	0	0	0.04392	0	0	0	0	0.01862	0	0	0.00398	0.11148	0.11655	0.0226	0.00042	0.05155
"Clostridium_spiroforme"	0.00353	0	0	0.00126	0	0	0.00365	0.00557	0	0	0	0	0.01263	0.0018	0	0	0	0.00218	0.06408	0.06192	0	0	0	0	0	0	0	0	0	0	0	0	0.017	0	0	0.00387	0	0	0.10897	0.0314	0.00449	0	0	0	0	0	0.04471	0	0	0	0	0	0.01439	0	0	0	0	0.35146	0	0.00615	0.09613	0	0	0	0	0	0.06655	0.17556	0.05779	0	0.01882	0	0.11939	0.03479	0.04936	0.02277	0.00429	0.02445	0.08602	0	0	0.05694	0.13081	0.11993	1.15127	0.01605	0.0319	0	0.02187	0.02903	0	0	0.0305	0	0	0.02092	0	0	0	0.05041	0.11138	0	0	0	0.0053	0	0	0	0	0	0	0.02135	0.02348	0.01333	0	0	0	0.06284	0.00323	0	0.00216	0	0.0285	0	0.0129	0	0.0077	0.03293	0.06126	0.01365	0.01663	0	0.05259	0	0.15196	0.05065	0.02264	0	0.00672	0	0	0	0	0	0	0	0.01098	0.05097	0	0	0.08478	0.00835	0	0	0	0	0.01023	0.01472	0.00298	0.1353	0.05262	0	0	0	0	0	0.22435	0	0	0.02389	0	0.03685	0	0.01218	0.00527	0	0	0.05574	0	0.00817	0.00307	0	0.00059	0	0.35493	0	0.00347	0.88027	0.01042	0	0.00334	0.00365	0.01642	0	0.01813	0	0	0	0	0.00719	0	0.00365	0	0.00805	0	0	0.0355	0.01471	0	0.00613	0	0	0	0	0.0013	0.03252	0.00927	0.00482	0.03518	0.03377	0.02209	0	0	0	0.21685	0	0.04005	0	0.01002	0	0	0	0	0	0	0.00276	0	0.03636	0	0.00355	0.07037	0	0	0.01424	0	0	0.18329	0	0	0.03496	0	0.37118	0	0.01432	0	0	0.00355	0	0	0	0.00085	0	0	0	0.04578	0	0	0	0	0.02253	0.05391	0.0123	0	0	0.02868	0	0.13074	0.06229	0	0	0.02543	0	0	0.00049	0	0	0	0	0.0064	0	0	0	0.0154	0	0	0.10217	0	0	0	0	0.08685	0.02051	0	0	0.00301	0	0	0.08131	0.19396	0.02135	0.06246	0.01762	0.03761	0	0	0.00854	0.00258	0	0	0	0.01872	0	0.03287	0	0	0	0.00024	0.04713	0.03957	0	0	0	0	0.01137	0	0.00955	0	0	0	0.11481	0.03184	0	0	0	0.01026	0	0.03312	0	0	0	0	0	0	0.0644	0.01311	0	0.02301	0.01793	0.04765	0.00064	0	0.82028	0.24203	0.02016	0.02306	0	0	0.0497	0.02154	0.0228	0	0.02133	0.05253	0.01736	0	0	0	0.04171	0	0	0	0	0.01534	0.01004	0	0	0	0	0.01375	0.35418	0.05144	0.02954	0.00729	0.03049	0.01489	0	0	0	0	0	0.02283	0	0	0	0.01671	0.02981	0.01931	0.00369	0.01135	0.01873	0.01167	0.0105	0.19875	0	0	0	0.01764	0.04233	0	0.06299	0	0.02003	0	0.10221	0.07611	0.00073	0	0.0372	0
"GGB58158_SGB79798"	0	0	0	0.00897	0	0	0.00096	0.00582	0.00336	0	0	0	0	0	0	0	0	0	0.00148	0.00317	0	0	0	0	0	0	0	0	0	0	0	0	0.00942	0	0	0	0	0	0.00104	0.0018	0.00142	0	0	0	0	0	0	0	7e-05	0.00013	0	0.00096	0.00646	0	0	0	0	0	0	0	0	0	0	0	0	0.00359	0.00433	0	0	0	0	0	0	0	0.0067	0.001	0	0.00751	0	0	0.00317	0.01104	0	0	0	0	0	0	0.00945	0.01178	0	0	0	0	0	0	0	0	0.00115	0	0	0	0	0.06435	0	0	0.00586	0	0.00319	0	0	0	0	0	0.00362	0	0	0	0	0	0.00063	0	0.0035	0	0	0.00078	0	0	0	0.00281	0	0	0	0	0	0	0	0	0	0	0	0	0	0	0	0	0	0	0.00077	0	0	0	0	0	0	0	0	0	0	0	0	0	0	0	0	0	0.00057	0	0	0	0	0	0.00301	0.00095	0	0	0	0.00349	0	0	0	0	0	0	0	0	0	0	0	0	0	0	0	0	0	0	0	0	0	0	0	0	0	0	0	0	0	0.00593	0	0	0.00525	0	0	0	0	0	0	0	0	0.00879	0	0	0	0	0	0	0	0	0	0	0	0	0	0	0	0.00117	0.00366	0.00183	0	0	0	0	0	0	0	0	0	0	0	0	0	0	0	0	0	0	0.00071	0	0	0	0	0	9e-04	0	0	0	0	0	0	0	0	0	0	0	0	0	0	0	0	0	0	0	0	0.00672	0	0	0	0	0	0	0	0.00527	0.01482	0	0	0.00565	0	0	0	0	0	0	0	0	0	0	0	0.00268	0	0.00383	0.00407	0	0.00112	0	0	0	0	0	0	0.00861	0	0	0	0	0	0	0	0	0	0	0	0	0	0.01095	0	0	0	0	0	0.01429	0	0	0	0	0	0	0.04919	0	0	0	0	0	0	0	0	0.01594	0	0	0	0	0	0	0	0	0.00093	0	0	0	0	7e-05	0	0	0	0	0	0	0.00315	0	0	0	0	0	0	0.00203	0	0	0	0.01231	0	0	0	0	0	0.00884	0	0.01236	0	0	0	0	0	0	0	0	0	0	0.00561	0	0.00764	0	0	0	0	0	0	0	0.00149	0	0	0	0	0	0	0	0	0	0	0	0
"GGB3537_SGB4727"	0	0	0	0	0.0027	0	0.09366	0.08435	0	0	0	0	0	0.02646	0	0	0.00138	0	0	0	0	0	0	0	0.00344	0	0.00647	0	0	0.00328	0	0	0.01484	0.02835	0	0	0	0	0.02045	0.00355	0	0	0	0.00473	0	0	0	0	0	0.0025	0	0	0.00154	0	0	0	0	0	0	0	0	0	0	0.00218	0.00764	0	0.00839	0	0	0	0	0	0	0.03063	0.01589	0.04438	0	0.91124	0	0	0	0.01574	0	0	0	0.00425	0	0	0	0	0	0	0	0	0	0	0	0	0	0.11649	0.18046	0	0	0.02392	0	0	0	0	0	0	0	0.03779	0	0.1586	0	0	0	0	0	0	0.00824	0	0.20157	0	0	0	0.00713	0	0	0.00134	0	0	0	0	0	0	0	0	0.11146	0	0	0	0.0487	0	0	0	0	0	0.00493	0	0	0.057	0	0	0	0	0	0	0	0	0	0	0	0	0	0.01496	0.01161	0	0.02484	0.01389	0	0	0.09612	0.02204	0.03014	0	0	0	0	0	0	0	0	0	0	0	0	0	0	0	0.0096	0	0	0.31535	0	0	0	0	0	0.02364	0	0.00919	0.00371	0.05667	0	0	0.03999	0.00356	0	0	0	0	0	0	0	0	0	0	0	0	0.01832	0	0	0	0	0	0	0	0	0.01286	0	0	0	0	0	0	0.01054	0	0	0	0	0	0.05161	0.00254	0	0	0	0.00061	0	0	0	0.03901	0	0	0.00678	0	0	0	0	0	0.00771	0	0	0	0	0	0	0	0	0.02372	0.00699	0.00617	0	0	0	0	0	0	0	0	0.07832	0	0.00661	0.03794	0	0	0	0	0	0	0	0	0.01964	0	0	0	0	0	0	0	0	0	0	0	0	0	0	0	0	0.00099	0.01475	0	0	0	0	0.1229	0	0	0	0.00343	0	0	0	0.01071	0	0	0.08119	0	0	0	0	0	0	0.39481	0	0	0	0	0	0	0	0.16992	0	0.08084	0	0	0.05164	0	0	0.00148	0	0.11307	0	0	0	0	0	0.03652	0	0	0	0	0	0	0	0	0	0	0	0.04674	0	0.02843	0	0	0	0	0.03485	0	0	0.01935	0	0	0	0	0.00921	0	0	0.03969	0	0	0	0	0	0.00308	0	0	0	0	0	0	0.01446	0	0	0	0	0	0	0.01033	0.00835	0	0	0	0	0	0	0	0	0	0	0.00068	0	0	0	0	0	0	0	0	0
"Bacteroides_uniformis"	4.10509	6.88102	4.91578	6.00071	0.64827	0.86331	8.02604	4.33659	7.7562	1.3044	1.46017	8.07006	12.09556	0	21.29743	10.13299	6.21299	0	0.57768	1.46208	0	18.68984	0.41379	0.0406	0.61807	0	0.67802	0	6.63441	3.89652	0	0	1.59725	13.86187	0.91676	1.84538	11.44614	0	5.65766	2.75603	3.86281	8.91043	4.2613	5.99227	2.09101	0	1.69463	0	1.25267	0.41982	3.66411	8.04886	2.26923	5.54273	7.52109	0.06526	0.00035	0	0	4.99949	0	0.05715	0.05091	2.55241	8.29052	6.99567	8.31784	0	0	0.74521	3.58269	0	0	2.23587	2.14249	6.2887	0	0	0	0.03336	0.24875	0	0	0	0	4.90024	8.87014	0	0	1.58394	2.01641	0	0.59812	1.10242	2.79146	0	2.17327	12.21844	1.15648	2.97831	3.67939	2.93608	15.14145	13.35689	9.3107	0	0.35022	3.37585	3.08454	1.48307	16.6374	3.68709	11.1112	6.72807	5.54719	10.20279	9.1307	7.68973	0	12.20998	6.39263	0.00849	27.28649	0	21.58331	1.1778	2.22974	3.73184	6.62144	5.22597	12.37458	3.00593	0	1.82496	7.25796	3.7562	7.64654	8.0253	0	7.02123	4.59031	4.18564	1.92811	0	1.59554	1.55782	1.60671	2.14177	0.77758	3.6058	0	11.89091	0.06254	9.01995	2.39537	1.57822	13.89392	0	0	3.09265	1.24812	3.67694	4.79699	0.13328	5.84607	3.8627	0.38579	1.11743	4.06401	3.65906	4.61342	1.66703	8.4409	0.16686	7.02943	0	0	14.22123	16.13457	5.02917	4.0964	3.30677	8.37874	4.12209	1.44331	0	1.02911	0.98154	0	0	1.42838	0.55556	11.93424	0	0.37446	3.1045	4.52133	5.06345	5.24673	0	5.86987	0	17.43719	11.45537	5.92168	24.86544	0	0.91849	0.28675	1.90508	0.85777	6.14479	12.64917	3.6688	1.86429	4.27492	9.28282	7.51227	3.66455	4.29837	0	17.03869	22.121	1.17953	3.71292	15.6074	7.89793	5.89009	0.39451	1.5095	0.25771	0.16778	4.806	4.15752	5.27575	1.52676	4.17257	0.33822	0.03556	1.48824	0	7.39435	5.65162	15.41444	0.94356	5.27226	15.91528	0.45868	0.47542	2.64736	7.8109	0	0.68362	10.43715	3.43191	0.30002	0	3.23439	6.53665	0.00323	1.73656	9.55483	0.03787	0	1.07324	1.98233	1.37509	11.43911	0.8897	1.55671	6.19908	0.97942	0.24447	3.94787	3.48106	2.48428	10.42985	3.64086	1.99397	4.1129	13.43559	7.405	3.61309	2.87674	0.22049	4.09704	2.74023	2.30903	0	4.68729	6.42578	4.58088	3.2204	0.37997	2.27688	5.99656	1.54294	8.88342	12.0672	6.146	0	4.48718	3.37755	1.44338	5.74484	2.4337	0	0.35071	2.18433	0	0	7.89428	4.7326	8.6898	8.51987	0	3.38865	8.9166	4.86181	3.87692	0.00571	2.25944	6.88639	8.74804	9.00438	12.72039	8.52901	8.49122	0.73929	0	4.04668	0.09179	0.04767	4.59932	1.5832	2.27439	0.69951	3.44877	0	3.77001	0	3.51836	2.14323	0.62174	0	0	0	0	0.6516	0.64114	0.6692	5.2366	4.26711	0	6.26829	0	0	0	1.17289	4.54462	6.3171	3.164	0	0.21724	4.99999	4.41779	0.71369	2.57183	0	3.23898	1.82395	0	9.20208	8.22017	18.36947	0.47664	0	2.04466	3.38674	5.50855	1.80779	0	3.76461	16.8993	5.14628	2.94482	0.19658	1.26496	4.26794	0	2.72254	1.51148	0	0	11.02162	6.57968	6.53534	0	3.75529	14.12407	1.82273	0	7.63957	2.02542	0	0	10.30971	0	7.35492	5.12246	8.06785	7.3112	8.25349	11.08079	5.92645	2.65252	15.70078	0	2.30216	5.15407	1.36732	0	4.52659	0	25.37093	0	0	0	0
"Bacteroides_stercoris"	0	0	0	0	0.1998	0.20749	4.4172	0	0	0	14.25887	1.85908	0	0	0	0	12.72691	0	0	4.06158	0	0	0	0.36178	0	0	0.3943	0	0	0	0	1.51913	0	0	0	0	1.40961	0	1.27705	0.25052	0.47615	0	0	0	0	0	0	0	0	0	0	0	0	0	0	0.49123	0.01877	7.68092	1.01768	0	0	0.36433	0.40415	0	0	0	0	0	0	0	0	0	0	2.94898	1.35803	2.28629	0	11.1172	0	0.3559	0.07347	0	0	0	0	0	0	0	0	4.93949	0	0	13.20305	0.73807	1.20915	0	0	0	0.63711	0	0	0	0	0	0	0	0.31821	0	0	0	0	0	22.94547	0	0	0	0	0	0	2.25658	0	0	0	0	0	0	0	0	0	0	0	2.24575	0.52644	0	0	0	30.64946	16.51349	37.76596	0	0	14.90071	0	0	12.2463	0	10.3097	13.99403	0	0	0	0	1.45365	0	0	14.36192	0	0	0	7.7687	0	0	0	0	0	4.44416	0	0.28815	0	0	0	0.15952	0	16.48678	0	0	0	0	0	8.65348	0	0	0	0	0.13091	0.16803	7.41714	9.94689	0	0	0.39779	0	0	0	0	0	9.63864	0	0	0	0	7.12596	3.26835	0	0	0	0	16.85949	0	0	0	18.4893	0	0	0	10.64201	0	0	11.48829	5.94707	0	0	0	0	0	0	0	0	0	4.50111	1.3742	0	0	0	2.55698	0.05619	0	0	0	0	0	0	0	0	0	0	0	0	0	0	0	3.80138	0	0	12.60818	0	0	3.12333	0	0	0	7.29649	1.35542	0.01389	0	0	0	0	0	0	0	1.42309	0	0	0	0	0	0	0	0	0	0	9.26054	7.27423	0.60025	12.81363	0	0	0	0	0	0	0	0	0	0	12.07631	0.67207	0	0	0	0	0	0	0	0	0	0	0	0	0	0	0	0	0	0	0	0	0	0	20.13288	0	0	5.14629	13.76304	0	21.44282	0	0.58083	0	0	0.09873	0	0	0	1.50284	2.73851	0	0	0	0	0	0	0.07208	0.8185	0	0	0	6.18767	0.91011	8.32056	0	0	0	0	0	10.65773	0	0	0	0	0	0	0	0	13.79133	0	0	0	0	0	0	0	0	6.30571	14.19515	0	7.48823	0	0	0	1.71685	1.62102	12.4066	0	10.02217	0	0	0	0	17.58602	0	0	0	8.25906	0	0	0	0	0	8.94942	0	0	0	17.98838	0	0	0	0	0	0	0	0	0	0	0	0	0	1.43837	2.83953	0	0	4.43675	0	0	0	0	0	0
"Fusicatenibacter_saccharivorans"	2.03423	0.5477	1.15741	0	0.4826	0.98379	1.153	1.87714	1.78196	1.28142	4.54271	0.90362	3.20172	1.50192	0	1.64765	0	0	1.59036	1.50373	1.07376	0.67856	0	0.35353	2.09442	0	0.29357	0	1.73231	0.59201	1.96929	1.44667	1.97012	2.81545	0.15761	0.22689	0.84773	1.43068	1.32622	1.46818	0.81107	0	0.42713	2.86284	0.66496	0	1.0632	4.74709	1.39319	1.15968	1.35368	0	1.55987	3.70733	1.29675	0.6479	0.62303	3.103	3.25755	1.77749	0	0.49148	1.36782	0.42658	2.08031	1.6967	2.25671	0	0	1.07271	0.27885	1.77684	3.85747	0.91491	0.95848	2.22345	0	1.78455	0	0.24913	0.02324	0	0	3.29851	0	4.09634	2.31542	0.88886	3.33139	9.64491	2.96135	0	2.01807	1.80656	0.66402	0	0	3.5365	0.77248	0	0	2.49396	1.9415	2.46624	2.79426	0	0.13835	1.503	0.99829	1.63815	2.67242	3.03725	0	1.14333	0.8949	1.11452	0.52668	7.19287	0	2.67867	1.48307	1.69954	2.37404	0	0	4.4423	1.92182	2.40667	2.1338	5.84503	12.35465	0	0	4.9927	0.48435	0	0.61498	6.24722	0.38177	3.73358	4.50401	1.47784	1.98042	0.88545	0	0	4.85391	0	0.47791	2.18776	0.74486	0	6.446	2.96003	2.78665	2.97534	3.60694	2.66502	3.91439	3.24812	3.30432	0	0	0.19306	4.87754	0	7.68432	1.60552	2.14059	3.97994	3.26692	1.73115	0	2.02575	5.21503	4.20144	4.78622	0.61479	4.31335	2.5039	0	2.87097	4.95376	5.03855	4.63062	2.79631	5.54976	15.15572	1.90946	0	1.32322	2.50956	3.62859	0	0	3.59185	0.42913	2.46736	1.55766	3.42232	3.65601	2.93449	1.53185	0	0.45484	1.12999	0.64624	1.99335	0.43663	0.86136	0.77759	1.15039	1.36909	0.66551	2.31054	1.72158	1.41453	0	2.5498	2.63016	4.52615	0	0	1.08969	5.5561	0	0	0	2.43003	0.83599	0.73554	0.96501	3.05242	0.59518	3.57642	3.47789	3.34338	2.42226	2.41947	5.14185	6.0022	1.76744	5.27829	1.90484	3.04975	2.70184	2.20122	0.80955	1.32035	1.02962	0	0.26166	0	0	0	0	1.42489	1.4079	0.05376	0	8.19162	1.50112	0.58868	0.10251	1.99958	2.13668	2.53641	0	1.51033	0	2.30983	0.13791	1.71554	3.78216	3.02193	4.13696	0	2.64512	5.77819	0.35272	1.5362	2.36888	2.20215	2.74584	0.04845	4.89269	2.3754	2.07304	9.74671	3.18813	2.99313	2.58228	8.02729	1.13759	1.08649	8.56994	1.59124	4.66706	3.71303	5.27159	0	2.09419	1.38237	0.90203	0.09634	3.28058	4.92504	0.20349	6.00958	3.92179	0.93018	2.44882	1.43516	0	2.43331	0	1.48821	1.94039	1.27623	2.2064	3.72217	4.10203	2.01737	1.05511	0	0	0	4.888	0	0	8.04261	0.37782	0.16564	1.75183	1.43656	1.85122	0	1.83262	0.95928	1.03235	0	2.47927	1.3711	0	4.58828	3.27389	3.1861	2.72944	2.09081	1.16497	4.33809	0	1.59762	1.81592	3.18572	0	0	1.16564	2.35702	2.99282	1.7426	0	0	4.45424	2.3064	0.1896	0.97393	2.66075	0	0	0	0	1.5116	1.66647	0.04968	0	1.6258	0.89658	0	1.35552	2.8446	0	1.90311	0.71194	0	2.01858	7.22429	0.24675	3.19534	0	6.08655	0	7.42435	4.2742	3.31497	0	1.88977	0	0.7103	0	1.5466	0	3.54496	0	2.01869	2.95171	2.35077	0	2.68807	4.8587	0	1.7439	1.75513	2.64702	2.05304	0.02399	3.76822	0	1.52113	4.69426	0	0	4.27734	7.54349	0	1.98966	0	0	4.62712
"Bifidobacterium_adolescentis"	0.19821	2.56647	2.89828	0.23022	3.45974	0.78983	0	0	2.49139	0.3132	0	0	1.72725	1.1905	11.41477	0	0	0	0	0	1.62978	1.59208	2.83911	0	12.44007	0	2.36185	0	0	0	3.27534	2.96512	4.03228	0.88668	0	5.75576	0	0	1.84868	1.55122	0.84463	0	2.02395	0.39967	0.89035	8.95938	20.76273	0.23825	0.30522	2.25218	4.86039	2.50187	3.14921	3.82419	0.75745	0.51103	4.92831	1.06828	0	0	0	0	0	2.38892	10.52604	0	0	0	0	0	0	0	0	2.00033	1.97712	1.99689	1.92997	0.38657	0	1.5356	3.94853	0	0	0	0	2.52449	1.53827	0.02263	0.0486	0.9859	0.03516	0	0	0.50165	0.86753	0.30912	3.28895	0	0	2.38654	4.43928	2.70694	1.4873	0.213	3.05672	0.03115	0.85038	0	0	2.99394	4.04016	0	2.49173	0.07288	0.91214	7.08216	1.50161	3.9486	2.55396	0	3.0816	0	0	0.07498	0	2.73274	4.30343	0	0	0.0745	1.3	0	0	9.01485	8.23599	0.25339	7.82567	1.12526	1.00156	0	0	0	5.25498	1.72169	0	4.82525	4.34554	13.67933	6.66983	0.98759	0	2.05301	4.87914	0	6.472	0	0.28575	4.48326	0.13431	2.75773	10.52919	0	3.90454	0.65435	14.47986	5.96322	0.39749	0	0	1.31841	1.85982	0	0.78956	7.51672	19.0655	0	1.00939	0	1.50729	18.28006	0	8.99077	0.75505	1.13864	1.98929	21.94371	6.12315	1.44482	0	0	10.00766	1.66585	0	0	8.17374	7.36084	0.2783	0	0.10148	0.45558	0	2.16915	2.00302	1.55748	1.59023	0.23235	1.65273	2.02429	0.51675	0.40956	6.73907	2.50406	2.40166	0.31045	5.01564	0.14368	0.91808	5.82429	0.59384	9.09889	3.99032	13.96567	4.08967	6.00652	0.00334	8.24004	7.99082	1.10274	1.89443	1.54331	1.43264	1.54683	0.07578	0	12.96825	8.93162	4.2834	22.54974	2.52981	9.26347	0.41123	0	0	6.84466	0.52862	0.44774	0	0.71305	0	0.55912	0	3.50017	0.00971	0	0	0	0.39896	9.99719	0	5.72765	0	0.97614	6.73759	0.12321	5.18195	1.961	7.98215	2.34153	0.79455	4.54458	1.76373	0.72144	0.44748	1.77397	4.68558	0	0.00115	1.19485	2.48499	0.77892	0	3.83001	3.23683	2.49637	0	0	0	0	0.68866	0.53589	0	10.96723	0	3.01001	0	0.70828	0.40583	0	1.38899	0.83919	0	7.95558	1.03929	3.84519	0	0.28718	0	13.73539	0	10.28729	1.78671	0.04957	1.88438	2.57637	5.48939	1.5144	0	0.10342	3.00195	1.08226	0.13949	4.3948	0.34586	2.17436	0	0	0.50292	0	7.72728	0	0	0.00603	15.41262	0	15.16652	5.28893	0	0	1.06401	0	0	1.8525	0.28807	3.04879	6.43313	1.16664	0.42449	0	1.60183	0.5015	4.22939	3.27456	0.22309	0	0	28.12588	1.27429	0	0.19008	1.37388	0	0	3.45041	2.59916	1.53562	1.32753	0.64088	0.65129	0	0	2.08138	0.15464	4.02247	0.51342	0	0	0.14471	0	0	0	0	0	1.44558	1.31113	0.54785	2.70257	14.67155	4.5755	5.3383	0	14.39223	0.56773	0	0.44854	0.40899	0	1.56189	0	0.95071	0	0	0	0	0	9.84332	0.36776	2.58175	0	0.98184	0	0	0	1.96943	1.42866	0	0	5.90254	0	1.76026	7.00069	0	9.938	0.23002	5.17623	0	0.08575	0	0	0
"Faecalicatena_fissicatena"	0	0	0.59853	0	0	0	0.52091	0.77189	0	0	0	0.79849	0.89388	0	0	0	0	0	1.39307	1.43324	0	0	0.8235	0.16491	1.18601	0	0.00677	0	0	0	0	0.72623	0.84828	0	0.37414	0	0	0	0.06004	0.17121	0.12684	0	0	0	0	0	0	0	0.87327	0.22433	0.51647	1.09915	0	0	0	0.09555	0	0	0	0.00651	0	0	0	0	0.50761	0	0	0	0	0	0	0	0	0.20111	0.00228	0	0.1467	0	0	0.14703	0	0	0	0	0	0	0	0	0.91089	0.59726	0.79556	0	0	1.31162	0	0	0	0.77175	0.36437	0	0	0	0.05359	0	0	0	0.20569	0	0	0	0.41922	0	0	0	0	0	0	0	0	0	0	0	0	0	0	0	0	0	0	1.9117	0.28624	0	0	1.12319	0	0	0	0	0	0	0	0.19559	0	0	0	0	0	0	0.09603	0	0	0	0	0	0	0	0	0	0	0.10103	0	0	0	0	0.02915	0	0	0.28289	0.46957	0	0	0	0	0	0	0	0	0	0	0	0	0	0	0	0	0.96501	0	0	0	0	0.00406	0	0	0	0	0	0	0	0	1.48101	0	0	0.00695	0	0	0.65744	0	0	0.37754	0	0.09393	0	0	1.91772	0.06827	0	0	0	0.55156	0	0	0	0	1.10905	0	0	0	0	1.74886	0.036	0	0	0.90782	0	0.15291	0.93601	0.81739	0.0628	0.00072	0	0	0	0	0	0.12729	0	1.27627	0	0	0	0	0	0	0	0	0	0	0	0	0	0	0.08025	0.12172	0.02757	0	0	0.11122	0	1.01956	0	0.05492	0	0	0	0	0	0	0	0	0.2752	0	0	0	0.18084	0.01946	0.47607	0	0	0	0	0	0	0	0	0	0	0	1.91337	0	0	0	0.21303	1.75111	0.17732	0	0	0	0.09169	3.08281	0	0	0	0	0	0	0	0	0.54958	0	0	0	0	0	0	0	0	0	0	0	0	0	0.24785	0	0	0	0.99421	0	0.53116	0	0	0	0	0	0	0	0.44484	0	0	0	0.60259	0	1.36181	1.26694	0	0	0	0	0	0	0	0	0	0	0	0	0	1.56536	0	0	0	0	0	0.33582	0.83914	0	0	1.02172	0	0	0	0	0	0	0.50395	0	0	0.00814	0.30099	0.57084	0	0	0	1.72153	0	0	0	0	0	0	0	0	0	0	0	0	0.63654	0.16571	0	0	0	0	0	0	0	0	0	0	0	0.91476	0	0	0	0.21714	0	0	0	0	0	0
"Lachnospira_eligens"	0.07882	0	0.36033	0	0.95754	0	0.33305	0.42737	0.03684	2.55296	0	0.07023	0.75931	0	0.00447	0	9.03359	0	0.14927	0.30371	24.702	0	2.34278	0.29978	0.60791	0	0.89727	0	0.60539	0.90782	0.61461	0	1.65046	5.28697	0	0.10614	0	0	0.73095	1.14949	0.77744	0	1.77613	0.95848	7.39504	0	0.00027	0	1.01028	1.3516	0.23485	0.01301	0.71365	0.18573	0.41487	0.01954	0.00645	0	0	1.12592	0.09525	3.66484	0	1.91726	0.00807	0	0.26298	0	0	0	0.04872	1.61717	0.10311	1.18541	0.53341	0.65174	0	13.10215	0	0.01883	0.19389	1.41233	0	0	0	5.23436	0	0	1.52345	5.61355	0.46699	0	0	0.0523	1.85839	0.24504	0	14.15514	3.73887	0.77116	0.49525	0	0	4.91235	1.19451	1.62872	0.27732	3.04123	0	0.69704	1.16419	1.40403	0	1.87495	2.16661	0	6.34155	0.39025	0.19526	0	1.82652	0	5.52402	0	3.09408	0.11341	1.22023	0	0.22508	0.38814	1.43952	0	0	0	0.60837	0	0	0	2.07836	0.28522	0.3588	0.00114	1.54493	0	0.04747	0	0.14931	0	0.5937	0	0	0	1.20446	0	2.26447	0.01025	0.92272	0.33723	1.05299	3.33204	0.22569	0.23441	0.25519	0.30739	0	0.12129	0	1.22218	0.03281	2.47014	0	0.02494	0	1.22441	0.63372	0	0.17265	0.02295	5.96528	1.68627	1.10743	0.20381	0.30213	7.31956	3.45927	0.0132	0.10229	0.2463	0	0	0.22901	1.10204	0	0	0	0.96427	0.01131	0.61085	0.4528	0.07655	0	0.4726	3.34176	5.19791	0	0.05725	2.84744	0.06025	1.77875	0.58146	0.0156	0.76423	1.62351	0.98934	0.31043	1.12908	0.0488	0.0779	0.0537	0.01374	0.03127	0	0	0.44127	0.13229	0	0	0	0.07597	0.3378	0.15509	0.09092	0.06609	0	0	0.03852	0.05062	0.39493	0	0	0	0.52105	5.61444	0.30171	0.26962	1.45046	0.96162	0.99413	2.60792	0	0	0	0	4.48824	0	0	0.00164	0.26838	0	0	0	0	0.12193	0	0	7.19609	0.011	0.09546	0.76082	0	0	0.05644	0.00102	0.50683	3.10264	0	3.40192	2.51946	0.01737	3.90386	0.00465	0.56055	3.35622	0.2311	0	0.04633	1.16469	0	0	0.01851	0	2.27769	0.33144	0	0.39515	1.59607	3.8949	0	0.41014	0.25982	0.0163	0	0	0.0186	0	1.41765	6.40679	1.73363	3.40382	1.77662	0	5.2187	0.34181	0	0.55361	0	2.6138	0	0	0.10687	0.00654	1.88732	1.27084	1.53531	0	0	1.78715	2.25862	0.00745	0	0	0.11805	0.19937	3.29381	1.1886	0.03214	0	2.9425	0.13039	0.24057	1.68047	8.78462	0.88872	1.13774	0.09655	0.40976	4.09047	0	0.00756	0	0	0	1.65775	2.02064	0	0	2.87161	4.38566	0.45255	4.63901	0	0	2.11606	0.01077	1.62695	0	3.54261	0.39259	0	0	0	0.04744	0.57564	0.06683	0	0	0.3876	1.03055	0	0	0	0	0.33924	0	3.51868	0.51566	0.24661	0.05409	0.06061	1.16324	0	0	0.03757	0	0	0	0	0	1.8753	0.00077	0.78436	0.07865	0	0	0	4.05784	0.18246	7.11631	1.15242	0	0	0	0	0	0	0	0.87313	0	0.00893	0.44149	0	0	3.90399	0.73103	7.46581	3.31005	0	0	4.43607
"Ruminococcus_bicirculans"	0.1228	0	0.91978	0	0	0	1.5264	3.64999	0.6448	0.00237	0	3.21657	2.73788	0.16718	0	0	0	0	0.44919	0.65959	0.0961	0	0	0	0.19674	0.43593	2.16982	0	3.11388	2.30401	0.53281	0.35506	6.21078	3.07206	0.57683	1.53217	0	0	0.14213	1.34695	0.85642	0	13.99566	12.79314	0.23152	0	0.51707	0.74699	0.63241	0.12073	3.28778	0	2.28997	0.41825	0	0	0	0.094	0	0.11369	0	0	0	0.01462	1.38364	0	0.87728	2.19916	5.32035	0	0	0.78396	1.53432	0.94233	1.83745	2.43317	0.15074	2.65125	0	0.24363	0	0	0	0	0	1.00066	0	0	0.47244	5.792	0.36764	0	0.25905	1.11988	1.47634	0	0	0	0.64346	0.82962	1.37657	0.08035	1.17973	0.53343	4.23543	0.0274	0	6.08327	0	0	0.00358	0	0	0.98428	1.67707	0	0	1.64572	0.47295	0	3.64577	0	0	0	0	2.01262	0	0.68701	0	2.04906	0	0	3.42059	0.61202	0	0	0	0	2.73126	0.54347	0	0	4.37414	0	0	0	10.3994	0	1.60476	0	0	0	0	0	3.89842	0	0	3.84391	3.78246	0.52936	0.42638	0	0.58106	0	0.61017	0	1.98294	2.91685	1.51747	1.91041	0	0	0	3.81551	0	0	0	0	0	0	0	1.70878	0	0	1.78425	0	0.19709	0	1.33678	1.72907	0.29353	0	0	0	0.44368	2.02659	0.09633	0	0.20875	2.59501	0	5.15165	1.38447	1.9875	0	0.20934	6.01398	5.83663	0	0.44949	4.71482	0	4.38383	5.05472	4.87	0.21995	0	0	2.36298	0.619	0.41393	0	0	0	0.89123	0	0	0	0	3.58759	0.85696	0	2.76463	0	0	0.04219	0.22222	0.39735	0	0	1.28636	0.005	0.66197	0.34834	0.00647	0	0.05443	0	0	0	0	0.10229	0	0	0	0	1.73095	2.57943	2.1542	0	0	0	1.92166	0	0	0	0	0	0	0.02611	0	0	0	2.18416	0.8827	0.89811	3.34838	1.66493	0	0.191	0.20842	2.51944	5.9507	4.03281	0	0.04336	0	0	0.02394	0	1.00484	3.04425	1.97986	0	0	1.58161	1.69468	0	1.24021	0	0.41083	0	0	1.32496	0	12.43428	7.68854	0	0	1.60192	1.09509	4.12456	0	0	0	0	4.52996	0	4.59813	4.23247	0	2.84977	0	2.02319	0	0	0.05584	0	0	0	0	0.07943	0.19395	0	2.1348	1.36125	0	3.79363	0.2189	1.11487	0	0	0	4.77973	0.18576	0.82731	1.67599	0	0.21285	1.42635	0	0	0	0	0	1.67498	0.27377	3.01453	5.52275	4.40365	0	0	1.07069	0.14438	0.22151	0	0	0	0	4.10575	0	0	9.6076	0.51778	0	0.24619	0.17419	0.09115	1.62288	0	0	0	0.81202	4.05927	0.49569	5.91415	0.23494	2.14242	1.37834	0	0	0	3.38127	3.77164	0	0	0	0	0	0	0.31205	1.63093	0	0	0	0.00023	2.04634	0	0.09135	0.29308	0	0	0	0	0	0	0.58329	0.9079	1.92299	2.42097	0	0.1766	0	0.62071	0	3.37263	0.50737	1.22558	1.09509
"Dialister_hominis"	0	0.10497	0.3258	0	0	0.65543	0	0	1.0508	0.87417	0	0	0	0	0	0	0	0.71881	0	0	0	0	0	0	1.66243	0	0.17927	0	0	0	0	0	0	1.13661	0	0	0	0	0.40615	0.49619	0.33909	0	0	0	0	0	0	0	0	0	0	0	0	2.43297	0	2.65783	2.53027	0.19895	0	0	0	0	0	0	1.30163	0	0	0	0	0	0	0.29385	0	0.17916	0.79906	0.07764	1.3281	0	0	3.61672	1.37594	1.95687	0	1.48197	0	0	0	0	0	0.66331	0.56712	0	0	0	0	0	0	0	0	0	0	0	0	0	0	0	0	0	0	0	0	0	0	0	0.11204	0	0	0.66517	0	0	0	0	0	0	0	0	0	0	0	0	0	0	0	0	0.01505	0	1.33111	0	0	0	0	0	0	0	0	0.84754	0	0.10964	0	1.19817	0	0	0	0	0	0	0	0	0	0	1.07034	0	1.1247	1.41342	0.03381	0	0	0	0	0	0	0	0	0.97834	0	0	1.43111	0.07517	0	0	0	0	0	1.72262	0	0.0702	0.89735	0.05257	0	0	0	0.2383	0	0	1.54708	1.14455	0	0	0	0.85945	0	0.70041	0	0	6.11621	0	0.35304	0	0	0	2.0411	0.46444	1.2697	0	1.87591	0	0	0	1.24339	0.67635	0	0	0	0	0	0.33016	0.82406	0	0	1.03335	0	0	0	0	0.37184	1.89962	0.86116	0.04869	0	1.4493	0	0.13467	0	0	0	0	0	0	0	0	0	1.29833	0	0	0	0	0	2.99354	0	0	0	0	0	0.01119	0	0	0.44861	0	0	0	0	0	0	0	0	0	0	0	1.0607	1.19518	0	0.76685	0.37091	0.73069	0	0	0	0	0	1.67273	1.72351	0	0	2.25881	0	0	0	0	0	0	0	0	0.02943	1.07825	0	0	0	0.01594	0	0	0	0	0	0	0	0	0	0	1.10516	1.14593	0	1.18734	0	0	0	1.97021	0	1.54051	0	2.4897	0	0	4.33295	0	0.00433	1.28326	0	0	0	0	0.77138	0	0.00049	0	0.91957	0	0	2.29189	0	3.60047	0	0	0	0	0	0	0	0	0.56369	0	0	0	0	0	1.91864	0	0.2148	0	0	2.61881	0	0	0	0.60694	0	0.01322	0	9.59835	0	0	0	0	0	1.61921	0.21486	0	0.16714	0	0	0	0	0.34875	0	0	0	0	0	0	0	0	0	0	0	0	0	0	0	0	0	0	0	0	0	0.00805	0	0	0.88097	0	1.53159	0	0	1.96377	0	0	0	0	0	0	0
"Blautia_massiliensis"	0	0.22234	0.95145	1.46529	0.21145	0.30613	0.5623	2.06414	0.18843	0.20268	0	0	0.26681	0.19864	0	0	0	0	4.45864	3.18343	0	0	0	0.16301	0.20092	0	0.32528	0	0.0026	1.06467	0	0.8162	0.2422	0.3109	0.21946	0.00333	0.28916	0.56927	0.08849	0.26807	0.18273	0	0	0	0.46223	0	0	0	0.23483	0.14774	0.81857	1.51918	1.3161	0.40452	0.54875	0.0392	0.05769	0.12335	0.41913	0	0	0.23398	0.3691	0.21858	1.93883	0	0	0	0	0	0.97849	0	0	0.41081	0.40776	0.06666	0	0	0	0.34433	0.10488	0	0	0	0	0.2299	0	0	0	1.15334	0.64351	0	0	0.70923	0.79793	1.99803	1.81497	0	0	0	0	1.45016	1.90979	1.70769	2.1144	0.21356	0.15407	0.70558	0	1.26397	0.50539	0	0	0.17718	0	0	0	0	0	0.60382	0.73864	0	0	0	0	5.76685	2.02693	0	0	1.2614	0	0	0	0.43012	2.22698	0	10.08939	0	0	0	0	1.04443	1.94734	0	0	1.05061	0	0	0.07973	0	0	0	5.7108	0	0	0	1.23955	0.12361	0	1.34925	0.96449	0.80696	1.58979	0.28505	1.23035	0	0	0	1.60696	2.15218	0.3348	1.58432	0	0	0	0.22983	0.19391	0	1.1084	0	0	0	0	1.31366	1.7357	1.06104	0.14275	0.93148	1.95266	0	0.49003	1.40275	1.95466	0	0	0.88856	0.00225	3.71591	0.0482	0	1.88169	0	0.85282	0.07366	0.1351	1.01092	1.34033	0.91815	0.84725	0	0.71948	0.43655	0.53208	0.86775	0.06334	0	2.57414	0	0.83846	0.52532	0	0	0	1.49922	0	0	0	0	2.28511	0.24405	0.34407	0.63378	4.26137	0	0.41774	0	1.64442	6.54435	0.35337	1.70964	0	0.94258	0	0.57981	0.27001	0	0.90339	0.09551	0	0.47002	0	0	0	0	0	0	0.92063	0.3844	0	0	0	0	0	0.02158	0.46641	1.62249	0.11261	1.60214	0.39032	0.29127	0	0	0.25125	0.72831	0	0	0.00547	0.5785	0	0.96418	0	0	0.73148	0.52566	0.35281	1.9087	1.85752	0.82783	0	0.01117	0	1.15707	0.94015	0.25791	0	1.4307	0.12206	0	0	1.00209	0	3.23595	0	0.53126	0	0	0	5.52876	0.76776	2.60963	2.98175	0.86877	0.20703	0	0	0	0	1.10196	0.14216	0.0964	0.2597	0.29292	0	0.82891	0	0	2.49885	4.3426	0.3349	0	4.14835	0.56922	0	0.23051	0.57489	0.63204	0	0.24126	1.05581	0.62103	1.16812	2.46645	0	0.9991	0	0.23906	0	0	0.91789	1.59364	0.27339	0	0.30384	0	0	0	0	0	0	0	0	0	0	2.44865	1.09218	0	0	0	0	0	0	0	0	0.55933	0.85842	0	1.27151	0	0	0.63491	2.67612	0	0	0.1719	1.067	1.16177	4.00686	0.23545	0.87033	0	1.17433	0	1.59252	0	3.30736	0	4.87696	0	0	0	0	0	1.50563	0	0	0	0.9023	0	0	4.00802	0	0	4.2779	0	3.20651	0	0	0	0.81798	0.10948	0	0	0.75503	0.7694	0	0.23412	0	8.68893	0
"Parasutterella_excrementihominis"	0	0	0.99714	1.32678	0	0	0	0	0.21129	0.5988	0.9623	0.39055	0.0055	0	0	0.21789	0	0	0	0	0	0	2.279	0.00554	0.05877	0	0	5.03428	0	0	0	0	0.84892	0	0	0.08228	0.0163	2.18349	0.07168	0.24124	0.51032	3.1288	0	0	0	0	0	0	0.00231	0.00544	0	0.17469	0.10687	0.05494	0.04266	0	0	0	0	0.00143	0.02987	0	0	0.11805	0.25218	0	0.1068	0	0	0	0	0.98685	1.07613	0.06317	0.00272	0.22301	5.39186	0	0	0.50227	0	1.73691	0.0911	0	0	0	0	0	0	0.90564	0	0	0	0.5349	0	0.04491	0	0.56575	0.03264	0	0	0	0	0.39184	0	0	0.07753	0	0.37978	0	0.00107	0	0	0.06993	0	0.38993	0.0693	0.71012	2.78466	0.01956	0	0	0	0	0.07567	0	0	0	0	0	0	2.60905	0	0	0	0.6458	0	1.07457	1.11066	0.05021	0.01136	0.0063	0.00881	0	0	0	0	0.13444	0	0	1.67961	0	0	0	0.56844	3.97236	0.02169	0	0	0.10677	0.64191	0	0.24291	0.04543	0.08916	0	0	0	0	0.07845	0.31442	0.00741	0	0.07781	3.20575	0	0.84098	1.04594	0.0922	0	0	0.20769	0	0	0	0	0.81365	1.38003	2.45837	0.04611	0.05372	0.05692	0.55417	0	0	0.18788	0	0	0.19297	0.66004	0	0.01291	0.04028	0	0	0	0	0.09282	0.22554	0	0.0302	0.13888	0.23419	0.01366	0	0.44467	0	0	0.47045	0.00272	0	0	0	0.15512	0.32319	0.15061	0	0.77774	0.07624	0.59009	0	0	0	0.47413	0.00567	0.10426	0	0	0	0.04936	0	0.00902	1.05488	0	0.00692	3.39582	0	0.33678	0	0.0024	0.0711	0.62036	0	0.03364	0.00092	0	0	0.08257	0	0	0	0.88374	0	0	0	0	0.26021	2.13156	0.61714	0.0519	0.01808	0.00987	0	0.03919	0.00062	0	0.24135	0.61944	0.14214	0	0	0	6e-04	0	0.40209	0.06835	0	0.34939	0.12049	0.0608	0	1.23382	0.00973	0	0	0	0.07828	0	0.01844	0.78529	0	1.34828	0	0	0	0.69899	1.29915	0.01234	0	0.00038	0	0.03793	0	0	0	0	0.07877	0.00721	0.02502	0.27622	0	0.79298	0	0.41641	2.46063	0	1.0136	0.29725	0.0058	1.07447	0	0.03439	1.06492	1.28047	0.00102	0	0.00098	0.59291	0.55806	0.99782	1.79362	3.04122	0	0.05184	0.5454	0.15841	0	2.24135	0	0.00113	2.8971	0	0.32441	0.06414	0	0	0	0	0	0	0	0	0	0	0	0	0.01372	0	0	0	2.29359	0	0	0	0	0	0	0	0	0.90111	0	0	0	0.01602	0	0.09397	0.04638	1.23816	0.04095	0	0	0	0	0.64268	0	0	1.54045	0	2.47004	0	0.02508	0	0.77366	1.23527	1.14712	0	0	0	0.03429	0	0	0.62395	0	0.52109	0	0	0	0	0.01874	0.02858	0	0	0.12106	0	0	0	1.54438	1.31606	0
"Catenibacterium_SGB4425"	0	0	0	0	0	0	0	0	0	0	0	0	0	0	0	0	0	0	0	0	0	0	0	2.1673	0.05593	0	0	0	0	0	0	0	0	0	0	0	0	0	0.00481	0.10906	0.02505	0	0	0	0	0	0	0	0	0	0.06667	0	0	0	0	0	0	0	0	0	0.02736	0	0	0.90174	0	0	0.16241	0	0	0	0	0	0	0	0.02002	0.08725	0	0	0	0	0	0.42136	0	0	0	0.05002	0	0	0	3.31168	0.06939	0	0	0	0	0	0	0	0	0	0	0	0	0.94111	0	0	0	0	0	0	0	0	0	0	0	0	0	0	0	2.20136	0	0	0	0	0	0	0	0	0	0	0	0	0	0	0	0	0	0	0	0	0	0	0.9137	0	0	0	0	0	0	0	0	0	0	0	0	0	0	0	0	0	0	0	0.0829	0	0	0	0.45325	0	0.02843	0.33142	0	0	0	0	0	0	0	0	3.90289	0	0	0	0	0	0	0	0.08315	0	0	0	0	0	0	0	0	0	0	0	0	0	0	0.61098	0	0	0	0	0	0	0	0	0	0.18881	0	1.08691	0	0	0	0	0	0	0	0	0	0	0	0	0	0	0	0	0	0	0	0	0	0.28516	0.46566	0	0	0	0	0	0	0.11435	0	0	0	0	0	0	0	0	0	0	0	0	0	0	0	0	0	0	0	0	0	0	0	0	0	0	0	0	0	2.0048	0	0	0.41147	0.11686	0	0	0	0	0	0	0	0	0	0	0	0	0	0	0	0	0	0.00818	0	0	0	0	0	0	0	0	0	0	0	0	0	0	0.73905	1.84734	0	0	0	0	0.22801	0	0	0	0	0	0	0	0	0	0	0	0	0	0	0.66181	0	0	0	0.46033	0	0	0	0.26094	0	0	0	1.53446	0	0	0	0	0	1.48312	0	0	0	0	0	0	0	0	0	0	0	0	0	0	0.86815	0	0	0	0	0	0	0	0	0	0	0.00069	0	0.19271	0	0	0	0	0	0.56415	0	0	0	0	0	0	0	0	0	0.96081	0	0	0	0	0	0	0	0	0	0	0	0	0	0	0	0	0	0	0	0	0	0	0	0	0.93074	0	0	0	0	0	0	0	0	0	0
"Clostridiales_bacterium_KLE1615"	0.20041	0.0443	0.30118	0	0.6046	0.14254	0.03677	1.74143	0.1261	0.04283	0	0.70019	0.2845	0.03741	0	0	0	0	1.99128	0.78739	1.17917	0	1.60355	0.0936	0.08911	3.46095	0.2266	0	0.47065	0.74489	0.93696	0.60713	0.28713	0.8829	0.03832	0.09393	0.43639	0.14192	0.06792	0.34417	0.26155	0	0.03803	0.35417	0	0	0.52284	1.35033	0.49229	0.038	0.2867	0	0	0.6089	0	0.02426	0.02328	0	0	0.20549	0.23377	0.06689	0.12722	0.74544	0.18175	0	0	0	0	0	0.03526	0.74596	0.30141	0.49916	0.08255	0.13186	0	0	0	0.05166	0.00565	0	0	0	0	0.40813	0	0	0.08037	0.23234	0.69303	0	0	0.86219	0.4642	0	0	1.00059	0.53967	1.05511	0	0.23135	0.18931	0	1.05955	0.14776	0.16701	0.82512	1.15147	0.07526	0.23653	0	0.38807	0.64313	0.52319	0	0	0.3486	0	0.36002	0.33988	0	0	0	0.496	0.57752	0.54241	0.40893	0.26179	0.74028	0.48492	0	0	0.89912	0.1399	0	0	0	0	0	0.258	0.09716	0.47075	0.07895	0	0	0.78333	0	0.30769	0.6391	0	0.2286	0.63722	0	0	0.01142	0	0.11403	2.09911	0.30482	1.42848	0	0	0.11665	0.02283	0	0	0.16203	0.26403	0.97487	0.33339	0.53489	0	0.86001	0	0	0.70606	0	0	0	0	0.76741	0	0	0.38284	0.26363	0.36987	0.44648	0	0	0.06839	0.365	0	0	0.61075	0.31969	0	0.52768	1.12205	2.36382	0	0.31018	0.22079	0	0	0.41289	0	0.58186	0.61253	0	0.12	0.53645	0.53251	0.6563	0.30132	0.67061	0	0	0.6079	0.10086	0.05559	0.45098	0	0.19038	0.23681	0	0	0	0.89241	0.18629	0.1582	0.21632	0.28214	0	0.4323	0.54941	0.15796	0.05676	0.09494	0.05404	0	0.22823	0	0.22971	0.13215	0	0.0715	0.08901	1.6562	0	0	0	0	0	0	0	0.66352	0.06432	0	0	0.58584	0.09866	0.21305	0	0.14729	0.18661	0.10218	0	0.37475	0	0.03352	0.09146	0.47074	1.224	0.24383	0.26549	0.04605	0.68414	0.54963	0.63427	0	0	1.41692	0.28066	0.03794	0.3304	0.65177	0.54331	0	0.11914	0.30863	0.67998	0.33134	0.09496	0	0.53839	1.02772	1.19943	0.45547	0.58816	0	0	0.62655	0.23259	0.41533	2.00131	0	0.03741	0.46256	0	0.18948	0	0	0	0	0	0.74525	0.27898	0.3298	0.40458	0	0.86199	0	0.47084	0	0	0	0	0.32117	0	0	0.17231	0.04389	0.20747	0.20927	1.10112	0.01394	1.25112	1.41904	0.15097	0	0.43736	0.42503	0.56881	0.57818	0.54359	0	0	0.21727	0.2834	0	0.20485	0.38315	0.8885	0	0.01697	0.16451	0	0.61838	0.34229	0	0	3.51275	1.34587	0.61202	0	0.56444	0	0	0.64576	0	0	0.33511	0.2835	0.27675	0	1.24227	0.13055	0	0.35607	0	0	0	0.2029	0.92561	0.47013	0.68719	0.38678	0.16864	0	0.05164	0	0.73709	0	0.30625	0	0.25388	0	0.17688	0	0.60743	0	0	0	0.16633	0.6003	0	0	0.3414	0.21571	0	0	0	0	0	0	1.43008	0	0.14846	0.86695	0	0	0.35964	0	0	0.53465	0	0	0.56526
"Eubacterium_sp_AF34_35BH"	0.02494	0.09698	0.11868	0	0	0	0	0	0	0	0.13277	0	1.10994	0	0.6541	0.03028	0	0	0	0.04882	0	0	0.57768	0	0	0	0.00696	0	0	0	0	0	0.38978	0	0.01165	0.12497	0	0	3e-04	0.0154	0.05848	0	0	0	0	0	0	0	0.01923	0.0679	0	0	0	0.91359	0.19057	0	0	0	0	0	0	0	0	0.01202	0.7987	0	0.18672	0	0	0	0	0	0	0.07394	0.08822	0.00226	0	0	0	0	0	0	0	0	0	0	0	0	0.02003	0	0.01626	0	0	0.04945	0	0	0	0.14646	0	0	0	0	0	0	0	0.04431	0	0	0	0.5825	0.28267	0	0	0.2412	0.07198	0.09741	0	0	0	0	0	0	0	0	0	0	0.05049	0	0	0.14284	0.15898	0	0	0	0	0	0	0	0	0	0	0.39296	0	0	0	0	0	0	0.02506	0.22925	0	0	0	0	0	0	0	0.31732	0	0	0.01285	0.08845	0.06932	0	0	0	0	0	0.31299	0.02115	0	0.21473	0	0	0	0	0	0	0	0	0	0	0.91115	0.51841	0.7557	0	0	0	0	0	0.3859	0	0	0	0	0	0	0	0	0	0	0.86195	0	0	0	0.28369	0.1273	0	0	0	0	0.06661	0.08631	0	0.54382	0	0	0.54234	0.0082	0	0	0	0	0	0.12448	0	0.35631	0	0	0.06764	0	0	0	0	0.24259	0.45973	0.13856	0.2028	0	0	0	0	0.16469	2.1269	0.07128	0.11986	0.90236	0	0	0	0	0	0	0	0	0	0.04905	0.10051	0	0	0	0	0	0	0.05165	0	0	0.53281	0.21615	0.18372	0	0	0.05226	0.92552	0	0	0.41363	0.13138	0.27859	0.00338	0	0.17213	0	0.24962	0	0	0	0	0	0.1222	0	0.28794	0	0	0	1.73837	0	0	0	0.18159	0	0	0.05211	0.11952	0	0	0	0	0.16807	0	0	0	0	0	0	0	0.10093	0	0.02364	0.01707	0	0	0	0.1494	0	0	0	0	0	0	0	0.16327	0	0	0	0	0	0.0376	0.05717	0	0	0	0	0	0	0	0	0	0.01639	0	0.18827	0	0.24191	0	0	2.53872	0.40646	0.11486	0	0.23303	0	0	0	0	1.00283	0	0.08507	0.02386	0	0	0	0	0	0.59401	0	0	0	0	0	0.1975	0	0	0.73325	0	0	0.36981	0.01417	0	0.0371	0	0	0	0	0.12752	0.30468	0	0	0	0	0	0	0	0.14841	0	0	0.41083	0.04098	0	0	0	0	0.25777	0	0	0	0.00168	0	0	0.22811	0.07969	0	0	0.13342	0	0	0	0	0	0
"Lachnospira_pectinoschiza"	0	0	1.77239	0	0	0	0	0	1.10839	0	0	1.68566	0	0	0	0	0	0	0	0	0	0	0	2.59163	0	0	0.05875	0	0	0	0	0	7.0168	0	0.04185	0.1991	0	0	1.13856	0.80145	0	0	0	0	0	0	0	1.23809	0	0	1.8737	0	0	0	0	0.37905	0.00975	0.76616	0	1.68208	0	0	0	0	1.77731	0	0	0	0	0	0	0	0.15732	0.83038	0.28355	1.11573	0	0	0	0.11973	0.00833	0	0	0	0	2.83979	0	0	0	0	6.54962	0	0.9487	0	0	0	0	0	0	3.88799	2.55118	0	0	0	0	0	0	0	0	0	0	7.77219	1.47014	0.8801	0	0	0	0	1.95658	0	0	0	0	0	6.62421	0	0	0	0	0	0	0	0	0	0	0	0	0	1.05609	0	0	0.63708	0	0	0	0.10925	0	0.06388	0	0.88509	0	0	10.20142	0	0.27571	0	0	0	1.9698	2.29839	0	0	0.89601	0.43687	0	0	0	0	0.97732	0	0	0	0	0	0	0	1.41572	0	0	1.59011	0	0	0.23111	0	0.00854	0	0.62624	2.08457	0.46732	0	0.16988	0.79772	0	0	0	0	0	0	0	0	3.15355	2.28538	0.46741	0	0	1.13079	5.77809	0	0	4.11222	0	0.40065	0	0.79061	0.85389	0	2.94857	0.22205	5.07915	0	0	0.62928	0	1.7945	0	0.43827	2.72071	0	0	0.9563	1.99847	0	0	0	0	0	0.91566	0	0	0	0	0	0	1.06584	0	0	5.76999	0	0	2.11918	0	0.01649	0.7806	0	0	0	0	0	0	0	0	0	0	0	0.3579	0	1.26735	0	0	0	0	0.61954	0	0	0	0	0	0	0	0	0	3.15217	3.1741	1.62014	0.156	0.00396	0	0	0	0	0	0	0	0.25798	0	0	0	0	0	0	1.22804	0.86922	0	0	0	0	0	0.14801	0	0	0	0	0	0	0	0.09078	2.81379	0.77036	0	0.92753	0	0	4.70084	0	0	0	0.30513	0	0	0	0	0.52973	0	0	0	0	0	0	0	0	0	0	4.56105	0	0	1.52957	0	0	0	0	0	0	0	0	0	0	0	5.03526	2.05285	3.88306	0	0	0	0	0	0	0	0	0	0	0	0	0	0	0	0	0	0	0	0.20133	0	2.52211	0	0.66729	5.08516	0	0	0	1.63633	0	0	0	0	0	0	1.40169	0	0	0	0	0.98352	1.23432	0.67551	0	0	0	0	0	0	0.16425	0	0	0	0	0	0	1.20809	0	1.78234	1.15322	0	0	0	0.78685	0	0	1.07145	1.58814	0
"Coprococcus_comes"	0	0	0.55539	0	0	0	0	0	0.22027	0	0	0.19778	0	0	0	0	0	0	0	0	0	0	0	0.13304	0.82194	0	0	0	0	0	0.51102	0.65143	0.55223	0	0	0	0.02937	0	0	0.06599	0	0	0	0	0.14019	0	0	0	0.06836	0.00553	0.4803	0	0	0	0	0	0	0	0	0	0	0.08721	0	0	0.02933	0	0	0	0	0	0	0	0	0.05732	0.15524	0.07397	0	0	0	0	0	0	0	0	0	0	0	0	0	0	0	0	0	0.52152	0	0	0	0.47814	0	0	0	0	0	0	0	0	0	0	0	0.69635	0	0	0	0	0.44003	0	0	0	0	0	0	0	0	0	0	0	0	0	0	0.59581	0.8788	0	0	0	0	0	0	0	0	0	0	0.88954	0	0	0	0	1.79974	0	0	0	0	0	0	0	0	0	0	0	1.85987	0	0	0	0	0	0	0	0	0.31154	0	0.3892	0.29027	0.99848	0	0.64122	0	0.55075	0	0	0	0	0	0	1.77161	1.2889	0	0.60887	0	0	0	0	0.10754	0.56081	0	0	0	0.18499	0	0.05254	0	0	0	0.91825	0.30307	0	0.03217	0.22593	0	0	0	0	0	0.42566	0	1.02977	0	0.95457	0	0	0.12141	0	0	0	0	0	0	0	0	0	0	0.17605	0.1448	0.16459	0.60642	0	0	0.06317	0	0	0.1683	0	0	0	0	0.40475	0.92823	0	0.54379	0	0	0	0	0	0	0	0	0	0.22462	0	0	2.08621	0	0	0	0	0	0	0.4706	0.90142	0.05772	0	0	0	0.49192	1.73929	0	0	0.12661	0.47946	0	0.23335	0	0	0	0.24165	0.1154	0.70014	0	0	1.1449	0.47008	0	0	0	0.16815	0	0	0	0	0	0	0	0	0	0.28396	0	0	0	0.48783	1.46196	0	0	0	0	0	0	0	0	0.67472	0	0.17068	0	0	0	0	0	0	0	0	0.6565	0	0	0.39336	0	0	0	0	0	0.35345	0.37304	0.37801	0	0	0.61311	0.74628	0	0	0	0	0	0	0	0	0	0	0.39336	0	0	0	0	0.57378	0	0	0	0.3553	0	0	0	0	0	0	1.25715	0	0	0.48416	0.11996	0	1.0069	0	0	0	0	0	0	0	0	0.75143	0	0	0.37625	0	0	0	0.19636	0	0	0	0	0	0.43769	0	0	0	0	0	0	0	0	0	0	0	0	0	0	0	0	0	0	0	0	1.39749	0	0	0	0	0	0	0	0	0
"Alistipes_putredinis"	0	0	0	0	0	0	0.04205	0	3.71209	0.31162	2.44699	0	0	0	0	0	0	0	0	0	0	0	0.05746	0.28292	4.00854	0	3.84134	0	0	1.57994	0	0	0	0	0.0192	0	2.37356	5.59879	0.55481	0.8494	0.06242	0	0	0	0	0	0	0	5.13985	0	0	0	0	0	0	0.48663	0.24672	0	0	0	0	2.34596	0	4.87009	0	0	7.69593	0	0	0	0	0	0	0.22735	0.76446	0.5319	0	0	0	0.41857	2.08511	0	0	0	0	0	0	0	0	0	0	0	0	1.35245	0.99572	0	0	0	0	0	0	0	0	0	0	0.42519	0.18453	0	0	0	0	0	0	5.33203	0	0	0	6.10414	0	0	5.22815	0	0	0	0	0	4.65743	2.70317	0	0	0	0	0	0	0	0	0	0	0	0	0	6.23881	0	4.33652	0	5.05216	0	0	0	0	0	0	0	0	0	0	0	0	0	0	0	0	5.67983	1.9579	0	3.25964	0.01077	0	0.02065	0	0	0	0	0	0	0	0	0	3.07906	0	0	0	0	0	0	0	0	0	0	0	0.0023	1.8986	0	0	0	4.09704	0.29957	0	5.72415	0	0	5.47263	2.59658	0	3.45858	4.30688	0	0	0.92419	0	4.56741	1.42607	0	8.11292	5.87855	7.73795	2.97159	0	2.14895	4.51924	3.36741	0	0	0	3.31495	5.87106	2.53234	7.92875	2.94417	3.23892	0.1403	0.02192	2.18292	0	0	2.1929	1.07515	0.21021	0	0	0	0	0	0	4.82874	0	0	0	0	1.84889	0	0	0	7.27554	2.92333	0	6.46916	1.53889	0	0	0	0	2.81928	0	0	0	2.18283	10.71678	1.03634	0	0	0	0	0	0	0	0	0	4.21648	2.27771	0	0	0	0	0.00368	0.41003	0.01079	0.4474	0	0	4.06293	0	5.52165	0	0	2.69601	0	0	0	0	0	2.68274	1.17421	2.10001	4.34104	0	0	1.29295	0	0	0	0	2.64226	0	0	0	0	0	1.57339	4.02906	0	2.6763	0	0	0	0	0	0	0	2.26846	0	1.44011	0	0	0	3.682	0	4.03207	3.53103	2.69142	0	0	1.79242	3.94685	0	0.00056	0	0	0.31	0	0	3.29499	0	0	8.06579	0	0	0	0	2.92863	2.65273	0	0	0	0	0	5.50239	6.57745	0.04727	0	0	0.00779	0	0	3.88777	0	0	9.38444	0	2.62284	0	0	0	4.5918	0	0	0.40004	0	0.97194	0	2.32197	0	0	0	0	0.29866	0	0	0	0	6.14432	0	0	0	0	0	2.44483	0	0	0	0	0	0	0.90441	0	0.02439	0	0	5.7694	4.84332	0	0	0	0	0	0	0	0	0
"Anaerobutyricum_hallii"	0	0.54242	0.81399	0.37516	0.05645	0	0	0	0.51651	0.66423	0	0.46604	0	0.57547	0	0.52012	0.48858	0	0.5595	0.67097	0	0	0	0.03904	0.36347	0	0	0	0.03341	0.43849	0.25146	0.37772	0.40475	0	0.34094	0.09705	0	0	0.36756	0.08303	0.13141	0	0	0	0	0	0	0	0.66697	0.25203	0.35325	0	0	0.39567	1.50925	0.09292	0.12447	0	0	0.10902	0	0	0	0	0	0	0	0	0	0	0	0	0	0.15007	0.18399	0.28707	0	0	0	0.06001	0.0207	0	0	0	0	0	0	0	0.06782	0	0.68033	0	0	0.74954	0.55448	0	1.11906	0.51143	0.55844	0	0	0.35691	0.18033	0	0	0.2227	0.16772	0	0	0	0	0	0	0.08464	0.15247	0	0	1.16878	0	0	0.70713	0	0.81743	0	0	0.71781	0	0	0	0.76255	0.70807	0	0	0.9729	0	0	0	0	0	0	1.97411	0	0.88615	0	0	0	1.58913	0	0.60434	0.44235	0	0	0.81113	0	0	0.37439	0	0	0.95047	1.01203	0	0.34146	0	0.33277	0.21926	0.33205	0	0.30547	0	1.66247	0	0.10662	0	0	1.6264	0.44223	0	0	0	0.48379	0	0	0	0	0	0.50361	0.76739	0.39726	0	0	1.01829	1.46292	0	0	0	0.65407	0.25473	1.73781	0.44216	0.02141	0	0	0	0	0.79449	0	0	0.0946	0	0	0.39656	0	0	0.64477	0.39994	0	1.53306	0	0.02752	1.52845	1.74011	0	0	0.26179	0	0	0.80368	0	0	0.02737	0.52188	0.33076	1.65553	0	0.56795	1.25189	0.13661	0.61336	1.05142	0	0	0	0	0	0.2653	0	0.69759	0	0.26809	0	0	0	0	0	0	0	0.52636	0.29458	0.00128	0	0	1.71131	0.57634	0.01989	0	0	0	0.44273	0.3747	0.18916	0	0	0.44043	0.3977	0	0.76304	0	0	1.58519	0.26611	0	0.29336	0	0.83803	0.15843	0.95537	0	0	1.00491	0.49778	1.14063	0	0	0	0	1.07551	0.53454	0	0	1.1181	0	1.11175	0.65307	0.17648	0	2.05508	1.65693	0	0.8656	3.27763	1.43194	0.2521	1.47572	0	0	0	0	0.76281	0.03819	0.38001	0	0.81438	0.63651	0	1.49392	0	0	0.43541	0	0	1.74372	0.09931	0	0	0.23925	0.47484	0	0.1636	0	0.03194	0	0	0.6808	0	0	0	0	0	0	0.45001	0	0	0.795	0	0	0	0	0	0	0	0.69701	0	0	0	2.23599	0	0.5777	0	0	1.05779	0	0.95911	0.67191	0.25818	0	0	0.7709	0	0	0	0	0	0	0.01833	0	0	0.48516	0.07198	0	0	0	0	0.58523	0	0.54455	0.50611	0	0	0.82144	0	0.25092	0	0	0	0	0.51946	0.74444	0	0.01175	0	0	0	0	0	0	0	1.14975	0	0.3886	0.28841	0	0	0.69493	0	0	0	0	0.46007	0
"Gemmiger_formicilis"	2.23643	1.40471	1.4203	1.56945	0	3.1888	0	0	0.5358	1.10346	2.50997	1.82217	0	0.83897	0	0	0	0	3.3157	6.98183	0	0	0	0.67937	1.82213	0	0.00017	0	0	0	0	0	4.86827	0	0	0.06356	2.10138	1.58966	0	1.32006	0.55633	0	1.51884	2.89173	0	0	0	0	3.08418	1.0203	1.07567	0	0	0	0.04737	0.6718	1.36997	0	0	1.67786	0	1.20089	0	1.00027	4.47864	5.87842	9.43533	0	0	0	2.99919	5.90262	0	0.24248	0.27446	1.17994	0	0	0	1.22361	0.43625	0	0	0	0	0	0	0	1.89787	1.98462	0.37868	0	0.30496	0.93218	1.3116	0	0	3.50321	0.62581	0	0	0	0	0	0	0	0	2.90964	1.2142	0.94198	1.81618	0	3.23135	1.78029	1.50828	0	0	0	0	0.17273	0.45818	0	6.0689	0	0	2.05429	4.83926	0	0	3.24837	0	3.57454	5.25242	0.88688	0	0	0.34343	0	0	0	0	1.32595	0.50732	0	0	0	1.55652	0	0	0	0	1.29704	1.16776	0	0	0.18642	5.68547	0	0	0.93108	0	5.6669	0	1.02636	1.30953	0.10114	4.44558	1.26996	0.05817	0.3715	0	0	0	2.51534	0	0	0	0	2.08954	0	0	0	2.16125	2.6998	0	0.38512	1.47644	1.65568	0	0	0.21197	2.22896	0	0	3.99912	0.79063	0.02105	0	3.54265	0.29682	0	0.13754	0.23326	0	0.34618	0.38256	0.03334	2.68935	0.52867	0	0.9492	0.4012	0.47613	1.44795	0.23201	2.15664	0	0	0	2.59478	0	0	0	0.3809	0.73963	0	0.11229	0	2.60518	1.81473	0.40756	0.15725	0	0	0.192	0.41478	0	0.20193	0	1.24961	0	0.0285	5.3782	0.90548	0.12707	0	0	0	1.69194	0.25381	0.75034	0	0.11007	0	0	0	4.80188	2.05714	0.78165	0	0	0.26732	1.57636	0	0.19922	0.95511	0.25493	0.66754	0.49069	0	3.43967	1.95065	0.74792	0.651	0	0.18456	0.4129	2.84484	0.56289	0.68057	0.72029	0.92625	0	0	0.22633	0.97402	0.65287	2.20264	2.77785	0.43655	0	4.35768	1.37021	0	0	4.27191	0	0	0	0.11371	0	1.72651	0	0.10594	0	0	0	0.76868	0	2.70368	0.7791	1.72146	0	0	0	0	0.21507	1.86028	4.98464	0	0	2.74851	3.10418	1.37833	0	0	5.39712	0	3.10533	0	0	0.21951	0	5.82722	0	0	0	1.83985	1.92895	0.43004	0	0	0	1.08235	0.00118	0	0	0	0	0.39033	0	0.48479	1.06636	0	0	0	0	0	1.95793	0	0	0	0	0	0.94598	0	1.23791	0	0	0	0	0	0	0.28811	0.49984	0	2.56484	0	0	0	1.74905	0	0	0.07763	0	0	1.08141	0.39924	0.29863	0	0	0	1.31977	7.04083	0	0	3.00824	0	0.79354	0	0	0	0	0	0.62552	0	0.59448	0	1.40369	0	0	0	0	0	2.58884	0	0	0	1.80871	0	0	0	0	7.7613	0	1.6826	0	0	1.67703
"Candidatus_Cibionibacter_quicibialis"	0.74697	0	0	0	1.64372	0	0	0	0	0	0	1.31414	0	0	0	0	0	0	0	0	0	0	0	0.22057	0	0	1.54112	0	0.54672	2.18371	0	0	0	4.77083	0.16397	4.08337	0.05615	0.25204	0.07747	0.1374	0.3003	0	0.30966	1.34768	0.9088	0	0	0	0.50058	3.18408	3.25112	0	0	0	0	0.12457	0.16714	0	0	0.81767	0	0	0	0	0	0	0	0	0	0	0	0	0	1.90595	0.19451	0.59591	0	0	0	0.64084	0.55405	0	0	0	0	0	0.96742	0	0	0	2.29332	0	0	1.55769	2.70942	0	0	0.81006	0.60266	0	0	0	0	0	0	1.25255	0.6159	0	0	0	0	2.3354	0.57537	0	4.28314	0	0	0	0	2.33468	2.63472	0	0	0	0	0.83267	0	0	0	0	0	0	0	2.69516	0	0	0.02328	0	0	0	0	0.7745	1.25649	0	0	0	0.63075	0	0	0	0	0.03239	0	0	0	0	0.18026	1.13751	0.80011	0.54688	0	0	0.92682	0.94651	0	0	0.20924	0.03708	1.23339	1.8483	0	0	0	2.90179	0	0	0	0	0	0	0	0	0	1.29133	0.67892	0	0.66021	0.00965	0	0	0.05209	0.81625	0	2.01022	0.73588	1.07329	0	0.27197	0.19788	0	0	0	0	0	0.71353	0.09944	0	0.38044	0.42881	0.74032	2.30927	0.63348	1.23254	1.21331	0.60553	0	0	0	1.47126	0.42903	0	0	0	2.07995	0	0	0	0	1.98364	0.96931	0.41709	0.09886	1.3203	0	1.66253	1.57522	0	0	0	0	0	0	0	1.02192	3.22454	0	0	0	0.33451	0	0	0	0	0	0	0	3.59524	1.36846	0	0	0	0.3855	0	0	0	0	0.50877	0.57011	2.06079	0	0	0	0.266	1.65206	4.25949	0	2.68384	1.1172	0.23071	2.33656	0	0	1.17847	0.78935	0.01969	0.22647	0	0	0	0	0	0	0	0	0	1.97703	0	0	0	0	0	0.08979	0.89659	4.59795	0	0.07884	0.13181	0.08852	0	0	0.39903	0	0.09032	0	0	0	0.58168	0.89526	0	0	0	0	0	0	0	0	0	0	0.45073	0	0	0.21216	0	0	0	1.89675	0	0	0.48337	0.08141	0	0.93885	0	0.59655	0	2.6025	1.1245	0	0	1.05458	0.75999	0	0.21238	0.83774	0	0	0	0	0	1.18427	1.49945	0	0	0	0.35113	0	0	1.00309	0	0	0	2.82003	0	1.05686	0.42402	0	1.9791	0	0	0	0	0	0	2.24703	0	0.29819	3.12087	0	0.75346	0	0	0	0	0	0	0	0	0	0	0	1.046	0	0	0	0	0.80215	2.53575	0	0	0	0	0	0	0	1.15767	0.00546	0	0	0.94948	3.67148	0	0	0	0.60793	0	0	0	0	0
"Bacteroides_xylanisolvens"	0.77346	0.29911	3.00245	11.98894	0.13345	0	0.55191	3.23724	3.48754	0.96312	1.36196	3.20214	0	0	0	0	0	0	0	0	0	0	8.30023	0.03203	0	0	0.01526	0	0.12335	0.05805	0	0	0	6.43168	0.09899	0.03099	0	0	0.9921	1.38376	0.11398	0	0	0	0	0	0	0	0.14531	0.27625	0	0	0	2.94951	8.05928	0	0.00473	0	0	0.80579	0	0.08348	0	0	0.10794	3.53813	0	0	0	0	0	0	0	2.31807	1.36635	1.99194	0	0	0	0	0	0	0	0	0	0	0	3.8601	6.42194	0	0.44461	0	0	0.04786	0.1756	3.09486	0.93555	0.60551	0.28973	5.49654	6.36942	4.40442	3.16815	0	0	0.92997	0	0	0	0.53528	0	4.80705	0	0.15617	0	5.79447	7.07743	9.92219	5.56103	0.96251	0.29756	13.69998	0	0	0.00413	2.07264	0.90435	0.37816	3.48447	1.17162	0	0	0	1.59288	2.29925	0	0.08201	0	0	5.24405	9.02324	0.0069	2.62369	0.00754	0	0	0	0.68977	0.11333	2	0	0.26793	0	12.9763	0	0.10298	6.4409	1.77222	0	1.91892	0	0	0	0.01469	0	0.68914	0	3.61521	0.57047	0.13152	0	0.63211	1.85292	0.00266	1.05293	3.28531	0.68336	1.33553	0.05591	0	6.46227	0	5.36149	3.91981	0	0	0.48678	0.52734	0	0	0.00284	0.03372	7.38075	1.42533	0	0.43618	0.60783	0	0.33107	1.85271	0	3.71366	0.12226	0	0.36815	0.87954	0	0.59704	0	0	0.08192	0.10996	4.09717	0.4496	0.18636	2.8984	0	0	0.3099	0.64067	0	0	0	0.51125	4.10992	10.66119	6.67529	0.41016	0	0.37751	0.07313	0.04855	0	0.52467	0	0	0.00529	0	0.04063	0.20164	0	2.44578	0	0	0.11467	4.2425	0	0.01443	0.27195	0.00869	0	0.26742	0.60826	2.12373	0	0	1.65134	0.31808	1.19712	15.57117	0	0	0.43573	0	3.44667	0.28252	1.69082	2.22137	0.80203	3.40078	1.37747	0	0	2.12101	1.48305	1.14685	0	0.09762	4.63682	0	0.99809	0.68006	0.25839	0.60001	0.02976	0	0.71629	0	0.40807	1.22477	1.38646	0	0	0.08872	0	2.77278	0.24678	0	1.07969	2.98616	7.38813	0	2.70662	0.02084	0.35833	4.1967	0.66051	0	0	3.04098	0.87739	5.46941	0	0	6.00384	0.00313	0	3.40695	0	0.28901	0	1.89885	1.62753	1.56336	0.01622	0	0	0	0.2249	0	0	0.03602	0.03786	0.18711	1.51006	0	0	0	2.43469	0	0	0	0	0.07968	0.05956	0	0	0	0	0	0.14715	4.22332	2.00124	0	0	0	0	0.90261	0	0	9.40638	9.90777	0	0.03261	0.77974	0	0.00271	0	0.17169	3.49743	4.14225	3.49553	0.74881	0.27612	0	7.74075	9.63398	0.45069	0	0.09437	0	0	1.65388	0.274	0	0.05463	0	0	0.11124	0	0.00286	0	2.76174	4.63219	5.06455	0.22803	0	0	0	7.46657	2.85223	0	7.2851	1.27599	0	3.91628	0	0	0	0	6.71204	0	0	4.51328	0	0	3.57087	0	0.588	0.00459	0	1.95187	3.22898	0	0.00055	5.45276	0	0	0
"GGB3256_SGB4303"	0	0	0	0	0	0	0	0	0	0	0	0	0.75205	0	0	0	0	0	0.09994	0	0	0	0	0.67028	1.00253	0	0	0	0	0.38242	0	0	0	2.65817	0	0	0	0	0	0	0.05387	0	0	0	0	0	0	0	3.66222	1.23323	0	0	0	0	0	0	0	0	0	0	1.61397	0	0	0	0	0	0	0	0.72738	0	1.28011	0	0	0	0	0.11407	0	0	0	0	0.32244	0	0	0	0	0	0	0	0	0	0	0	0	0	0	0	0	0	0	0	0	0	1.78543	0	0	0	0	0	0	0	0	0.44429	0	0	0	0	0	0	0	0	0	0	0	0	0	0	0	0	0	0	0	0	0	0	0	0	0	0	0	0	0	0	1.24523	0	0	0	0	0	0.03792	0	0	0	0	0	0	0	0	0	0	0	0	0	0	0.6971	0	0	0	0.70807	0	0	0	0	0	0.78825	0	0	0	0	0	0	0	0	0	0	0	0	0	0	0	0	0	0	0	0	0	0	0	0	0	0	0	0	0	0	0	0	0	0	0	0	0	0	0	0	0	0	0	0	0	0	0	0	0	0	0	0	0	0	0	0.97864	0	1.17961	0	0	0	0.40733	2.12456	5.55936	0	0	0	0	0	0	0	0	0	0	0	0	0	0	0	0	0	0	0	0	0	0	0	0	0	0	0	0	0.38312	0	0	0	0	0	0	0	0	0	0	0	0	0	0	0	1.09	0	0.00912	0	0	0	0	0	0	0	0	0	0	0	0	0	0	0	0	0	0	0.89913	0	0	0	0	0	0	0	0	0	0	0	0	0	0	0.88052	0	0	0	0	0	0	0	0	0	0	0	2.63898	0	0	0	0	0	0	0	0	0	0	0	0	0	0	0	0	0	0	0	0	0	0	0	0	0	0	0	0	0	0	0	0	0	0.4642	0	0	0	0	0	0	0	0	0	0	0	0	0.63255	0	0	0	0	0	0	0	0	0	0	0	0	0	0	0	0	0	0	0	0	0	0	0	0	0	0	0	0	0	0	0	0	0	0	0	0	0	0	0	0	0	0	0	0	0	0	0	0	0	0	0
"Lachnospira_sp_NSJ_43"	0	0	0	0.84421	0.0023	0	0	0	0	0	0	2.68657	0	0	0	0	0	0	0	0	0	0	1.53987	0	0	0	0	0	0	0	0	0	0.52387	0.12429	0	0.09523	0.46979	1.59019	0.1704	0.13667	0.10002	0	0	0.14987	0	0	0	0.87201	0.28723	0.20451	0	0	0	0	0	0	0	0	0	0	0	0	0	0.21396	0.04069	0	0	0	0	0	0	0	0	0.30697	0.10558	0.06342	0	0	0	0.03856	0	0	0	0	0	0	0	0	0	0	0.03727	0	0	2.46286	0.48033	0	0	2.93053	0	0	0	0	0.02839	0	0	0.05368	0	1.00822	0	0	0	0	0	0	2.05182	0	0	0.02388	0.04066	0	0	0	0	0	0	0	0.01587	0	0	0.11872	0.22292	0	0	0	0.165	0	0	0	0	0	0	0	0	0	0	0	0.12466	0	0	0	0.43009	0	0.11662	0	0	0	0	0	0	0	0	0	0	0	0	0	0.14317	0	0	0	0	0	0	0.13541	0	0	0	0	0.32422	1.61377	0	0	0	0.46575	0	0	0	0	0	0	0.02832	0	0	0	0	0.05258	0	0	0.06034	0	0	0	0.53763	0	0	0	0	0	0.19301	0.28708	0.05443	0	0	0.11414	0	0	0	0	0.00373	0	0	0	0	0.05804	0.07169	0	0	0	1.25514	0.12462	0.106	0	0	0	0	0.01134	0	0	0	0	0	0	0	0	0.01818	0	0.09605	0	0	0	0	0	0	0	0	0	2.79878	0	0	0	0	0	0	0	0	0	0.11355	0	0	0	0	0	0	0	0	0	0	0	0	0.65728	0	0	0	0	0	0	0	0	0	0	0	0	0	0	0	0	0	0	0.16065	0	0	0	0.28219	0	0	0	0	0	0	0.02585	0	0	0	0	0	0	0.43701	0.09628	0	0	0	0.13612	0	0	0	0	0	0.49153	0	0	0	0.76821	0	0	0	0	0	1.26583	0.08257	0.00924	0	2.23293	0	0.10489	1.1296	0	0	0	0	0	0	0	0.08977	0	0	0	0	0	0	0.86258	0	0	0	0	0	0	0	0	0	0	0	2.15159	0	0	0	0	0.11003	0	0	0	0	0	0	0	0	0	0.08017	0	0	0	0	0	0	0	0	0	0	0	0	0	0	0	0	0	0	0	0.36833	0	0.00242	0	0	0	0	0	0	0.00771	0	0	0	0	0	0	0	0	0.5184	0	0	0	0
"Oscillibacter_sp_ER4"	0	0	4.30797	0	0	0	0	0	0	0	0	0	0	0	0	0	0	0	0	0	0	0	0	1.01345	0.08451	0	0.4072	0	0	0	0	0	0	0	1.13922	1.94072	0	0	0	0.2629	0.61004	0	0	1.13975	0	0	0	0	1.5091	2.83267	0.89747	0	0	0	0	0.3445	0.04669	0	0	0	0	0.40669	0	0.73417	0.17447	3.49173	0	0	0	0	0	0	0	0.08659	0.12	0.14607	0	0	0	0.24685	0.01133	0	0	0	0	0	0	0	0	0	0.17752	0	0	0.80808	0	0	0	0.62618	0.68907	0	0	0	0	0	0	0	0.43294	0	0	0	0	0	0	0	0	0	0	0	0	0	0	0	0	0	0	0	0	0	0	2.42878	2.01086	0	0	0	0	0	0	0	0	0	0	0	1.42686	0	0	0	0	0	0.67973	0	0	0	0	0	0	0	0	0	0	0	0	0	0	0.38104	0	0	0.12878	1.29699	0	1.08483	1.09008	2.03173	0	0	0	0	0	0	0	0	0	0	0	0	0	0	0	0	0	0	0.23419	0.49048	0	0	0	0	0.02085	0	0.00659	0	0	0.9492	0.43473	0	0	0	0	0	0.17383	0	2.10359	0	0	1.18994	0	1.74582	0	0	0.89494	0	0.0622	0	0	0	0	0	0	0	2.00336	1.9507	0	0.17355	0	0	1.49955	2.1498	1.33819	0	0	0	0	0	0	1.90967	0.86394	0	0	0	0	0	0	0	0	0	0	0	1.25051	1.47884	0	0	1.50166	0	0	0	0	0	0.03647	0	0.92217	0	0	1.9966	0.31612	0.78881	0	0	0	1.60218	0	0.043	0	0	0	0	0.01787	0.18216	0.30175	0	0	0	0	0	0	0	0	0	0	0	0	0	0	0	0	1.90322	0	0.33915	0	0.16909	0	0	2.858	0	0.01369	0	0	0	0	0	0.40513	2.66097	0	0	0	0	0	0	0	0	0	0	0	0.46666	0	0	0	1.41478	0	1.16768	0	1.32983	0	0	0	0	0	0	0	0	0	1.35187	0	0	0	0	0	0	0	0	0	0	0	0	0	0.52635	0	0	1.03898	0	0	0	0	0	0	0	0	0	0.77895	0	0	0	0	0	0	2.19702	0	0.67572	0	1.45077	0	0	0	0	0	0	0	0	0	0	0	0	0	0	0	0	0	0	0.91372	0	0.10098	0	0	0	0	0	0	0	1.46411	0	0	0	0	0	0	0	0	0	0	0	0
"Phascolarctobacterium_faecium"	1.50591	2.10812	0.03387	1.56364	0	0	0	0.99139	0.51864	0.24382	1.58113	0.95212	0	0	0	0	0	0	0.4336	0.22464	0	0	0	0	0.36403	0	0.02481	0	0	0.92308	1.74308	1.10868	0.83713	0	2.14611	0.36709	0.16398	0	0.62355	0.55761	0.56951	0	1.01685	1.03614	0	0	0	0	1.3587	0.05513	0.89727	1.9622	0	0.13187	2.16583	0.25674	0	0	0	1.53594	0	0.99454	1.73202	0	0.20214	1.87389	0.69616	0	0	0.69261	0.30051	0	0	0.14418	0.36866	0.8148	0	0	0	0.01486	0.20727	0	0	0	0	1.56038	0.62498	0	0	0	1.12469	0	0	0.08643	0.09874	0	0	0	0	0.82703	0	0	0	0	0	1.46495	0	0	1.00824	1.34252	0	1.52527	1.28139	1.27666	0.46414	2.45902	1.81026	0.97544	0	0	0.55542	0	0	0	0	0	0	1.28873	1.53825	1.50131	1.28465	1.03616	0	1.62811	1.14899	3.0499	0	0	0	0	2.524	1.37209	1.49718	0	1.06335	1.74868	0.86538	0	0.08984	0.51004	0	1.42523	0.14095	0	0.91017	1.69034	1.24439	0.93848	1.01285	0.61807	0.01963	0.61779	0.56836	0.52331	0.37073	0.01437	0.7977	1.66673	1.4791	0.43598	0	2.21317	1.40314	0	0.69437	0	0.4286	1.01862	1.06173	0	0	1.03049	0	0	0	0.29961	0	0.32974	2.09523	2.05061	0.00838	1.96057	0.97873	1.16297	0.0539	0.00099	1.65933	0.06506	1.33383	0	2.13047	0.79546	1.10295	1.26143	0.18751	2.02152	1.23065	0.75616	2.35452	0	0.00433	1.12004	0.79641	0.9436	0.03545	1.55787	0	1.43916	0	0.06307	1.3269	0	2.02397	1.60031	0.83363	0.79757	0	1.79203	0	0.00029	0.23833	1.2397	0	2.11198	0.00195	0.09111	0.11196	0	0.02673	0.26067	0	1.08237	0.78866	0	2.01126	0	0.97453	0.35518	0.55432	0	0	0	0	1.11548	1.20117	0.41734	0	0	1.58736	0	1.10039	2.83224	0	0	1.10772	0	0.05561	0	0.80552	1.31255	1.12789	0	1.15595	0.15531	1.70894	1.68399	0.06313	0.68402	0	0.08675	1.7638	0.06687	0.33536	0.06446	0	0.98695	0.9212	0.47939	0	0	0	0.6661	0.79585	0.06638	0.76516	0.83364	0	0	0	0.55431	0	1.78035	1.00773	0.35896	0	1.17862	1.26368	0.16673	1.57816	0.59361	0	1.63498	0.27661	1.44456	0	0	1.06532	1.74271	0.03739	0.75043	1.3006	0	1.34035	1.08674	1.82142	0	0	0.1714	0	0	0	0.11572	0.09006	1.84291	0	0.04309	0	1.17364	0	3.29602	0	1.47755	0.87103	0	0	0	0	0	0	0	0.70375	0	0.88322	0	0.781	1.43351	0	0	1.98973	1.33784	3.13114	0	0	0.714	0.65265	2.11799	4.75419	0	0	0	1.73467	0	1.38883	0.17663	2.46479	0	0	0.05348	0	2.2401	0	1.13325	0	0.02465	1.3258	2.02294	0	1.31714	0.74451	0	0	0	0	0	0	0	0	0	0	0	0.75397	0	1.47957	0	0	2.12016	0	0	0	1.49744	1.60877	2.0391	2.31631	1.28661	1.6679	0	0	0	0.01115	0.84864	2.25799	0.04078	2.55704	0.91422	0	0	0	1.35231	0
"Eubacterium_ventriosum"	0.31438	0.04453	0	0	0	0.06222	0.40571	1.47634	0	0.22096	0	0.24603	0.00377	0.52169	0	0	0	0	0.04536	0	0.26568	0.12013	0	0.0432	0.3577	0	0.0924	0	0.21153	0.03536	0	0.18621	0	0.40222	0	0	0.53108	0.32016	0.20029	0.08979	0.0243	0	0.00205	0.16285	0.17476	0	0.47448	0.12427	0.15894	0.09057	0	0.01841	0.03404	0	0.13543	0	0	0	0	0.01059	0.49042	0	0	0.13334	0.53342	0	0.13132	0	0	0	0	0	0	0.00938	0.0866	0.14562	0	0.5694	0	0.09279	0.04534	0.02992	0.26832	0	0	0.60209	0.20219	0	0	0.43486	0.13326	0	0	0	0.1101	0	0	0	0.05045	0	0	0.15033	0.48523	0	0	0	0.01069	0.27293	0	0	0	0.35476	0.86788	0	0	0	0	0.03929	0.65668	0	0	0	0	0	0	0	0	0.10191	0	0	0	0.34742	0	0.13232	0.72723	0.22987	0	0.47617	0	0	0	0	0.75941	0.12832	0	0.38343	0.6532	0	0.49538	0	0	0	0	0	0.1798	0	0.82221	0	0	0.08221	0.67298	0	0	0.05966	0.51334	0	0.9979	0.18908	0.09437	0.96902	0.69285	0	0	0.31713	0.442	1.76856	0	0.043	0	0	0	0	0	0.08057	1.85431	0.02254	0.07248	0.1064	0	0	0.23624	0.84727	0	0	0.33031	0.27537	0.06889	0	0.0282	0.15379	0	0	0	0	0.20589	0	0	0.31509	0.08211	0	0.81798	0.35904	0	0.00769	0	1.13615	0	0	0	0.84838	0.41562	0	0	0.29891	0.0219	0	0	0	0.09345	0.03832	0.1272	0.07879	0.34813	0	0.23271	0.01449	0	0	0	0.3522	0.6846	0	0.14059	0.19175	0.03983	0.01368	0	0.1102	0	1.00903	0	0	0	0.05434	0.15959	0	0.01442	0	0	0	1.02298	0.17092	1.40653	0	0	0.22989	1.05469	0	0	0.18265	0.03816	0.65657	0	0	0	0	0	0.12665	0	0.08582	0	0	0	0	0	0.17691	0	0	0	0	0	0	0.3502	0.27853	0	0	0.18367	0.37301	0.49907	0	0	0.65831	0.04524	0.02166	0	0.38416	0	0.58227	0	0.04929	0.19281	0.19181	0	0	0	0	0.02709	0.61344	0	0.12021	0.94926	0.14332	0	0	0	0	0	1.96395	0.24479	0	0	0	0.01126	0.28009	0	0.03795	0	0.00997	0.14254	0.11089	0.24145	0	0	0	0.32068	0	0	0.29441	0.00171	0	0	0	0	0.43114	0.22472	0.11309	0	0.25793	0	0	0.79212	0	0	0.91063	0.2877	0	0	0.1555	0	0.38681	0.71919	0	0.41687	0	0	0	0	0.13026	0	0.64063	0.11744	0	0.21577	0.86524	0	0	0.07474	0.34874	0.31033	0	0.71724	0	0.50697	0	0	0	0	0	0	0	0.66925	0	0	0	0.22621	0	0	0.72771	0	0.44876	0	0	0	0	0	0	0.34457	0	0.00285	0	0	0.64887	0	0	0	2.56855	0	0	0
"Faecalibacillus_intestinalis"	0	0.23486	0.17336	0	0	0	0	0	0.09465	0	0.31031	0.2806	0.75209	0	0	0	0	0	0.41442	0.33181	0	0	0	0.1252	0.06717	1.30642	0.13443	0	0.20762	0	0.83064	0	0	0	0.02653	0	0	0	0.10598	0.13983	0.22613	0	0.11885	0.34655	0	0	0.04264	0.34172	0.12452	0.10074	0.24718	0	0	0	0	0.0583	0.01804	0	0	0	0	0.18715	0.40009	0.12144	0.19338	0	0	0	0	0	0	0	0	0.04443	0.03142	0.20193	2.97328	0	0	0.02934	0	0	0	0	0	0.22441	0	0	0	0.30074	0.48194	0	0	0.23842	0.24508	0	0	0.42589	0.14578	0	0	0	0.11409	0.46466	0	0	0.0397	0	0	0	0.24613	0	0	0	0.13398	0	0	0	0	0	0	0	0	0	0	0.82077	0.2787	1.03736	0	0	0	0	0	0.2188	2.53431	0	0	3.2864	0.53904	0	0	0.09555	0.0686	0.24932	0.04086	0	0.68417	0.00895	0	0	0	0	1.02505	0	0	0.49723	0.30162	0	2.67432	0.57452	0	0	0	0.16444	0.14393	0.20729	0	0.07232	0.31768	0.54152	0.43008	0.66019	0	0	0	1.26912	0	0.49836	0.45805	0	0	0.07312	0	1.02056	0	0	0.0282	0.61304	0	0	0.19173	0.69601	0	0	0	0.16938	1.32169	1.47409	0.25677	0.13693	0	0	0.50724	0	0	0.41644	0	0	0.36461	0	0.10518	0.23555	0.44931	0.13047	0.33453	0	0	0	0.30316	0	0	0	0	0.15202	0	0	0	0.36797	0	0.06089	0.24042	0.1243	0.24017	0	0.33676	0.07589	0.2036	0.15547	0	0	0	0	0	0	0.23033	0	0	0	0.48682	0.55526	0	0	0.10379	0	0	0	0	0.03915	0	0	0	0	0.02468	0.08316	0.11008	0	0.53549	0	0.24434	0	0	0	0.29145	0.64655	0.15788	0.53184	0	0.28764	0.65749	0.1533	0.13392	0.01429	0.48183	0.39948	0	1.19011	0.83528	0	1.40299	1.1447	0.51374	0	0	0.09403	0	0	0.33297	0	0	0.47874	0	0	0.54427	0.03798	1.94419	0.26862	0	1.21061	0	0	0	0	0	0	0	0	0.19804	1.95099	0.13182	0.18503	0.32656	0.14215	0	0.1058	0	0	0	0.8645	0.38794	0	0	0.08005	0	0	0.11168	0.07033	0	0.22438	0.21576	0.15993	0	0	0	0	0	0	0.48354	0	0	0.14294	0	0	0.52856	0	0	0	0	0	0	0	0.14824	0	0	1.6293	0.17665	0	0.48843	0	0	0	0	0	0	0	0	0	0	0	0	0	0	0	0	0.2632	1.41685	0.21166	0.62193	0	0.66619	0	0	0	0.83948	0	0	0	0.30048	2.54215	0	0	0.42903	0	0	0	0	0	0	0.9907	0	0.08713	0	0	0	0	0.95512	0.00422	0	0	0	0.08479	0	0	0	0	0	0.75717	0	0	0.75069
"Parasutterella_SGB9260"	0.78924	0	0	0	0	0	0.26047	0.37369	1.45531	2.40446	0	0	2.37093	1.712	0.97187	3.34243	2.61684	1.5115	0.75242	1.27419	0	0	0.86103	0.08318	0	0	0	0	0	0.01566	1.30703	1.72166	0	0.9872	0	0	0	0	0.77612	0.56257	0.31683	0	1.05809	1.27971	0	1.26994	0	0	0.15587	0.09551	0.6655	1.57549	1.03517	0.606	0.12433	0	0.08481	0	0	0.43683	2.60233	0	0	0.74411	0.10456	0.88197	2.62463	0	3.42178	0	0.39421	0	0	0.26102	0.29043	0.58085	0	1.41849	1.73787	0.00062	0	0	1.64905	0	0	0.1418	2.08673	1.11178	0.34779	0	0	0	0	0.17261	0	1.28037	0	0	0	0	0	0.82667	1.37392	0.92205	1.74769	0	0.01619	2.94764	1.10182	1.21423	1.83521	1.3635	0	0	0.32871	1.61915	1.44211	0	0	1.07968	1.42379	0.66525	0	0.59477	0.60774	0	0	0	0	0.84598	1.68163	0	0	0	0	0	0	0	0	0	0	0	0	1.66465	0	2.05901	1.28207	0.68581	0	0	0	2.37026	0.98777	0	0.43119	0	0.02282	0	0.65784	0	0	0	1.04682	0	0.4043	0	1.0105	0	0	0	0.49572	0	0	1.09918	0	0	0	0	0.49063	0.91486	0	1.07912	0	0.13492	0	0.33956	0	0	0	1.48459	0	0.00096	0	0	1.05953	0.03292	0	2.10556	0	0	2.23221	1.34317	0.52962	1.37012	0.48249	0.68355	0	1.09479	0.15281	0	0.04714	1.10112	0.14078	0	0.80413	0	0	0.3574	0	0	0	0.42831	1.35385	0.51967	0	1.113	0.38665	0	0.47155	0	0	0	0.13493	0	0	1.09025	0	0	0.06024	0.10667	1.80171	1.91875	0	0.49622	0	0.05429	0.55694	0	0	0	0.32294	0	0	0	0	0	0	0.00313	1.03494	0.90385	0	0	0	0.00019	1.15002	0	0	0.10561	0.13613	0.42794	0.21004	0	0	1.10058	2.86078	0	0	0	0	0	0.83111	2.09115	0	0	0	0	0	0	0	0.32871	1.41986	0.65155	0	0.33169	0.03488	0	0	2.17581	0.58848	0	0	0	0	0	0	0	0	0.00169	0.05315	0.31736	0	0.90054	0	0	4.2483	0	0.93582	0	0	0	0	0	1.7018	0.05314	0	0	0	2.40134	0	0	0	0	0	0	0	0.41496	0.45488	0	0	0	0	0	0	0	0	0.3512	0	0	0	0	0	0	0.76812	1.45508	4.26583	0	0	0	1.26073	0	1.78642	0	0.8967	0.52	1.28745	0	0	0	0	2.98878	0	0	0	0	0	0	0.40193	0	0	0	0.67158	0	0	0	0	0	0.01549	0	1.14144	0	0.68904	0.2861	0	0	0.58511	0	0	0	0	0	1.47896	2.8427	2.52299	0	0	0	0	0	0.46431	0.85084	0.70005	0.8888	0	0	2.0605	0	1.32805	0	0.84575	0.17846	0.63165	0	2.11786	0	0	0	0	0	0
"Bifidobacterium_bifidum"	0	2.98016	0	0	0	0	0	0.25033	0.60589	0.95353	0	0	0	0.17936	2.84222	3.18843	0	0	0	0	0	1.28295	0	0.77542	0	0	0	0	0	0.43997	2.69707	0	0	0	0	0	0	0	1.41788	4.40058	0.58486	4.99015	1.51297	1.56891	0	9.13126	6.29398	2.14776	0	0	0	0	0	1.63837	0.90738	1.10893	2.00927	1.46986	18.21428	0	0	0	0	0.05359	0	0	4.13064	7.97404	4.77397	0	6.28315	0	0	0.08688	1.56176	0.93205	0	0	0	0.65723	1.33013	5.36926	0	0	11.20754	1.95027	0	8.09797	0	0	0	0	0	0	0	0.08487	0	0	0	0	0.67731	7.77197	2.01951	0.68181	0	0.58947	0	1.41167	0	0	0	0	0	0.01919	0	0	0	0	0	0	0	0	0	0	0	2.73572	2.65483	0	0	0	0	0	0	0	0	0.95345	2.16031	0	0.11937	0	0	0	3.48639	0	0	0	2.98517	5.94251	1.4975	0	0	0	0	1.05618	2.27197	0	0	0	0	0	4.78209	1.13379	4.60003	0	4.32818	0	0	0	0	0	5.04446	0	0	2.27039	10.9042	0	0	0	1.73689	0	7.70151	1.12954	0	0	0	0	1.5211	0	0	0	10.18882	0	2.76048	0	6.46595	1.3494	0	0	0	0	0	1.57591	4.24905	0.24985	4.27772	0	0	0	0	0	3.96937	0.7145	1.5123	0	0	0	0	1.32652	0.41871	5.86372	2.52102	1.70345	0	0	0	0	0	0	0	0.79147	0	0	0	0	3.24621	2.30057	0	2.11783	0	7.19862	0	13.24571	0	0.18649	0	0	0	0.76168	1.0842	0	0	0.34476	0	0	0	0	1.38871	1.88399	0.0842	0	0	0	2.85492	0.02469	3.78868	0	0	0	0	0	0	1.53035	0	1.20747	0	0.15437	0	2.62459	0.92443	0.09232	0	0	0.69493	2.22474	0	0	0	0	1.58093	0.67811	4.69755	4.02233	0	0	0	0.10211	0	0	0	0	0	3.9567	0	0.90388	0	0	0	8.54168	0	0	0	1.35342	0	0	0	0	0	0	0.8136	0.43541	0	0.84478	0	0.56849	0	0	0	3.94961	5.64053	0	0	1.34751	2.78253	1.47707	2.82501	0	0	0	0	0	0.38118	0	0	0	0	0	0	0	0	0	0	0	0	0	0	3.63441	0	0	0	0	0	0	0	0	0	0	0	0.80485	0	0	0	0.94104	0	0	0	0	0	0	0	0	0	3.0968	0	0.26529	0	0	0	0.06341	2.07604	0	0	3.96216	0	0	0	9.71509	0	0	0	0.7108	0	0	0	0	0	0	0.62226	0	0	5.92574	0	0	2.50706	0	0	0	1.47199	0	2.18508	0	0	0	0	0	0	1.92557	4.55165	4.66624	0
"Dorea_longicatena"	0	0.98431	0	0	0	0	0	0	0.4418	1.74375	0.80163	0.20842	0.24536	0.36396	0	0	0	0	0	0	0	0	0.42281	0.19403	0.1586	0	0.1493	0	0	0.18687	1.26284	0.71586	0.27837	0.34507	0	0.41163	0.38607	0	0.15774	0.29514	0.11943	0	0	0	0.15801	0	0	0	0.11159	0.18332	0.26495	0	0	0	0	0	0.16045	0.67386	2.284	0	0	0.10451	0.41761	0.22383	0.41262	0	0	0	0	0	0	0	0	0.10245	0.11318	0.34248	0.27301	0	0	0	0	0	0	0	0	0.24993	0	0	0	0	1.09026	0	0	0.45417	0	0	0	0.12502	0	0	0	0.14859	0.1532	0	0.24435	0.10576	0.13164	0	0	0.97131	0.22601	0	0	0	0	0	0	0	0	0	0	0	0.47526	0.66309	0	1.75326	0.22214	0	0	0.57616	1.8021	0	0	0.97794	2.54277	0	0	0	0	0	0	0	0.26462	0.20769	0	0	0	0	0.39111	0.88095	0	0	0	1.01048	0	0.80823	0.40723	0	1.6472	0	1.00434	0	0	0.34227	1.94979	0	0	0.2902	0	0	0.75655	0	1.38748	0	0	0.75972	1.46965	0	0	0	0	0.69897	0	0	2.67835	1.86406	0.51495	0	0	0	1.73562	0.67748	0	0	0.61587	0	0.39295	0	1.03061	0.80717	0	0	1.25295	0	0	0.42595	0	0.46081	0	0	2.53296	0.32812	0.74358	0.61417	0.86943	0	1.52476	0	0.40974	1.14742	0	0	0	0	0	0.60831	0	0	0.68173	0.36277	0.1595	0.44532	0.95632	0.2055	1.29019	0.2766	0.40871	0.59419	1.60957	1.23935	0	0	0	0.51072	2.53298	0.89985	0.15795	0.2259	0.78837	0.45246	0	0	0	0	0	0	0	0.49275	0	2.70179	0	0	0.7724	0.07032	1.24457	0	0.51893	0.44634	0.45867	0	0	0.24934	0.55795	0.77825	0.46277	0	0.1539	0.57257	0	0.158	0	0.15763	0.74719	0.57749	0.43435	0.45294	0	0	2.16677	0	0.41605	0.98229	0	0.47133	0	1.7122	0	0	0	0.96939	0	1.17141	0.51347	0.38154	0	0	0	2.87807	0.80875	0.77588	0	0	0	0	0	0	0.26631	0	0.36408	0.47384	0.74518	0.39274	0	0.2183	0	0	0	0	0	0	0	0.23716	0	0	0	0	0.39933	0.22982	0	0.21106	0	0	0.57807	0	1.30529	0.99363	0	0	0	0.25471	1.47838	0	0.78707	0	0.35166	0	0	0	0	0	0.83664	0	0	2.05072	0	0	0	0.78438	0	0	0	0	0	0.22291	0	0	0.26573	1.77659	0	0	0	0	0	0	0.87756	0	0	0.25377	1.57128	0	1.14191	0	0.8387	0	0	0	0	0	0	0	0.78713	0	0	0	0	0	0.33734	0.47515	0	0.50122	0	2.64568	0.48964	0	2.40339	0	0	0	0.53964	0.50726	0	1.24098	0	0	1.37161	0.53929	0	0	0
"Clostridium_SGB4751"	0	0	0	0	0	0.10547	0.07279	0	0	0	0.03276	0	0	0	0	0	0	0	0	0	0	0	0	0.01554	0	0	0	0	0	0	0	0	0.10205	0	0	0	0	0	0	0	0	0	0	0	0	0	0	0	0.00646	0.0075	0	0	0	0	0	0	0	0	0	0	0	0	0	0	0	0	0	0	0	0	0	0	0	0.00732	0.01006	0.01585	0	0	0	0	0	0	0	0	0	0	0	0	0	0	0	0	0	0.06681	0	0	0	0	0	0	0	0	0	0	0	0	0	0	0	0	0	0	0.03362	0	0.00464	0	0	0	0	0	0	0	0	0	0	0	0	0	0	0	0	0	0	0	0	0	0	0	0	0	0	0	0	0	0	0.11853	0.0505	0	0	0	0	0	0	0	0	0.00652	0	0	0	0	0	0	0	0	0	0	0	0	0	0	0	0	0.20751	0.05687	0	0	0.00498	0	0.00724	0	0	0	0	0	0	0	0	0	0	0	0	0	0	0	0	0	0	0	0	0	0	0	0	0	0	0	0	0	0.03672	0	0	0	0	0.0162	0	0	0	0	0.06214	0	0	0	0	0	0	0	0	0	0	0	0	0	0	0	0.003	0	0	0	0	0	0	0	0	0.00118	0	0	0	0	0	0	0	0	0	0	0	0	0	0	0	0	0	0	0	0	0	0	0	0	0	0	0	0	0	0	0	0	0	0	0	0	0	0	0	0	0.00189	0	0	0	0	0	0	0	0	0	0	0	0	0	0	0	0	0	0	0	0	0.08056	0	0	0.02042	0	0	0	0	0	0	0	0	0	0	0	0	0.06041	0	0	0	0	0	0.45449	0	0	0	0	0	0	0	0	0	0	0	0	0	0	0	0	0	0.31614	0	0	0	0	0	0	0	0	0	0	0	0	0	0.10523	0	0	0	0	0	0	0	0	0	0	0	0	0	0.02415	0	0	0	0.07446	0	0	0	0	0	0	0	0.04454	0	0	0	0	0	0	0	0	0	0	0	0	0	0	0	0	0	0	0	0	0	0	0	0	0	0	0	0	0	0	0	0	0.03882	0.00068	0	0	0	0	0	0	0	0	0
"Allisonella_histaminiformans"	0	0	0	0	0	0	0.00841	0.01742	0	0.18646	0	0	0	0	0	0	0	0	0	0	0	0	0	0.05381	0	0	0	0	0.09145	0	0	0	0.11608	0	0	0	0	0	0	0.00111	0.00198	0	0	0	0	0	0	0	0	0	0	0	0	0.13617	0	0.13967	0	0	0	0	0	0	0	0.03529	0	0	0	0	0	0	0	0	0	0.00877	0.03976	0	0	0	0	0.17098	0	0	0	0	0	0	0	0	0	0	0	0	0	0.03778	0.05207	0	0	0	0	0	0	0	0	0	0	0.00988	0.00696	0	0	0	0	0	0	0	0	0	0	0	0	0	0.0602	0	0	0	0	0	0	0	0	0	0	0	0	0.29335	0	0	0	0	0.14151	0	0	0	0	0.01313	0	0	0	0	0	0	0	0	0	0.25959	0	0	0	0.02572	0	0	0	0	0	0	0	0.1267	0	0	0	0	0	0	0	0	0	0	0	0	0.05962	0	0.11676	0	0	0	0	0	0	0	0	0	0	0	0	0	0	0.14072	0	0	0	0	0	0	0	0.01808	0.01208	0	0	0	0	0	0.03101	0.18461	0.11936	0	0	0.00665	0	0	0.00797	0	0	0	0	0	0	0	0	0	0	0.08471	0	0.06887	0	0	0	0	0	0	0.03721	0	0	0.08573	0	0	0.06978	0	0	0	0.23333	0	0	0	0	0	0.12595	0	0	0	0.007	0	0	0	0.0681	0	0	0	0.10187	0	0	0	0	0	0	0	0	0	0	0	0	0	0	0	0.01516	0	0	0	0	0	0	0	0	0	0	0	0	0.01443	0	0	0	0	0	0	0	0.27315	0	0	0	0	0.05828	0	0	0	0	0	0	0	0	0.0902	0.01355	0	0	0	0	0	0	0	0	0	0	0	0	0.01066	0	0	0.08631	0.02327	0	0	0	0	0	0	0	0.01695	0	0	0	0	0	0	0	0	0	0	0	0	0	0	0	0	0	0	0	0	0	0	0	0	0	0	0	0.01828	0	0	0	0	0	0	0.30296	0	0	0	0	0	0	0	0	0	0.22194	0	0	0	0	0	0	0	0.19658	0	0	0	0	0	0	0	0	0.03513	0	0	0	0	0	0	0	0	0	0	0	0	0	0	0	0	0	0	0	0	0	0	0
"Clostridium_fessum"	0.70618	0.30635	0.14007	0.16457	0	0	0	0	0.48614	0.86414	0.0874	0.27466	0.44146	0	0	0	0	0	0.19111	0.32717	0.92667	0	0.20561	0.30879	0.08795	0	0.73274	0	0	0.19148	0.20484	0.44493	0.06158	0	0.36753	0.15968	0.61675	0.17197	0.21933	0.13567	0.38597	0	0	0	0.31065	0	0	0	0.22329	0.23228	0.43407	0.49283	0.34076	0.20094	0.40311	0.1841	0.08267	1.08333	0	0	0	0.29243	0	0.10181	0.04984	0.33983	0	0	0	0	0.00067	0	0.04578	0.10424	0.29823	0.0526	0.55275	0	0	0.26492	0.00991	0	0	0	0	0.2867	0	0	0.00054	0.5055	0.52587	0	0	0.27894	0.58767	0	0	0	0.2453	0	0	0.07655	0.24164	0	0	0.25465	0.18582	1.47207	0.41035	0	0.40459	0	0	0	0.35891	0	0	0	0	0.42134	0.46784	0	0	0	0	0	0	0.1607	0	0.54438	0.62581	0	0.61259	0.64271	0	0	0	0	0	0	0	0.42771	0	0	0	0	0.24809	0	0	0	0	0	0	0.3312	0.27369	0.81404	0.32106	0.39408	0.37456	0.45146	0	0	0	0.1773	0.03961	0	0.16445	0.14773	0	0	0	0	0	0	0	0	0.29725	0	0	0	0	0.26571	0	0	0	0.23018	0.24053	1.07913	0	0	0	0.32865	0.17106	0	0	0.43096	0.56541	0.26149	0	0.04962	0.78191	0.19864	0.01559	0	0.9465	0.27131	0	0.12121	0	0.11851	0.22001	0.2082	0.244	0.48934	0.06485	0.55103	0	0.16563	0.43168	0.22283	0	0.61514	0	0.2184	0.43602	0.22325	0	0.23886	0	0.38304	0.20859	0.23552	0.3054	0	0.04125	0.47627	0.0096	0	0.50062	0.34966	0	0.68848	0	0.02064	0.28204	0.44073	0.21419	0	0	0.27304	0	0	0.40622	0	0	0.2682	0.15755	0.18587	0.78054	0.27121	0	0.23959	0.0326	0.00478	0.03064	0	0.05989	0.2608	0.6451	0	0.06087	0	0.56462	0.353	0	0	0.0395	0.18222	0.68004	0.22885	0	0.34569	0	0.11393	0.85975	0.99268	0.56357	0.3851	0.49296	0.94858	0	0.35082	0	0	0.59121	0.09771	0.18257	0	0	0.41107	0	0.19117	0.28569	0.3129	0.26044	0.18592	0	0.02039	0.25641	0.06205	0	0	0.00621	0	0	0	0.24254	0	0.37388	0	0	0.18666	0	0	0	0	0	1.15887	0.32393	0	0	0.57959	0	0	0.09488	0.24275	0.57625	0.35542	0.29841	0.23233	0	0	0	0	0	0.67317	0	0	0	0.24134	0.56115	0	0	0.8518	0	0	0	0	0.24493	0	0.38456	0	0	0.21696	0.20733	0.06017	1.00735	0.40662	0	0	0	0	0	0.41232	0	0	0.08523	0.08439	0.32676	0	0	0	0	0.14329	0	0.35622	0.01025	0	0.51744	0	0	0	0.27593	0.06923	0.19222	0	0	0	0	0	0.4066	0	0	0	0	0.2947	0.23128	0.51817	0.25321	0	0	0.86737	0	0	0.3078	0	0	0	0.27957	0	0	0	0	0	0	0.68194	0	0.36363	0
"Blautia_obeum"	1.32026	0.40477	0.07586	0	0	0	0	0	0.16362	0.69296	0	0.01406	0.44154	0.23695	0	0	0	0	0.65653	0.57747	0	0	0	0.13181	0.0704	0	0.11871	0	0.15853	0	0	0.67795	0.45612	0.11378	0.10029	0.15331	0.6762	0.13997	0.19749	0.77238	0.14023	0	0	0.35327	0.0314	0	0	5.96344	0.40915	0.7018	0.36741	0	0	1.3907	0.15378	0.10219	0.1782	0	0	0.11363	0.36211	0.16516	0	0.14044	0.50971	0.37565	0.08498	0	0	0	0.07003	0	1.54227	0.27371	0.12348	0.16562	0.0169	0	0	0.05344	0.03399	0	0	0	0	1.19894	0	0	0	0.06547	0.30002	0	0	1.98054	0.73794	0	0	1.32157	0.13379	0	0	0.02388	0.22575	0	0	0	0.09948	0	0.93257	0.04144	0.25424	0	0.14751	0.25221	3.38985	0	0	0.78383	0	2.33316	0.56852	0	0.73018	0	0.38061	1.04695	1.50283	0	0	0.70614	0.07942	0	0	0.4502	0.54807	0	0	0	0	0	0	0.03521	0	0	0.09547	0	0.22495	0	0.91971	0	0	0	0.12899	0	0	0	0.105	0.0521	0	0.28551	0	0	0.13903	0.16137	0.27817	0	0	0.2593	0.29102	0.81645	1.65547	0	0	0	0	0.09684	0	0	0	0	0	0.37551	0.2932	0.28234	0	0.36281	0.54288	0.28551	0	0	0.47192	0.15572	0.13626	0.16946	0	0.82783	0.23014	0.72801	0.09677	1.74625	0	0.29501	0.86952	0	0.20364	0.11444	1.05538	0.13257	0.22378	0.82086	0.17106	1.37057	0.97953	1.19185	0.31544	0	0	0.93233	0.55442	0.47805	0	0	0	0.46534	1.35656	0.62238	0	0	0.21312	0.16261	0.10952	0.03863	0.14292	2.15604	0.71526	0.38649	0	0.27672	0.19103	0.45901	0	0	0.90372	0.09971	1.53417	0	0.02443	0.03581	0	0.03258	0	0	0	0	0.67737	0	0.59865	0.87673	0	0	1.8574	1.19125	0.13208	0.00669	0.06406	0.15913	0.21715	0.59242	0.30371	0.04799	0.39934	0.82588	0.25525	1.37216	0	0	0	0.28326	0.86654	0.23394	0	0	0.19244	0.22798	0.20072	0.16932	0	0.11985	0.51227	0.08017	0	0.04398	0.12165	0.06956	0	1.00666	0	0	0.115	0.08878	0	0.04562	0.57354	0.3352	0	0.05823	0	0.39188	0.29923	0	0	0	1.56918	0	0	0	0.29017	0.90958	0.05977	0.00775	0	0.11668	0	0.01128	0	0	0	0.14462	0.1027	0	0	0.85646	0.00461	0	0.47202	0.84869	0.1229	0.29928	0.12353	0.51846	0	0	0	0.67202	0.19659	1.51627	0	0	0.10333	0.11802	0	0	0.18902	0	2.27066	0	0.86179	0	1.55886	0.3291	0.94618	2.18282	0	0.26457	1.22298	0	1.74776	0	0	0	0	0.83266	0	0.41203	0.21406	0	0.6958	0.76274	0	0	0	0	0	0.37608	0.23705	0.39672	2.56465	0.00488	0.36155	0	0.00927	0	1.69272	0.20234	0	0	0.24028	0	0	0	0.01938	0	0	0	0	0	0	2.71203	0.28957	0	0	0	0	0	0.69303	0	0.3929	0	0.23279	0.76513	0	0	0	0	0	0.05679	0	0	0.30532
"Coprococcus_catus"	0.03927	0	0	0	0	0	0	0	0	0	0	0	0	0.00524	0	0	0	0	0	0	0	0	0	0.02779	0.19634	0	0.10029	0	0	0	0	0	0	0	0	0	0.23192	0.11736	0.01829	0	0.02265	0	0	0	0	0	0	0	0.14522	0.18462	0.11913	0	0	0	0	0	0	0	0	0	0	0.14486	0	0	0	0	0	0	0	0	0	0	0	0.0184	0.0022	0.01335	0	0	0	0.02421	0.07098	0	0	0	0	0.08771	0	0	0	0	0	0	0	0.16949	0	0.5645	0	0	0	0	0	0	0	0.17268	0	0	0	0	0	0	0	0	0	0	0	0	0	0	0	0	0	0	0	0	0	0.2257	0	0	0	0	0	0	0	0	0	0	0	0	0	0	0	0	0	0	0	0	0.22087	0	0	0	0	0	0	0	0	0	0	0	0	0	0	0	0	0	0.30883	0	0	0	0	0	0.50535	0.25765	0	0.28039	0	0	0	0.31635	0	0	0	0	0	0	0	0	0	0	0	0	0.0423	0.27953	0	0	0	0	0	0	0	0	0	0	0.53434	0	0.06607	0	0	0	0.16616	0.31265	0.15792	0	0	0.4851	0	0	0	0	0.1646	0	0.15821	0	0	0.25223	0	0.31367	0	0	0	0.08342	0	0.08178	0	0	0.2016	0.06324	0.453	0	0	0	0	0	0	0	0	0	0	0.08348	0	0	0	0	0	0	0	0	0	0	0	0	0	0	0	0.00974	0	0	0	0	0.08935	0	0	0	0.01109	0	0	0.54406	0	0	0	0	0	0	0	0.13342	0.00301	0.15612	0	0	0	0	0	0	0.51588	0	0	0	0	0	0	0	0	0	0	0.02643	0	0	0	0	0	0	0	0	0	0	0	0	0	0	0	0	0	0	0	0	0	0	0	0	0	0	0	0.18339	0	0	0	0	0	0	0	0	0	0	0	0.20257	0	0	0	0	0	0	0	0	0.11774	0	0	0.18639	0	0	0	0	0	0	0	0	0.1867	0	0	0	0	0	0	0	0	0	0	0	0	0	0	0	0	0	0	0.07517	0	0	0	0	0.26054	0	0	0	0	0	0	0	0	0	0	0	0	0	0	0	0	0	0	0	0.0972	0	0	0	0	0	0	0	0	0	0	0	0	0	0	0	0	0.04573	0	0	0.39905
"Lachnospiraceae_bacterium_Marseille_Q4251"	0	0	0	0	0	0	0	0.02757	0	0.04062	0	0.52724	0	0	0	0	0	0	0.24585	0.24743	0	0	0.33432	0.08224	0.03682	0	0	0	0	0	0	0.06393	0.02009	0	0.00489	0	0	0	0.01804	0.0185	0.0246	0	0	0	0	0	0	0	0.08674	0.12615	0.10236	0	0	0	0	0.02072	0.03837	0	0	0	0	0	0	0.05812	0.01376	0	0	0	0	0	0	0	0	0.04077	0.01163	0.04658	0	0.04632	0	0.0737	0.0032	0	0	0	0	0.129	0	0	0	0	0.35007	0	0	0.2694	0.13506	0	0	0	0.11573	0	0	0.139	0.24374	0.30588	0	0.0775	0.00592	0.07119	0	0	0	0.05832	0.33367	0	0.09631	0	0	0	0	0	0	0	0.16861	0	0.07393	0.05248	0.0358	0	0	0	0	0	0	0.05748	0	0	0	0	0.22373	0	0	0.0114	0	0	0	0	0.22545	0	0.03429	0	0	0	0	0	0	0	0	0	0	0	0	0.6401	0	0.08291	0	0	0.20811	0.03386	0	0	0	0	0	0	0	0	0	0	0	0	0	0	0	0	0	0.02199	0	0	0	0	0.02289	0.08194	0	0	0.26132	0	0	0	0	0	0	0.00428	0.03727	0	0	0.09256	0	0	0.05396	0	0	0	0.02673	0.13335	0.08083	0	0	0	0.14217	0.02704	0	0	0	0	0	0	0	0	0.2205	0.08367	0	0	0	0	0.16808	0.16808	0	0	0	0	0	0	0	0	0.1099	0.16934	0	0	0	0	0	0	0	0	0.22126	0	0.39568	0.25114	0.02133	0	0	0.0438	0	0	0	0	0.00484	0.09439	0.08062	0	0.0665	0.1626	0.13836	0	0	0	0	0	0.13511	0.11327	0	0	0	0	0.00394	0.0763	0	0	0	0	0	0	0	0	0	0.03365	0	0	0	0.02284	0	0.0078	0.17058	0.02006	0	0.05127	0	0.08511	0	0	0	0	0	0	0	0	0	0	0.03523	0.05326	0	0.19145	0	0.1242	0	0	0	0	0	0	0	0.01064	0	0.10816	0	0.13705	0	0.04507	0	0.02499	0	0.12164	0	0	0	0	0	0	0.00444	0.0743	0	0	0	0.12161	0	0	0	0	0	0	0	0	0	0	0	0	0	0	0	0	0	0	0	0.08383	0	0	0	0.04402	0	0	0	0	0	0	0	0.04415	0.09719	0.00886	0.26098	0	0.02848	0	0	0	0	0	0	0	0	0	0	0	0	0	0	0	0	0	0.10281	0	0	0	0.03939	0	0	0	0	0	0.13953	0	0	0	0	0	0	0.02967	0	0	0.0945
"Eubacteriaceae_bacterium"	0	0	0.10433	0	0.10031	0	0	0	0.22311	0	0	0.00249	0	0	0	0	0	0	0.04985	0	0	0	0	0.01669	0.02967	0	0.00222	0	0	0.2718	0	0	0	0	0	0.01152	0	0	0.08086	0.01385	0.00172	0	0	0.10138	0	0	0	0	0.03651	0.32086	0.15817	0.09807	0	0.12941	0	0	0	0	0	0	0	0	0	0	0.01784	0	0.02098	0	0	0	0.28322	0	0	0.16322	0.00367	0.00101	0	0	0	0	0	0	0	0	0	0	0	0	0	0	0	0	0	0.2438	0	0	0	0	0	0.80236	0	0	0	0.2263	0.3015	0	0	0	0	0	0	0	0	0	0	0	0	0.08039	0	0	0.0042	0	0	0	0.37558	0.34034	0	0	0	0	0	0	0	0	0	0	0	0.02642	0	0	0	0.0243	0.00384	0	0	0	0.29077	0	0	0	0	0	0	0	0.01526	0	0	0.05342	0	0	0	0	0.07544	0	0	0	0.04712	0.00154	0	0.03198	0.43363	0	0	0	0	0	0.09205	0.18188	0	0	0	0	0	0	0	0	0	0	0	0	0.17598	0.4043	0	0	0.1146	0	0	0	0	0	0	0.09608	0.64975	0	0	0.17007	0	0.01087	0.00505	0	0	0.12286	0.10204	0.12854	0.02779	0	0	0	0.05939	0	0	0	0	0.14189	0	0	0	0.09513	0	0.07422	0.14823	0	0.26423	0	0	0.01808	0.22719	0	0	0.01621	0	0	0	2.11889	0.30423	0	0.02569	0	0	0	0	0	0	0	0	0	0	0.05759	0.02328	0	0.11634	0	0.03892	0	0	0	0	0	0	0	0	0.15527	0	0.03982	0	0	0	0.22335	0	0.07049	0.0824	0.00393	0.20992	0.38581	0	0	0	0	0.02696	0	0.13757	0	0	0.02836	0	1.74878	0	0	0	0.08304	0	0	0	0	0.03343	0.19343	0.31423	0	0	0	0	0.00688	0.46203	0	0	0	0.01265	0	0	0	0	0	0	0.02837	0	0	0	0	0	0	0	0	0	0.04518	0.01673	0.08807	0	0.09118	0	0.02849	0	0	0	0.18923	0	0	0.06787	0	0	0.15033	0	0	0	0.00599	0	0	0	0	0.28152	0.11276	0	0	0	0	0.08247	0	0.01038	0	0	0	0	0	0.19381	0.01292	0	0	0	0.06546	0	0	0	0	0	0.18475	0	0	0	0.00729	0.13644	0	0	0	0	0.00804	0	0	0	0	0	0	0	0	0	0	0	0.06776	0.01464	0	0.09324	0	0	0	0.89889	0	0	0	0	0	0.07988	0.09953	0	0	0	0.58716	0	0.6533	0	0	0.25409
"Clostridium_leptum"	0.00585	0.31852	0.02813	2.8898	0	0	0.74547	0.1338	0.56441	0.00478	0	0	0.15765	2.86968	0	0	0.37911	0	0.15666	0.08573	0	0	0.46683	0	0.1015	0	0.01325	0	0.00199	0.51288	0	0.47948	0.01095	0.30392	0	0.04334	0	0	0.12757	0.03122	0.18726	0	0.17917	0.00678	0	0	0.00327	0.0908	0.00725	0.03273	0.12444	0.93612	0.17818	0.03629	0	0.01717	0.05224	0.0725	0	1.26164	0	0.19533	0	0.01797	0.33062	0.10571	0.1267	1.54246	0.15269	0	0.01436	0.02247	0.00032	0.51935	0.20474	0.71344	0	0	0	0.00713	0.87257	0.01848	0.10471	0	0	0.00693	0	0	0.01148	0	0.03056	0	0	0	0.00994	0	0	0	0.00397	3.478	0.32089	0.01434	0.55588	0.49101	0.09522	0.0252	0.00693	0.02101	0.0029	0	0.6261	1.2744	0	0.17755	0.08903	0	0	0.03087	0.01924	0	0.08107	0	0.36644	0	0	0.62508	0.14394	0	0	0.01502	0.00438	0.00371	0	0.21879	2.23676	0.13513	0	0	0	0	0.00828	0.09401	0.06832	0	0.12783	0	0.02093	1.08786	0.02399	0.23816	0	0.58087	0	0.03864	0.00651	0	0.36363	0.03751	1.06199	0	0.1505	0.02	0.80255	0.02614	0.03178	0.03946	0.69494	0.31541	0.0396	0.03865	0	0.00959	0.08204	0.19451	0.41109	0	0.08931	0.12179	1.73898	0	0	0	0	0	0.02576	0.02292	0.02381	0	1.28295	0.02102	0.9335	0.02411	0.54569	0.00144	1.04985	0.19599	0	0	0.13027	0	0	0.33271	0.43242	0	0.27051	0.00045	0.30288	0.1555	0	0.93927	0.29112	0.51066	3.43225	0.00387	0.06216	0.28119	0	0.89568	0	0.40536	8.93066	0.41407	0	0.86576	0.24465	0.17331	0.19681	0	0.20189	0.48432	0.00647	0.00475	0.01057	0.2844	1.02616	0.7188	0.38058	0.02666	0	0.02028	1.17937	0.17576	0	0.01495	0.54526	0	0.42371	0	0	0.01859	0.00428	2.97859	0	3.42438	1.03702	0	0.42378	0.0915	0.27968	0	0.06981	3.18087	1.26174	0	0	0	0.3677	0.03164	0.01465	0.05527	0.03265	0	0.00911	0.0082	0.1827	0.22095	0.06206	0.56159	8.36303	0.00664	0.48951	0.5624	0.03814	0.77621	0	0.03629	0.19555	0	0	0	0.13025	0.01822	0.03067	0	0	0.63251	0.02849	0.01228	0	0	0.27601	0	0.03366	0.0655	0.0219	0.10725	0	2.74693	0.04775	0.11643	0.13546	0.59317	0.10263	0	0	0	1.45928	0.0314	0.00607	0	0.05591	0.03113	0	0.02922	0.01075	0.03889	1.81971	0	0	0	0.1009	0.09643	0.39922	0.01956	0.13307	1.99846	0	0.07652	0.00028	2.32983	0.02135	0	0	0.31617	0.01384	0	0.34047	0.01524	0.0108	0	0	0.04481	0.04212	0	0.03679	0	0.22116	0.00795	0.00815	0.00277	0.54759	0.87126	0	0.72855	0.21822	0.36067	0.29339	0.03782	0	0	0.00123	0.17862	0.05814	0.01197	0	0.01235	0	0.52096	0.00162	0.1241	0	0	0	1.50271	0	0.29184	0.01054	0.00587	0.0062	0	0.34993	0	0	0.54445	0	0.03332	0	0	0.02868	0	1.58524	0	0	0	0	0	1.23403	0	1.02512	0.05624	0	0	0.11175	1.00119	0.0718	0.0034	0.07751	1.18282	0.08178	0.11685	0	0	0.11207	0	0	0.12579	0	0	0
"Alistipes_finegoldii"	0	0.29434	0	0	0.07146	0.00984	0.44064	0.67308	0.45769	0	0.13864	0	0	0	3.32563	2.1446	0	0	0.09647	0	0	0	0	0	1.00525	0	0.27027	0	0	0	0	0	2.11767	0	0	0	0.79637	0	0.0129	0.00705	0.72421	0	0	0	0	0	0	0	0.50857	1.0267	0	0	0	0.4529	0	0	0	0	0	0	0	0.03221	0	1.16589	3.97298	0	0	0	0	0	0	0	0	0	0.05373	0.45836	0	0	0	0	0.00117	0	0	0	0	0	0	0	3.57876	0.39741	0	0	0	0	0	0	0	0.08853	0	0	0	0	0	0	0	0	0	9.48864	0	0	0	0	0	0	2.5337	0	0	0	0	0	0	0	0	0	0.38463	0	0	1.27837	0.18635	1.63961	2.67495	0	0	0	0	0	0	0	0	0	0	0	0	0	0	0	0	0	0	0.02822	0	0.19629	0	0	0.22672	0.02031	0	0	0	0	0	0	0	0.0196	0	0.65571	0	0	0	0	0	0.26512	0	0	0	0	0	1.59736	0	0	0	0	0	0	0	0	0	0.00347	0	0	0.02761	0	0	0	0	0.07993	0.15222	0	0	0	0	1.14975	0.25089	1.57827	1.89815	1.19037	0.26673	0.91926	0	0	0	0	0	0	0.4872	0	1.06321	1.50719	0.02421	0	0	0	0	0.13775	0	0	0	0	0	0.01966	0	0	0	0.90409	0.28438	0.15853	0.30979	0.09584	0	0	5.63684	0	0	0	0	0	0	0	0	0.5545	0	0	0	0	0	0	0	0.38454	0	0	0	0	0	0	0	0	0	0	0	0	0	0	0.07394	0	0	0	0	0.99064	0	0	0	0	0	0	0.01719	0.02251	0	0	0	0	0	0	0	0	0	0	0	0	0	0	0	0.49135	0	0	0	0	0	0.10333	0	0	0	0	0.36378	0	0	0	0	0	0.39355	0.60797	0	0	0	0.12061	0	0	0	0	0	0	0	0.72179	0	0	0	0	0	0	0	0	0	0	0	0	0	0	0	0	0	0	0	0	0	0	0	0	0	0	1.38991	0	0	0	0.3141	0	1.08709	0	0.04005	0	0	0	0	0	2.00149	0.05688	0	0	0	0	0	0.0109	0	0	0	0.568	0	0	0	0	0.0261	0	0	0	0	0	0	0	0	0	0.00102	0	0.36879	0	0	0	0	0	2.0795	0	0	0	0	0	0	0	4.48985	0	3.35226	0	0	0	0	0	0.51457	0	0	0.06091	0	0	0
"Clostridiaceae_bacterium_AF18_31LB"	0	0	0.01993	0.50771	0	0	0.05471	0.27186	0.02529	0.07429	0.12112	0.28587	0	0	0	0	0	0	0.50111	0.35108	0	0	0	0.04024	0.10487	0	0.10293	0	0	0	0.06821	0	0.14356	0	0.12743	0.0176	0.11194	0.02645	0.01782	0.03849	0.02186	0	0	0	0.18996	0	0	0	0.04175	0.00926	0.05276	0	0	0	0	0.06262	0.06322	0	0	0	0	0.05205	0	0.08255	0.10025	0	0	0	0	0	0.01637	0	0.02735	0.05647	0.01884	0.06629	0	0	0	0.03667	0	0	0	0	0	0.01046	0	0	0.06182	0	0.06724	0	0	0.15427	0.07695	0.07869	0	0.13423	0.08882	0	0	0.00924	0	0	0.02396	0.07164	0.12389	0	0	0	0.07273	0	0.06695	0	0.15694	0	0	0	0	0	0	0	0	0	0	0.18411	0.09386	0	0	0	0	0	0	0.28556	0.09923	0	0	0	0	0.10891	0	0.19074	0.03329	0	0.05643	0	0.11835	0	0	0	0	0	0.06816	0	0	0.04428	0.05893	0.00406	0.15085	0.01764	0.0563	0	0	0.1024	0	0	0.00903	0.10932	0.08785	0.10874	0	0.09376	0	0.06315	0	0	0	0	0.06506	0	0	0	0	0	0.07266	0	0.04261	0	0	0	0	0.12891	0	0	0	0.05519	0	0	0.19546	0.35389	0.43646	0	0	0	0	0.02762	0.00105	0.02921	0.27044	0.15662	0.02925	0.09449	0.06098	0.05813	0	0	0	0	0.15251	0.02864	0	0	0	0.03726	0.01177	0	0	0	0.19314	0.02838	0.04836	0.01925	0.01581	0	0.05248	0.03462	0.17614	0	0	0.04968	0	0	0	0.00664	0.11042	0	0	0	0	0.12514	0	0	0	0	0	0.02792	0.06998	0.06423	0	0	0	0.04358	0	0	0.00328	0.09903	0.02578	0	0.20265	0	0	0	0.10152	0.18148	0	0	0.00957	0.14197	0.09392	0	0	0	0.06174	0.02543	0.00616	0.0698	0.11005	0.10809	0	0	0	0	0.03692	0	0	0	0	0	0	0.11488	0	0.02369	0.274	0.02327	0	0.12247	0.24515	0.00686	0.58347	0	0.04489	0.12534	0	0	0	0	0.14092	0.0417	0.12813	0	0	0	0	0.0623	0.12573	0	0.21174	0	0	0	0	0.06712	0	0	0.00961	0.08218	0	0.11629	0.07311	0.02237	0	0	0	0.17502	0	0.13436	0.2554	0	0.16196	0.08548	0	0	0.16497	0.07759	0	0	0	0	0.02428	0.07548	0	0	0	0.06653	0.03014	0	0	0	0	0	0	0.1389	0	0.26133	0.00972	0	0.15328	0	0	0	0	0	0	0.02071	0	0.06883	0	0	0.15774	0	0	0	0.17576	0.08287	0.14529	0	0.0886	0	0	0	0.05142	0	0	0	0.45989	0.05396	0	0	0	0	0	0	0	0	0.04459	0	0.02793	0	0.06573	0.04032	0	0	0.49208	0	0	0	0	0	0
"Lacrimispora_celerecrescens"	0	0	0	0	0	0	0	0	0	0	0	0	0	0	0	0	0	0	0.3453	0	0	0	0	0.04624	0	0	0	0	0	0	0.01986	0.63955	0	0	0.03848	0	0	0	0	0.01785	0	0	0	0	0	0	0	0	0.0329	0	0.41053	0	0	0	0	0	0	0	0	0	0	0	0	0	0	0	0	0	0	0	0	0	0	0.01751	0.00521	0.11127	0	0	0	0	0	0	0	0	0	0	0	0	0	0.13725	0.17859	0	0	0.16105	0	0	0	0.20923	0	0	0	0	0	0	0	0	0	0	0	0	0	0	0	0	0	0	0	0	0	0	0	0	0	0	0	0	0	0	0	0	0	0	0	0	0.62775	0	0	0	0	0	0	0	0	0	0	0	0	0	0	0	0	0	0	0	0	0	0	0	0.5753	0.13119	0	0	0.89841	0.26174	0	0	0	0	0	0	0	0.65886	0	0	0	0	0	1.16374	0	0	0	0	0.68151	0	0	0.29836	0	0	0	0	0.19397	0	0	0	0	0	0	0	0	0	0	0.60539	0.53421	0	0.02679	0.19966	0	0	0	1.54358	0.15527	0	0	0.23577	0.42605	0	0	0	0	0	1.20244	0	0	0	0	0	0	0	0	0	0	0.06589	0.42857	0	0.54785	0.25166	0	0	0	0	0	0	0	0	0	0.2665	0	0.11891	0	0	0	0	0	0	0	0	0	0.45299	0	0	0	0	0.34641	0.02615	0	0	0	0	0.24137	0	0	0	0	0	0	0	0	0	0	0	0	0	0.15563	0.46766	0.0198	1.11769	0	0	0	0	0	0	0	0	0	1.45108	0.68386	1.4068	0.12766	0	0	0	0	0.51818	0	0	0	0	0	0	0	0	0	0	0	0	0	0.18754	0	0	0	0	0	0	0	0	0	0	0	0	0	0.05131	0	0	0	0.25342	0	0.40415	0	2.34416	0	0	0	0	0	0	0	0	0	0	0	0	0	0	0	0	0	0	0	0	0	0	0	1.85892	0	0	0	0	0	0	0	0	0	0.18656	0	0	0	0	0	0	0	0	0	0	0.96685	0.68346	0.78781	0	0	0	0	0	1.27234	0	0	0	0	0	0	0	0	0	0	0	0	0	0	0	0	0	0	0	0	0	0	0	0	0	0.19009	0	0	0	0	0	0	0	0	0	0
"Clostridium_sp_AF34_13"	0	0	0	0	0	0	0	0	0.00624	0	0	0.47743	0	0	0	0	0	0	0	0	0	0	0.1492	0.15046	0	0	0	0	0	0	0	0	0	0	0	0	0	0	0.05686	0	0	0	0	0	0	0	0	0	0	0	0	0	0	0	0	0	0	0	0	0	0	0	0	0	0	0	0	0	0	0	0	0	0	0.03813	0	0	0	0	0	0	0	0	0	0	0	0	0	0	0	0.2044	0	0	0	0	0.47039	0	0	0	0	0	0	0	0	0.03975	0	0	0	0	0	0	0	0	0	0	0	0.20037	0	0	0	0	0	0	0	0	0	0.89765	0	0	0	0	0	0	0	0	0	0	0	0	0	0	0	0.03504	0	0	0	0	0	0	0	0	0	0	0	0	0	0	0	0	0	0.04915	0.01586	0	0	0	0	0	0	0.0033	0	0	0.17962	0	0	0	0	0	0	0	0	0	0	0	0	0	0	0	0.00432	0	0	0	0	0	0	0	0	0	0	0	0	0	0	0	0	0	0	0	0	0	0	0	0	0	0	0	0	0	0	0	0	0	0.02321	0	0	0	0	0	0	0	0	0	0.06799	0	0	0	0	0	0	0	0	0	0	0	0	0	0	0.42436	0	0	0	0	0	0	0	0	0	0	0	0	0	0	0	0	0	0	0	0	0	0	0	0	0	0	0	0	0	0	0	0	0	0.21977	0	0.18314	0	0	0	0.07765	0	0	0	0	0	0	0	0	0	0	0	0	0	0	0	0	0.10308	0.0251	0	0	0	0	0	0	0	0	0	0	0	0	0.3686	0	0	0	0	0.23527	0	0	0	0	0	0	0	0	0	0	0	0	0	0	0	0	0.19847	0	0	0	0	0	0	0	0	0	0	0	0	0	0	0	0.00652	0	0	0	0	0.57535	0	0	0	0	0	0	0	0	0	0	0	0	0	0	0	0	0	0	0	0	0	0	0	0	0	0	0	0	0	0	0	0	0	0	0	0	0	0	0	0	0	0	0	0	0	0	0	0	0	0	0	0	0	0	0	0	0	0	0	0	0	0	0	0	0	0	0	0	0
"Bacteroides_fragilis"	1.05845	3.05496	2.38729	5.4827	0.78161	0.31263	2.31648	0.97203	0.27794	8.95558	8.49217	1.63648	7.12146	0.62946	0.70229	2.63713	0.14249	9.06542	0.54239	0.35124	5.67719	1.26915	0.34	0	0.41075	18.24981	0.62607	1.77067	0.15112	0.14075	3.9694	0	2.15844	6.45919	3.14012	0.11306	0	11.94049	2.11796	2.26782	1.28503	1.10868	0.05473	0.06273	4.45784	0	0.13881	0.20311	1.56327	0.85181	1.26836	5.0958	0.60589	0.27931	1.50053	0.10706	0	0	0	1.37398	7.71718	0.00214	0.85918	0.28544	0.37143	0.17545	0	0	0	0.14979	1.8036	21.4226	11.67072	1.98786	3.92073	3.64268	22.24735	3.83705	28.73397	0.00333	0.13212	10.88173	2.2054	50.69163	0.00052	1.12971	5.38125	0	27.26217	0.046	1.76122	0.87952	4.70869	0.00308	0	1.70471	1.3777	1.09541	0	0	0	10.16394	12.25674	0	0	0.59561	0	2.61614	1.66854	4.22198	1.17386	0.42824	2.30033	1.83306	1.78688	6.3941	5.16515	0	4.10456	0.01042	0.69712	1.35608	5.69871	4.05415	0.34624	0.01778	0.11908	0.52687	4.32734	1.85522	3.94348	1.39149	4.90819	1.18938	6.6343	22.10036	1.34689	1.55009	2.43067	0.12055	0.00736	2.47186	0.89954	4.1318	30.57931	2.32636	3.70572	2.94767	3.26929	0.93148	8.01476	8.09984	0.40792	2.21102	0.40257	2.06383	4.52737	8.34962	1.12798	0.80395	4.11878	0.80328	1.54932	0.0109	5.16972	0	1.85516	0	0.28347	0.49111	8.0224	0.19244	1.42793	1.9773	5.69547	11.25472	1.58803	0.11531	0.06062	0.93605	2.0961	0.76014	4.58766	0.88428	0.72292	0.02987	2.26202	11.33985	14.38141	0	0.43202	0.38309	0.9559	5.57783	6.42172	0.04833	0.22786	10.45956	0	0.19744	13.048	1.20306	0.61334	6.47983	0.89375	2.7081	1.93771	0.8155	0.00022	1.50179	0.03999	0.90233	0.6458	0.01341	2.47852	1.67275	1.95019	8.14593	1.75562	0.00706	1.5219	2.84785	3.98433	0.3165	9.55388	1.52897	4.76753	0.44977	1.15917	0.31538	0.01171	0.10051	0	0	0	0.14883	0.74041	0.30092	0.45741	1.34954	1.79326	1.13623	1.91489	0.44465	0.18182	11.06871	3.64239	0.00079	0.26067	10.86663	6.04751	2.38319	2.34432	1.16606	0.19144	0.57158	1.47903	0	0.61429	0.9448	0	0.00435	0	0	27.61675	0.2276	0.2193	0.14434	0.21329	2.33543	6.25111	0.04336	0.19465	0	3.45955	2.49568	2.1456	2.46439	1.04932	1.48146	6.66931	0.82843	0	0.68953	0	1.7679	0.18678	1.51607	2.92934	2.3918	0.03205	1.69461	0.42709	0.17237	0.46231	0.29012	0.03664	0.41734	0.04158	0.82043	8.2976	0	0.08218	0	1.28409	1.02637	3.154	0.19619	1.83653	5.94948	1.51932	1.37537	0.62201	5.58497	18.54261	0.00149	2.64165	5.24974	0.08239	0	6.36031	1.17232	12.52199	1.8785	2.5171	6.4296	0.45176	0.83556	0.95152	0.66543	2.59776	0	5.68238	8.78838	0.36827	0.07916	4.60946	0.80509	4.11825	0.57323	2.16711	1.62982	5.06613	0	0.49733	1.22398	15.95014	20.22403	0.75174	1.03029	0.11845	0.11198	0.00291	1.26923	2.33989	0	6.68989	0.24408	0.38791	3.2713	0.79957	0.68448	13.62756	0.249	0.17885	10.09677	0.20671	7.11309	4.19622	0	10.4044	3.55928	0.1635	2.42796	0.21722	1.72096	6.0731	1.01933	3.63451	3.90554	0.93177	1.33665	3.63138	0.11846	0.3815	0	0	0.01145	1.10983	16.10004	0.78723	0.45354	2.01191	3.77404	1.32582	2.5065	1.86296	8.0367	1.96533	19.76295	0.80993	23.54202	0	5.59934	0	0.70361	2.20653	10.60488	3.26499	0	9.67805	1.0307	3.45688	2.44224	0	0.35564	2.10841	0	1.00624	0.59199	1.76064	2.32337	0.06209	0	0	1.12214	2.81301	0.92208	0.33892
"Eubacterium_ramulus"	0.52235	0	0	0	0	0	0.18292	0.10177	0.18054	0.58613	0	0	0	0	0	0	0	0	0.16443	0.07826	0	0	0	0.06347	0.05541	0	0.35338	0	0	0.1111	1.08614	0.04206	0.07884	0	0.26764	0.06294	0.70379	0.5498	0.03745	0.04543	0.06812	0	0	0.45585	0.0933	0	0	0	0.09935	0.2556	0.09016	0	0	0	0	0	0.05395	0	0	0	0	0.09803	0	0	0.17067	0	0	0	0	0	0	0	0	0.03375	0.00409	0.00097	0.6417	0.05239	0	0	0	0	0	0	0	0.09405	0	0	0	0	0.58357	0	0	0.25296	0	0	0	0	0	0	0	0	0	0	0.07146	0.03259	0.10714	0	0	0	0	0	0	0	0	0	0	0	0	0	0	0	0	0	0	0.16968	0	0.02423	0	0.3338	0.1028	0	0	0	0.27262	0	0	0	0	0	0	0.09314	0.20643	0	0	0	0.63553	0	0	0	0	0	0	0	0	0	0	0	0.69031	0	0	0.12318	0	0	0.00294	0	0	0	0.20511	0	0	0.0729	0.35991	0.15847	0	0.25919	0	0	0	0	0	0	0	0	0	0.17231	0	0	0	0	0.16003	0	0	0	0	0	0	0	0.38011	0	0	0	0	0	0.12904	0	0	0	0.08064	0	0.09275	0	0	0.06895	0.09118	0	0	0	0.02897	0.15715	0	0	0	0.02607	0	0	0	0	0.31217	0.07953	0.06351	0.06306	0.48084	0	0.18137	0.15901	0	0	0	0	0	0	0	0	0.40617	0	0.21365	0	0.10402	0.06097	0	0	0	0	0	0	0.12021	0.11709	0.00765	0	0	0	0	0.00018	0	0	0.10527	0	0.09077	0	0	0	0.3153	0.52871	0	0	0	0	0.07409	0.10998	0	0	0	0.25092	0.03532	0.91153	0	0.14436	0.26919	0.08426	0	0	0	0	0	0.68205	0.29719	0.28225	0	0	0	0	0.24895	0.03555	0	0	0	0	0.24063	0	0	0	0	0	0	0	0	0.37351	0	0.15614	0	0	0	0	0	0	0	0	0.36632	0	0	0	0	0	0.09606	0	0	0.05709	0.37845	0.14321	0	0	0	0.35494	0.38712	0	0	0	0	0.08186	0.66018	0	0	0	0	0	0	0	0	0.45906	0.10135	0	0	0	0.43506	0	0	0	0	0	0	0	0	0.30334	0.07311	0	0.45675	0.0326	0	0	0	0	0	0.10633	0	0	0	0.02457	0.14707	0	0	0	0	0	0	0	0	0	0.35675	0	0.40229	0	0	0	0	0.13812	0	0	0	0.00568	0	0	0	0	0	0	0	0	0	0.21905	0	0	0	0	0	0	0	0	0
"Clostridium_SGB4750"	0	0	0.00393	0	0.28158	0	0	0.08374	0.06527	0.03584	0.03337	0.02035	0.1842	0.08822	0	0	0	0	0.26198	0.21774	0	0	0.15505	0.03526	0.03529	0	0.01001	0	0	0	0	0.01474	0	0	0.52241	0.04683	0.01915	0	0.04173	0.05431	0.04072	0	0.17796	0.04503	0	0	0	0	0.02211	0	0.04002	0	0	0	0.07778	0.0537	0.0101	0	0	0	0	0.03993	0.12416	0.02603	0.00807	0.2134	0	0	0.53385	0	0	0	0	0.00872	0.04321	0.13003	0.3023	0	0	0.25909	0	0	0	0	0	0	0	0	0	0.12572	0.07493	0	0	0.05275	0.02797	0	0	0.0407	0.0658	0	0	0.00923	0.0522	0	0	0	0.05001	0	0	0	0.50142	0	0	0	0.08285	0	0	0	0	0.11095	0	0.4282	1.62474	0	0	0	0	0.07149	0.81767	0.04991	0.03194	0	0	0.08886	0.05958	0	0	0	0	0.15093	0.55028	0.0172	0.02625	0.02104	0	0	0.50141	0	0	0	0	0	0	0.55029	0.33507	0.04926	0	0.03191	0.0197	0.02183	0	0.47327	0	0.08045	0	0	0	0.0288	0.04031	0.02878	0.00068	0.05773	0	0.04605	0	0.26413	0	0	0.24144	0	0	0.10549	0	0	0.01564	0	0	0.02998	0.29244	0	0	0.01734	0	0	0.02943	0.02311	0	0.07569	0.03162	0	0	0.03375	0	0	0.3907	0.03089	0.16079	0	0.13977	0.04408	0.03907	0.3895	0.17901	0.05502	0	0.04007	0	0.12562	0.0069	0.04132	0	0	0	0.11634	0	0	0	0	0.07388	0.01371	0.03912	0.03179	0.00374	0	0	0.01251	0	0	0.27448	0.03897	0	0	0.55791	0.00265	0.03919	0.23294	0.0333	0	0	0.03971	0	0.20248	0	0	0.35601	0.18094	0.02714	0.01045	0	0.03466	0.10799	0.12225	0	0	0	0	0	0.03585	0.04904	0	0	0.06382	0.13684	0.05381	0	0	0.0117	0.02719	0.29869	0.06623	0	0	0.36799	0.01248	0.12632	0.14262	0	0	0.13919	0.03092	0	0	0.02098	0	0	0	0	0	0.28149	0.05089	0	0.03277	0.04164	0.15358	0.28661	0.0166	0.25634	0	0.08697	0	0.04932	0	0	0	0.25957	0	0.18385	0	0.04797	0	0	0.02416	0	0.08111	0	0	0	0	0	0	0	0.00422	0	0.94278	0.04788	0.12896	0.05476	0.02686	0.04006	0.13474	0	0.08038	0	0	0.13062	0	0	0	0	0.09415	0	0	0	0.03926	0.04359	0	0.30668	0.1709	0	0	0	0	0.0994	0	0	0	0.19327	0.09664	0	0	0	0	0	0.04448	0.04992	0	0.03836	0.18439	0	0	0	0	0.94838	0.03557	0	0.03959	0	0.01232	0.0561	0	0	0	0	0	0.17752	0	0	0	0	0	0.02553	0	0.00797	0	0	0.04304	0.04943	0	0	0	0	0	0	0.00994	0	0	0	0	0.02025	0	0	0	0	0	0	0.29467	0	0	0.55873
"Dialister_invisus"	0	0	0	0	1.63206	0.01832	0.62557	0.00129	0	0	0	0	2.66424	0.92666	2.02313	2.97236	1.61011	0	0	0	0.02926	0.03099	2.33811	0.00483	0	0.22679	0	0.03772	0	0.00739	0	0.25972	0.31118	0	0	0.08234	0	0	0.36842	0.10036	0.43667	0	0.08094	0.01071	0.10482	0	0	0.10454	0.00404	0	0.48849	0	1.23094	0	0	0	0	0.03341	0.25782	0.07074	1.8742	0	0	1.31231	0	0	0.36089	0	0	0	0	0.00261	0	0.63731	0.41915	0.29911	0	0.77805	0	0	0	0	1.28815	0	0.32205	0	0	0	0.17551	0.92614	0	0.09329	0.75289	0.06083	0	0.74916	0	0.00183	2.14622	0	1.28607	2.35422	0.73947	1.66118	1.96196	0.03094	0	1.74587	0.02519	0	0.7915	0	0	0	0.02144	0	0	0	3.20382	1.35758	0	3.28586	2.98015	0.79646	1.46811	1.78571	0	0	0.01698	0	0.16557	0.0236	0.43442	0	0	0	0	0.00652	0	2.99406	0	0	0.00067	0	0	0	0.08651	0	0	0	0	0	0	1.97853	0	0.00099	0	0	0	0.04024	0	0	0.22402	0.00116	0	0	0	0	0.00142	1.56866	0.73613	0	0	0.10414	0.78119	0.00544	0	0	0.09937	1.1408	1.22381	0.0308	0.44829	0	0.2349	0.01349	0	0	0	0	0	0.11527	0	0	0	0	0.02925	0	0	0	0	0	0.01335	0	0	0	0	0.82673	0	3.63231	0	0	0.00253	0.12968	0	0	2.1645	0	0	0	0	0.99687	0.10707	0	0	0	0	0.00486	3.91333	0	0.44981	0.89052	0	0	0	0	0	0	0	0	1.67731	0	0.01098	0.53356	0.48116	2.44249	0	1.75102	0	0	0.67737	0	0	0	0	0	1.42314	0	0	0.35834	0	0.00271	0	0	0	0.30101	0	0	0.91926	0	0	0	3.98427	0	0	0	0.59642	0.61161	0	0	0.09498	0	0	0	0	0	0	0	1.81693	0	0	0.23418	0	0	0	0	1.74099	1.15135	0.80958	0.04999	0.92721	0.07307	0.02875	0.07438	1.842	0	0	0	0	0.12275	0	0.22467	0	0	0.05223	0	0	0	0	0	0	0.00085	0	0.02493	0	0	1.28676	0	0	0.17229	0.36547	0	0	0	0	0	0	0	1.51989	0	0.05931	0.01904	0.01505	0	0	0.11961	1.56904	0	0.00367	0	0	0	0	2.25232	1.67687	0.37886	0.59404	0	0	0.00948	0	1.12894	1.14602	0	0.03739	0.10127	0.03237	0.01023	1.457	0	0.03519	2.89223	0	0	0	0	2.74382	0	3.6984	0	0	0	0.88183	0	0	0	0	0.92005	0.29736	0	0.51099	0	1.33089	1.05602	0	1.32028	2.48432	1.75544	1.73963	1.03597	0	1.98584	0	0	2.41928	0	1.58127	0.6764	0.98505	0.03667	0	0	0	0	0	0	0	0	0	0.22665	0	0	0.00236	0.01768	0.20208	1.64307	0.51691	0	1.51566
"Ruminococcus_lactaris"	0	0	0	0	0	0	0	0	0	0	0	0.0192	0	0	0	0	0	0	0.48153	0.50885	0	0	0	0.01794	0.14779	0	0.03059	0	0	0	0	0	0	0	0.18759	0.11203	1.94078	0	0.22206	0.3006	0.05962	0	0	0	0	0	0.04371	1.19768	0	0	0	0	0	0	0.13716	0	0	0	0	0	0	0	0	0	0	0	0	0	0	0	0	0	0	0.07914	0.05369	0	0	0	0	0	0	0	0	0	0	0	0	0	0	0.31752	0	0	0	0	0.65176	0	0	0	0	0	0	0	0	0	0	0	0	0	0	0	0	0	0	0.32855	1.07026	0	0	0	0	0	0	0	0	0	0	0	0	0	0	0.04977	0.78648	0	0	0	1.07788	0	0	0	0	0	0.83148	0	0	0	0	0	0	0	0	0	0	0	0	0	0	0	0	0	0	0.10759	0	0	0	0.83677	0	0	0	0	0	2.20245	0	0	0	0	0	0	2.07448	0	0	0	0	0	0	0	0	0	0	0.10965	0	0	0	1.85366	0	0	0	0	0.00961	0	0	0.13549	0	0	0	0	0	0	1.06802	0.502	0	2.08299	0	0	0	0	0	4.85101	0	0	0.05892	0	0	0	0	0	2.57438	0.38184	0	0	0	0.03773	0	0	0	0	0	0	0	0	0	0	0.38808	0	0	0	0	0	0	0	0	0	0	0	0	0	0	0	0	0	0	0	0	0	0	0	0	0	0	0	0	0	0	0	0	0	0	0	0	0	0	0	0	0.28391	0	0	0.23597	0	0.82429	0	0	0	0	0	0	0	0	3.08736	1.89579	0	0	0	0	0	0	0	0	0	0	0	0	0	2.35485	0	0	0	0	0	0	0	0	0.95547	0	0.00486	0	0	0	0	0	0	0	0	0	0.15568	0	0	0	0.66666	0	0.0198	0	0.3834	0	0	0	0	1.69069	0	0	0	0	0.24563	0.49184	0	0	0.82827	0	0	0	1.08999	0.95852	0	0	0	0	3.21471	3.86829	0	0.29972	0	0	0	0	0	0	0.01297	0	0	0	0	0	0	0	0	0	0	0	0	0.16699	0	0	0	0	0	0	0	0	0	0	0	0	0	0	0	0	0	0	0	0	0	0	0	0	0	0	0	0	0	0	0	0	1.83298	0	2.51273	3.44061	1.85486	0	0	0	0	0
"Blautia_stercoris"	0	0	0	0	0	0	0	0	0	0	0	0.0401	0	0	0	0	0	0	0	0.53193	0	0	0	0.12248	0	0	0	0	0	0	0	0	0	0	0	0	0.78145	0	0.11565	0	0	0	0	0	0	0	0	0	0	0	0	0	0	0	0	0	0	0	0	0	0	0	0.60519	0	0	0	0	0	0	0	0	0	0	0.10831	0.00673	0.0287	0	0	0	0	0	0	0	0	0	0	0	0	0	0	0	0	0	0.65349	0.45628	0	0	0	0	0	0	0	0	0	0	0	0	0	0	0	0	0	0	0	0	0	0	0	0	0	0	0	0	0	0	0	0	0	0	0	0	0	0	0	0	0	0	0	0	0	0	0	0	0	0	0	0	0	0	0	0	0	0	0	0	0	0	0	0	0	0	0	0	0	0	0	0	0.41212	0	0	0.65862	0	0	0	0	1.21239	0	0	0	0	0	0	0	0	0	0	0	0	0	0	0	0	0	0	0	0	0	0	0.27352	0	0	0	0	0	0	0	0	0	0	0	0	0	0	0	0	0	0	0	0.22134	0	0	0	0	0	0	0	0	0	0	0.0205	0	0	0	0	0	0	0	0	0	0	0	0	0	0	0	0	0	0	0	0	0	0	0	0	0	0	0	0	0	0	0	0	0	0	0	0	0	0	0	0	0	0	0.06057	0	0	0	0	0	0	0	0	0	0	0	0.03283	0	0	0	0	0	0	0	0	0	0	0	0	0	0	0	0	0	0	0.03366	0	0	0	0	0	0	0	0	0	0	0	0	0	0	0	0	0	0	0	0	0	0	0	0	0	0	0	0	0	0	0	0	0	0	0	0.04239	0	0	0	0	0	0	0	0	0	0	0	0	0	0	0	0	0	0	0	0	0	0	0	0	0	0	0	0	0	0	0	0	0	0	0	0	0	0.13582	0	0	0	0	0	0	0	0	0	0	0.28972	0	0	0	2.39262	0	0	0	1.5595	0	0	0	0	0	0	0	0	0	0	0	0	0	0	0	0	0	0	0	0	0	0	0	0	0	0	0	0	0.1944	0	0	1.15792
"Clostridiaceae_bacterium_Marseille_Q4149"	0	0	0	0	0	0	0	0	0	0	0	0	0	0	0	0	0	0	0	0	0	0	0	0.32323	0	0	14.14301	0	0	0	0	0	0	0	2.17328	40.86602	0	0	0	0.04291	0	0	0	0	0	0	0	0	0.87108	0	0	0	0	0	0	0	0	0	0	0	0	0.27538	0	0	0	0	0	0	0	0	0	0	0	0	0	0	0	0	0	0	0	0	0	0	0	0	0	0	0	0	0	0	0	0	0	0	0	0	0	0	0	0	0	0	0	0	0	0	0	0	0	0	0	0	0	0	0	0	0	0	0	0	0	0	0	0	4.78248	0	0	0	0	0	0	0	0	0	0	0	0	0	0	0	0	0	0	0	0	0	0	0	0	0	0	0	0	0	0	0.82136	0	0	0	0	0	0	0	0	0	0	0	0.10023	0	0	0	0	0	0	0	0	0	0	0	0	0	0	0	0	0	0	0	0	5.18522	0	0	0	0	0	0	0	0	0	0	0	1.10683	0	0	0	0	0	0	0	0	0	0	0	2.18554	0	0	0	0	0	0	0	0	0	0	0	0	0	0	0	0	0	0	0	0	0	0.62639	0	0	0	0	0	0	0	0	0	4.10572	0	0	0	0	0	0	0	0	0	0.6467	0	0	0	0	0	0	0	0	0	0	0	0	0	0	0	0	0	0	0	0	0	0	0	0	0	0	0	0	0	0	0	0	0	0	0	0	0	0	0	0	0	0	0	0	0	0	0	0	0	0	2.85395	0	0	0	0	0	0	0	0	0	0	0	0	0	0	0	0	0	0	0	0	0	0	0	0	0	0	1.4437	0	0	0	1.25764	0	0	0	0	0	0	0	0	0	0	0	0	0	0	0	0	0	0	0.05069	0	0.48524	0	0	0	0	0	0	0.19458	0	0	0	0	0	0	0	0	0	0.79179	0	0	0	0	0	0	0	0	0	0	0	0	0	0	0	0	0	0	0	0	0	0	0	0	0	0	0	0	0	0	0	0	0	0	0	0	0	0	0	0	0	0	0	0	0	0	0	0	0.05731	0	0	0
"Lachnospiraceae_bacterium_BX3"	0	0.00294	0	0	0	0	0	0	0	0.00134	0	0	0.03048	0.04844	0	0	0	0	0	0	0	0	0	0	0.01158	0	0	0	0	0	0	0.15037	0.04593	0	0	0	0	0	0.01061	0.02787	0.01014	0	0	0.2587	0	0	0	0	0.10038	0.0233	0.03262	0	0	0	0	0	0	0	0	0	0	0	0	0	0	0	0	0	0	0	0	0	0	0	0.00062	0.00904	0	0	0	0	0	0	0	0	0	0	0	0	0	0	0.07796	0	0	0	0	0	0	0	0	0	0	0	0	0	0	0	0.01235	0	0	0	0	0	0	0	0	0	0	0	0	0	0	0	0	0	0	0	0	0	0	0	0	0	0	0	0	0	0	0	0	0	0	0	0	0	0	0	0.60001	0	0	0	0	0	0	0	0	0	0	0	0	0.00355	0	0	0	0	0	0	0.18405	0	0	0	0	0	0	0.26084	0	0	0	0	0	0	0	0	0	0	0	0	0	0	0	0	0	0	0	0	0	0	0	0	0	1.01848	0	0.01571	0	0	0	0.01406	0.05374	0	0	0	0	0.04284	0.15422	0.03034	0	0	0	0	0	0	0	0	0	0	0	0	0	0	0	0.00482	0	0.00246	0.20332	0	0	0	0	0	0	0	0	0	0	0.02356	0	0	0	0	0	0.3382	0	0	0	0	0	0	0	0	0	0	0	0	0	0	0	0	0	0	0	0	0	0	0	0	0	0.18883	0	0.01672	0	0	0	0	0	0.259	0	0	0	0	0	0	0	0	0	0	0	0.14677	0	0	0	0.24751	0	0	0	0.04551	0	0	0	0	0	0	0	0	0	0	0	0	0.06067	0.02658	0.24963	0	0	0	0	0	0	0	0	0	0	0	0	0.00367	0	0	0	0	0	0	0.04606	0	0	0	0	0	0.03149	0	0	0	0.09293	0	0	0	0.36618	0.23808	0	0	0	0	0	0	0	0	0	0	0.34608	0	0	0	0	0	0	0	0	0	0	0	0	0	0	0	0	0	0	0	0	0	0	0.12991	0	0	0	0	0	0.17495	0.3025	0	0	0	0	0	0	0	0	0	0	0.02083	0	0	0.02798	0	0	0	0	0	0	0	0	0	0.03642	0	0	0	0	0	0	0	0	0	0.17863
"GGB80011_SGB15265"	0	0	1.02879	0	0	0	0	0	0	0	0	0	0	0	0	0	0	0	0	0	0	0	0	0.22093	0.03347	0	0.22428	0	0	0	0	0	0	0	0	0	0	0	0.40075	0.17645	0.05156	0	0	0	0	0	0	0	0.30849	0.74394	0.43638	0	0	0	0	0.16056	0.19812	0	0	0.58049	0	0	0	0.08171	1.17006	0	0	0	0	0	0	0	0	0.02113	0.40975	0.17431	0	0	0	0.12021	0.03673	0	0	0	0	0.06695	0	0	0	2.86992	0	0	0	0.18976	0	0	0	0	0.29647	0	0	0	0.44949	0	0	0	0.09761	0	0	0	0	0	0	0	0	0	0	0	0	0	0	0	0	0	0	0	0	0	0	0	0	0	0	0	0	0	0	0	0	0	0	0	0	0	0	0	0.99397	0	0.57811	0	0	0	0	0	0	0	0	0	0.16366	0	0	0	0	0.17045	0	0	0	0.53034	0	1.03543	0	0	0	0	0	0	0	0	0	0	0	0	0	0	0	0	0	0	0	0	1.56462	0	0	0	0	0	0	0	0	0	0	0.36415	0.84445	0	0	0.54811	0	0	0.31541	0	0	0	0	0.43966	1.08096	0.71966	0	0	0	0	0	0	0	0	0.49863	0	0	0	1.67461	0	0	0.85182	0	0	0	0.10523	0	0	0	0.12936	0	0	0	1.03434	0.51039	0	0	0	0	0	0	0	0	0	0	0	0	0.92962	0	0	1.17891	0	0.1715	0	0	0	0	0	0	0	0	1.3268	0.30753	0.70352	0	0	0	0.21284	0	0	0	0	0	0.61799	0	0	0.03829	0	0	0	0	0.64475	1.01394	0	0	0.39274	0	0	0	0	0	0	0	0.43246	0	0	0	0.30307	0	0	0.20839	0	0.94865	0	0	0	0	1.26549	0	1.00437	0	0.11741	0	1.88751	0	0	0	0	0	0	0	0.00862	0	0	0	0.34633	0	0	0	0	0	0	0	0.09227	0	0	0	0	0.07247	0.3716	0	0	0	0	0	0	0	0	0	0.26508	0	0	0	0	0	0	0.3881	0	0	0	0	0.02422	0.73233	0	0	0	0.48397	0	0	0	0	0	0	0	0	0.55211	0.00265	0	0.38127	0	0.09512	0	0	0	0	0	0	0	0	0	0	0	0	0	0	0	0	0	1.05456	0	0	0	0	0	0	0	0	0	0.51113	0	0	0	0	0	0	0	0	0	0
"Ruminococcus_sp_AF13_28"	0	0.32045	0.00342	0	0	0.01304	0	0	0.11127	0.21194	0	0.00341	0	0.31231	0.54748	0.0558	1.84388	5.25564	0	0	0	0	0.39241	0.38249	0.04402	0	0.01222	0	0	0	0	0.00858	0.17729	0	0.03648	0	0.51178	0	0.25874	0.11135	0.04479	0	0	0.03052	0	0	0.11734	0.1195	0	0	0.05753	0.15343	0.61016	0.31055	0	0.07422	0.06763	0.02476	0	0.00291	0	0.03705	0.63357	0.01031	0.01515	0	0	0	0	0	0	0	0	0.60483	0.04139	0.09154	0.00279	0.0061	0	0	0	0	0	0	0	0	0	0	0	0.00159	0.36113	0	0	0.13948	0.22134	0	0	0.02098	0	0	0	0.01182	0.0335	0.1611	0	0.02073	0	0.16082	0	0.14699	0	0	0	0	0.0168	0	0	0.07511	0	0	0	0	0.31679	0	0.87923	0.76186	0	0.07178	0	0.00798	0.17883	0	0	0	0	0	0	0.51627	0.20066	0	0	0.19695	0	0	0.05424	0	0.42503	0	0.0717	0.21906	0.8932	0	1.28235	0	0.19034	0	0.05946	0	0	0.62306	0.18173	0	0.83442	0.06184	0.29571	3.40877	0	0.05537	0.55746	1.45802	0.0111	0.06768	0	0.00831	0	0.12474	0	0	0	0	0	0.22837	0.32907	0.39299	0	0	0.24003	0	0.42337	0	0.25224	0.11356	0.0904	0	0	0.42956	0	0	0	0	0	0	0	2.47461	0.02135	0	0.2904	0.02176	0.41728	1.21965	0	0.13841	0.37314	0.02732	0	0.0844	0	0	0.14624	0	0	0	0	0.4624	0.60496	0	1.98241	0.49069	0.12482	0.29468	0	0.02666	0.87645	2.12797	0.37362	0.11727	0	0	0.8532	0.05462	0.14191	1.54612	0.08058	0.01966	0.18583	0	0	0.05422	0.02666	1.59475	3.27857	0	2.69436	0	0.87604	1.97724	0.00145	0	0	3.22564	0	0	0.0164	0.0352	0.46781	0.12071	0.43995	0	0.07166	2.36386	0.08107	0.169	0.05564	0.05878	1.23746	0.28308	0.26399	0.02048	0.34106	0.16035	0	0.17401	0.00547	0.94198	0.07408	0.30905	0	0	0.66159	0.29019	1.79833	0.40631	0	0.01059	0	0.07642	0	0	3.50583	0	0	0.02679	0.11533	0.0265	0	0.09746	0.01064	0.16175	0	2.34765	0.07886	0	0	0.20533	0	0	0.42111	0.65371	0	0.33252	0.2985	0	0	0.15336	0	0	1.21362	0	0	0	0	0.18818	0	0	0.00336	0.00505	0	0.00436	0	0	6.28569	1.2292	0	0	0.05636	0.02077	0	0	0.39365	0.03342	0.11537	1.08383	0.28147	0.0829	0.04241	0.10376	0.04739	0.53291	0.0132	0.52696	0	0	0.12945	0	0.25301	0	0	0	8.29007	2.51612	0	5.07916	0.27087	0	0	0	0.03118	0	0	0	0	0	0	0.3238	0	0.10914	0.01336	0.06666	0.05398	0	0.04706	0	0.01462	0.07662	0.04357	0	0.29953	8.06064	0	0	0	0	0.32906	3.21945	0.20976	0.18496	0.10168	1.35445	0.07844	0	0	0.4134	1.33077	0.10393	0	0	0.12563	0	0.02549	0.03682	0	0	0	0	3.27498	0.00856	0	0	0.20052
"Dysosmobacter_sp_BX15"	0	0	0.34211	0	0	0	0.27969	0.1941	0	0	0	0.43778	0	0	0	0	0	0	0	0	0	0	0	0.60844	0.22628	0	0.03949	0	1.39165	0	0	0	0	0	0.589	1.09009	0.11481	0	0.01776	0.07596	0.04307	0	0	0	0	0	0	0	0.06064	0.24176	0.14391	0.1098	0	0	0	0.03863	0	0	0	0	0	0.35779	0	0.09979	0.04758	0	0	0	0	0	0	0	0	0.03162	0.07977	0.0834	0	0	0	0	0	0	0	0	0	0.18333	0	0	0	0	0	0	0	0.28477	0	0	0	0.20557	0.36484	0	0	0.01273	0.71346	0	0	0	0.0588	0	0	0	0	0	0	0	0.62612	0	0	0	0	0	0	0	0	0	0.22734	0	0	0	0	1.02386	1.81711	0	0	0	0	0	0	0	0	0	0	0	0	0	0	0	0.4965	0	0.48824	0	0	0	0	0	0	0	0	0	0	0	0	0	0	0.1253	0	0	0	0.90952	0	0	0	0.22044	0	0	0	0	0	0	0	0	0	0	0	0	0	0	0	0	0	0	0.74984	0.15138	0	0.22737	0	0	0	0	0.3518	0	0	0	0.04724	0	0.0065	0	0	0	0.10857	0	0.30616	0	0	0.69988	0	0.64148	0	0	0	0	0	0	0	0	0	0	0	0	0	0.18539	0.17395	0.05142	0	0	0.42621	0.04365	0	0.05765	0	0	0	0	0	0.20051	0.42562	0	0	0	0	0	0	0	0	0	0	0	0	0.39622	0	0	0.22489	0.27524	0	0	0	0	0.47723	0	0.54273	0	0	0	0.15759	0.43085	0	0	0	0.81358	0	0.5529	0	0	0	0.11605	0.01072	0	0	0	0	0.01909	0	0	0.73348	0	0	0	0	0	0	0	0	0.25331	0	0.33149	0.23775	0	0	0	0	0	0	0	0	0	0	0	0	0	0.02971	0	0	0	0	0	0	0	0	0	0.82748	0	0	0.47186	0	0	0	0.23435	0	0.92629	0.75495	0.15737	0	0	0	0	0	0	0	0	0	0.71506	0	0	0	0	0.04634	0	0	0.19042	0	0	0	0	0	0.06821	0	0	0.38538	0	0	0	0	0	0	0.08772	0	0	0.22913	0	0	0	0	0	0	0.27006	0	0.41093	0	0	0.20762	0	0	0	0	0	0	0	0	0	0	0	0	0	0	0	0	0	0	0	0	0	0	0	0	0	0	0	0	0	0.36195	0	0	0	0	0	0	0	0	0	0
"Acidaminococcus_intestini"	0	0	0.79557	0	1.09642	0	0	0	0	0	0	0	1.43946	0	0	0	0	0	0	0	0	0	0	0.32117	0	0	0	0	0	0.29516	0	0	0.26821	0	0	0	0	0	0.05783	0	0	0	0	0	0	0	0	0	0	0	0	0	0	0	0	0.43506	0.63657	1.75112	2.67611	0	0	0	0	0	0	0	0	0	0	0	0	0	0	0.29009	0	0	0	0	0	0	0	0	0	0	0	0	0	0	0	0	0	0	2.55713	0	0	0	0	0	0	0	0	0	0	0	0	0	0	0	0	0	1.43493	0	0	1.55223	0	0	0	0	0	0	0	0	0	0	0	0	0	0	0	0	1.50663	0	0	0	0	0	0	0	0	0	0	2.52181	0	0	0	0	0	0	0	0	0	0	0	0	0	0	0	0	0	0	0	0	5.48905	0.04331	0	0	0	0	1.74787	0	0	0	0.41508	0	0	0	0	0	0	0	0	0	0	0	0	0	0	0	0	0	0	0	0	0	0	1.59793	0	0	0	0	0	0	0	0	5.83644	0	0	0	0	0	0	0	0	0	0	0	0	0	0	0	0	0	0	0	0	0	0	0	0	0	0	0	0	0	0	0	0	0	0	0	0	0	0	0	0	0	0	0	1.62257	0	0	0	0	0	0	0	0	0	1.04619	0	0	0	0	0	0	0	0	0	0	0	0	0	0	0.0996	0	0	0	0	0	0	0	0	0	0	0	0	0	0	0	0	0	0	0	0	0	0	0	0	0	0	0	0	0	0	0	0	0	0	0	0	0	0	0	0	0	0	0	0	0	0	0	0	0	0	0	0	0	0	0	0	0	0	0	0	1.55157	0	1.22897	0	0	0	0	0	0	0	1.26713	0	0	0	2.34567	0.0668	0	0	0.65827	0	0	0	0	0	0	0	0	0	0.19662	0	0	0	0.37892	0	0	0	0	0	1.83431	0	0	0	0	0	0	0	0	5.8261	0	1.57592	0	0	0	0	0	0	0	0	0	0	0	0	0	0	0	0	0	0	0	0	0	0	0	0	0	0	0	0	0	0	0	0	0	0	0	0	0	0	0	0	0	0	0	0	0
"Veillonella_parvula"	0	0	0	0	0.01489	0.0342	0	0.00762	0	0.1178	0.07217	0.23589	0	0.21345	0.08084	0.01566	0.01422	0	0.00134	0.14111	0.35607	0.10567	0.00626	0.13094	0.00082	0	0	0.33831	0.01342	0	0.00806	0.04166	0.19979	0	0	0	0	0	0.18601	1.15264	0.3524	0.022	0	0.0568	0	6.25764	6.37642	2.06457	0	0	0.04605	0.04405	0.02603	0	0.04881	0.01665	0.25559	1.29346	2.66637	0.00033	0.00972	0.00228	0.25229	0.00902	0	0.01058	0	2.14851	0.05247	0.00459	0	0.00436	0	0.79236	0.01654	0.02079	0.01931	0.00286	3.70543	0.30545	0	0	0.57863	1.28713	0.11534	0.38248	0	14.92371	0	0.00837	0.11033	6.05885	0.51077	0	0	0.13772	0.21426	0.09863	0	0.16174	3.44225	0	0	0	0	0.00502	0.03504	0	0.05809	0.00195	0.00173	0.02637	0	0	0	0.05086	0	0	0	0	0	0.01452	0.00447	0.18345	0.84556	0.13567	0	0	0.10245	0.00893	0.02586	0.49222	1.74179	0	0	0.00431	0.00371	0.30115	0.01206	0	0.00337	0	0	0	0	0.28338	0	0	0	0.01617	0.02245	0.0263	1.11692	0.18305	0.0028	0.15554	0	0.00139	0	0	0.19471	0	0.00152	0	0.00103	0	0	0.081	0.01057	0.01709	0	0.03783	0	0	0.08895	0.17848	0	0	0	0.04833	0.35329	0.02583	0.0548	0.09137	0.03361	0.01566	0.00911	0.07825	0	0	0	0.00782	0.11651	0.00547	0	0.00094	0.13921	0	0.01454	0.20528	0.72729	0	0	0.00371	0	0.0475	0	0.02222	0	0.40286	0.00743	0.01675	0.02277	0	0	0.52035	0.83488	0	0.6683	0	0.03023	0	0	0.03288	0.00292	0	0.05017	0	0.00899	0	0.04985	0.01015	0	0	0	0.03068	0	0	0.31937	0.30063	0	0	0.2088	0.00338	0	0.03754	0	0	0	0.08363	0.00638	0	0.01606	0	0	0	0	0.01316	0	0	0.02364	0	0.02162	0.16067	0.23113	0.14543	0.07696	0	0.00315	0	0	0	0	0	0.01601	0	0.70717	0.10384	0.00837	0	0.0247	0.01565	0.14443	0.03074	0	0.00706	0.00984	0	0.15715	0.06843	0	0.00546	0	0.15074	0.10276	0.00253	0.02037	0.03323	0.02372	0.42314	0.62528	0.01125	0	0	0.00555	0	0	0	0	0.00281	0	0.01074	0	0.00897	1.22222	0	0.03479	0.11789	0.01297	0.00093	0.05934	0.0389	0.23214	0	0	0.01963	0.00451	0	0	0	0.01397	0.00139	0	0.00218	0	0	0.00962	0.01102	0.67227	0	0.09813	0.34162	0.26216	0	0.12489	0	0.95871	0	0	0	0.06338	0.0392	0.02482	0.07917	0.00299	0.00465	0.01262	0.01152	0	0.00919	0	0.04043	0.13757	0.00597	0	0	0	0	0	0.05856	0.08581	0	0	0	0	0.04068	0.05313	0	1.14163	0.00479	2.55886	0.04121	0.04855	0	0	0	0	0.00717	0.05737	0.32475	0	0.09896	0.0639	0.00189	0.05883	0.0066	0.01892	0.01634	1.46941	0.75598	0.03568	0.4298	0.00667	3.23282	0	0.00349	0.00049	0.26836	0	0	0.21308	0	0	0	0	0.015	0	1.1393	0	0	0.00492	0	0.00875	0.05184	1.66206	0.01911	0.83146	0	0.03535
"Roseburia_hominis"	0.23261	0.00427	0.03155	0.01205	0.06949	0	0.28239	0.64377	0	0.03187	0	0.41291	0.16687	0	0.03226	0.00364	0	0	0.02206	0.00613	0	0	0	0	0	0	0.01202	0	0	0.00581	0	0	0.02542	0.07924	0.02622	0.0348	0.20149	0	0.00785	0.23643	0.1582	0	0	0.06729	0	0	0.05518	0.17975	0.01397	0.00526	0.07775	0.01718	0	0.13404	0	0	0	0	0	0	0	0	0	0.1503	0.31132	0	0	0	0	0	0.06323	0.06355	0	0.44048	0.10436	0.09201	0.00728	0	0	0	0.01948	0	0	0	0	0.0367	0	0	0.03221	0.10269	0.01295	0	0	0	0.12751	0	0	0.4282	0.2596	0	0	0.08285	0.05147	0.35199	0.63116	1.26311	0.27102	0.02305	0	0.0459	0.07147	0	0	0.07195	0.05624	0	0.75587	0.08817	0	2e-04	0	0	0	0	1.98132	0.05097	0.06804	0.18064	0	0.11314	0.58117	0	0	0.14353	0.05167	0	0	0	0	0	0	1.74519	0.00803	0	0	0	0.84476	0	0	0.00506	0	0.16437	0	0	0.027	0	0.00926	0	0.43415	0	0.11582	0	0	0	0.29795	0	3.6553	0.00412	0	0.02044	0.0257	0.16824	0.70157	0.03697	0	0	0.02649	0.05978	0	0	0	0.05022	0.01223	0.01131	0.24503	0	4e-04	0	0	4.35435	0.00701	0.09147	0	0	0	0.05473	0	0	0.05707	0	0	0	0	0	0	0	0.0321	0.06507	0	0	0.09294	0.00082	0.17347	0	0.0083	0.09932	0	0.46313	0	0	0.41996	0	0	0.06345	0.00176	0	0	0	0.01729	0.11933	0.07291	0	0.08557	0	0.00156	0.63278	0.04934	0.04018	0	0	0	0	0	0.4751	0.04502	0	0.12671	0.056	0	0	0	0	0	0	0	0	0.31126	0.05073	0	0	0.99039	0.05145	0.03943	0	0	1.50298	0	0	0.02927	0.00216	0.10899	0.91078	0	0.03974	0	0.15156	0.01757	0.05186	0	1.15061	0	0.1308	0.01888	0.00971	0	0	0	0	0	0	0	0	0.01655	0	0	2.24369	0	0	0	0	1.39407	1.17337	0.35806	0.02986	0	0.18443	0	0	0.77559	0	0.24992	0	0	0	0	0	0.02031	0.00455	0.07718	0.23675	0	0.04098	0	0.00148	0	0	0	0	0	0	0	0.0632	0.00215	0	0	0.03627	0	0.4606	0.26674	0.04415	0	0	0.05898	1.67403	0	0.46712	0	0	0.17881	0.11113	0	0	0.53642	0.10685	0	0.26109	0.45676	0.03647	0.02189	0.33026	0	0	0	0.00516	0.29078	0	0	0	0	0	0	0	0.01511	0	0	0	0.1166	0	0	0	0	6.15733	0	0.09673	0	0.09095	0	0.06863	0.02645	0.08442	0	0	1.1227	0.32658	0.01162	0	0	0	0	0	0.05635	0	0	0	0	0	0.95338	0	0	0	0	0	0	0	0.1111	0	0.00691	0	0.02823	0.00109	0	0	0	0	0	0.67539	0	1.11707	0
"Butyricicoccus_sp_AM29_23AC"	0	0	0.17666	0	0	0	0	0	0	0	0	0	0	0	0	0	0	0	0	0	0	0	0.24824	0.03891	0	0	0.0123	0	0	0.19487	0	0	0	0	0	0	0	0	0.02662	0.03753	0	0	0	0	0	0	0	0	0.09453	0	0.04382	0	0	0	0	0.10207	0.09513	0	0	0	0	0	0	0.14498	0	0	0	0	0	0	0	0	0	0	0.00352	0.01046	0	0	0	0	0	0	0	0	0	0.2768	0	0	0	0	0.11718	0	0	0	0	0	0	0	0	0	0	0	0	0	0	0	0	0	0	0	0	0	0	0	0.00615	0	0	0	0	0	0	0	0	0	0	0	0	0	0	0	0	0	0	0	0	0	0	0	0	0	0	0	0	0	0	0	0	0	0	0	0	0	0	0	0	0	0	0	0	0.14444	0	0	0	0.07149	0.00062	0	0	0	0	0	0	0	0	0	0	0	0	0	0	0	0	0	0	0	0.01903	0	0.1719	0.08025	0	0	0	0.46539	0	0	0	0	0	0	0	0	0	0	0	0	0	0	0	0	0	0	0	0	0	0	0	0	0	0	0.07975	0.03689	0	0	0	0	0	0.00474	0	0	0	0.16066	0.13289	0.07787	0.14816	0	0	0.22976	0.232	0.01475	0	0	0	0	0	0	0	0	0.26474	0	0	0	0	0	0	0	0	0	0.17371	0	0	0	0	0.04425	0	0	0	0.59364	0	0	0	0	0	0	0	0	0	0	0	0	0	0.04888	0	0	0	0	0	0	0	0	0	0	0	0	0	0	0	0	0	0	0	0	0	0	0	0.18998	0.77043	0	0	0	0	0	0	0	0	0	0	0	0	0	0	0	0	0	0	0	0	0	0	0	0	0	0	0.08607	0	0	0	0.11811	0	0	0	0.02308	0	0	0	0	0	0	0	0	0	0	0	0	0	0.16572	0	0	0	0	0	0	0	0	0	0	0	0	0.74447	0	0	0	0	0	0	0	0	0	0.56798	0	0	0	0	0	0	0.19456	0	0	0	0	0.11935	0	0	0	0	0	0	0	0	0	0	0	0.04179	0	0	0	0	0.02084	0	0	0	0	0	0	0	0	0	0	0	0	0	0	0	0	0	0	0	0	0	0	0
"Clostridium_sp_AF27_2AA"	0	0	0	0	0	0.1295	0	0	0.01726	0.1435	0.02202	0	0	0	0	0	0	0	0	0	0	0	0	0.02199	0	0	0	0	0	0	0.01907	0.47276	0	0.16326	0.05188	0	0.01086	0.00613	0.01628	0.00999	0	0	0	0	0	0	0	0	0	0	0	0	0	0	0	0	0	0	0	0	0.02179	0.08334	0.07065	0	0	0	0	0	0	0	0	0	0	0.02132	0.03315	0.01243	0	0	0	0	0	0	0	0	0	0.17012	0	0	0	0.01569	0.00911	0	0	0	0.05694	0	0	0	0	0	0	0	0	0	0	0	0	0	0	0	0.00205	0	0.03762	1.16122	0.0578	0	0	0	0	0.09032	0.00497	0	0	0	0	0	0	0	0	0.06981	0.04251	0	0	0.12575	0	0	0	0	0	0.20248	0	0	0	0	0	0	0	0	0	0.1661	0	0	0.21172	0	0	0.01473	0.12025	0	0.2079	0	0	0	0	0	0	0	0	0	0	0	0	0	0	0	0	0	0.13122	0	0	0	0	0	0	0	0.02363	0.02079	0	0.01585	0	0	0	0	0.01269	0	0	0	0	0	0.02308	0	0	0.0245	0	0	0	0	0	0	0	0	0	0.00528	0	0	0	0	0	0	0.04344	0	0	0	0	0.02124	0	0	0	0	0	0.03015	0.00688	0.01022	0	0	0	0.0226	0	0	0.75254	0	0	0	0	0	0	0	0	0	0	0.06006	0	0	0.03031	0	0	0.0015	0	0	0	0	0	0	0	0.01758	0	0.14053	0.00153	0	0.21085	0	0	0	0.23624	0	0	0	0	0	0	0	0	0	0	0	0	0.00218	1.13709	1.21696	0	0	0.00742	0	0	0.05783	0	0	0.0911	0	0	0.08851	0	0	0.06464	0.02539	0.33272	0	0	0	0	0	0	0	0	0	0	0	0	0	0	0	0	0	0	0	0	0	0.22971	0	0	0	0	0	0	0	0	0	0	0	0	0.00035	0	0	0	0	0	0	0	0	0	0.03601	0	0	0.02715	0.21753	0	0	0	0	0	0	0	0	0.30989	0.18586	0	0	0	0	0	0	0	0	0	0	0	0	0	0	0	0	0	0	0	0	0	0	0	0	0.1095	0	0	0	0	0	0	0	0.10458	0	0	0	0.00406	0	0	0	0	0	0.03204	0.50411	0	0.03345	0	0	0	0	0	0	0.07666	0	0	0	0	0	0	0	0.33715	0	0	0	0
"Roseburia_sp_AF02_12"	0	0	0.40897	0	0.01125	0	0.13837	0.13696	0.00692	0	0	0	0	0	0	0	0	0	0	0.03941	0	0	0	0	0.00758	0	0.07945	0	0	0	0	0.01153	0	0	0	0.19877	0	0	0.00215	0.01411	0.0473	0	0	0	0	0	0.00051	0.11456	0.04023	0	0	0	0.0176	0	0	0	0	0	0	0	0	0	0	0	0	0	0	0	0	0	0	0	0	0.00271	0	0.00118	0	0	0	0	0	0	0	0	0	0.01974	0	0	0	0	0	0	0	0	0	0	0	0	0.01292	0	0	0	0	0	0	0.00978	0.06523	0	0	0	0	0	0	0	0	0	0	0.0435	0	0	0	0.23463	0	0	0	0	0	0	0	0	0	0	0	0	0	0	0	0	0.51526	0	0	0	0	0	0	0	0	0	0	0	0	0	0	0	0.03142	0	0	0	0.04872	0	0	0	0	0	0	0	0.20469	0	0	0	0	0	0	0	0	0	0	0.00028	0	0	0	0	0	0.01092	0	0	0	0	0	0	0.01471	3.50234	0	0	0	0.00404	0.0241	0	0	0.00725	0	0	0	0	0	0	0	0	0.06287	0	0.0138	0	0	0.18922	0	0	0	0	0.00369	0	0	0	0	0.01523	0	0.00248	0	0	0	0.00552	0	0	0	0	0	0.01147	0.00334	0	0	0	0	0	0	0	0.00451	0	0	0	0	0	0	0	0	0	0	0	0	0.00703	0	0	0	0	0	0	0	0	0	0	0	0	0	0	0.02584	0	0	0	0	0.84069	0	0	0	0	0	0	0	0	0	0	0	0	0	0.01697	0.00744	0	0	0	0	0	0	0	0	0	0	0.72018	0	0	0	0	0	0	0.00807	0	0	0	0	0	0	0	0.0197	0	0	0	0	0	0	0	0	0	0	0	0	0.07053	0	0	0	0.02258	0	0	0	0.0213	0	0	0	0	0	0	0	0	0	0	0	0	0	0	0	0	0	0	0.22305	0	0	0	0	0	1.41548	0	0	0	0	0	0	0	0	0	0	0	0	0	0	0	0	0	0	0	0	0	0	0	0	0	0	0	0	0	0	0	0	0	0	0	0	0	0	0	0	0	0	0	0.00379	0	0	0	0	0	0.01687	0	0	0	0	0	0	0	0	0	0	0	0	0	0
"GGB3828_SGB5197"	0.00688	0.01475	0	0	0	0	0	0	0	0	0	0	0	0	0	0	0	0	0	0	0	0	0	0	0	0	0	0	0	0	0	0.06731	0	0	0.00234	0	0.04649	0.02329	0	0.02157	0.01242	0.02343	0	0	0	0	0	0.18763	0	0	0	0	0	0	0	0	0	0	0	0	0	0.0303	0.05582	0	0	0	0	0	0	0	0	0	0	0.02414	0	0	0	0	0	0	0	0	0	0	0	0	0	0	0	0	0.00075	0	0	0	0	0	0	0	0.01534	0	0	0	0	0	0	0	0	0	0	0	0	0	0	0	0	0	0	0	0	0	0	0	0	0	0	0	0	0	0	0	0	0	0	0	0	0	0	0	0	0	0.06441	0	0	0	0	0	0.11112	0	0	0	0	0	0	0	0	0	0.01325	0	0	0	0	0	0	0.00334	0	0	0	0	0	0	0	0	0	0	0	0	0	0	0	0	0	0	0	0	0	0	0	0	0	0	0	0.02358	0	0	0	5e-04	0	0	0.18528	0	0	0	0	0	0	0	0	0	0.03373	0	0	0	0	0	0	0	0	0	0	0	0	0	0	0	0	0	0	0	0	0	0	0	0	0	0	0	0	0	0	0	0	0	0	0	0	0	0	0	0	0	0	0	0	0.01411	0	0	0	0	0	0	0	0.00757	0	0	0	0	0.00414	0	0.03549	0	0	0	0.11176	0	0.01058	0	0	0	0	0.00461	0	0	0	0	0.0226	0	0	0.07225	0	0	0	0	0	0	0	0	0	0	0	0	0	0	0	0	0	0	0	0	0	0	0	0	0	0	0	0	0	0.04012	9e-04	0	0	0	0	0	0	0	0	0	0	0	0	0	0	0	0	0	0	0.00879	0	0	0	0	0	0	0	0.01273	0	0	0	0	0	0	0.02604	0	0	0	0	0	0	0	0	0	0	0.0044	0	0	0.10452	0	0	0	0	0	0	0	0	0	0	0	0	0	0	0	0	0	0.05603	0	0	0	0	0	0	0	0.11055	0.01352	0	0	0	0	0	0.00208	0	0	0	0	0	0	0	0	0	0	0	0	0	0	0	0	0	0	0	0	0	0	0	0	0	0	0	0	0
"GGB9760_SGB15373"	0	0	0	0	0	0	0	0	0.16961	0	0	0.05585	0	0.01956	0	0	0	0	0	0	0	0	0.02164	0.00679	0.11295	0	0.17165	0	0	0	0	0	0	0	0	0.08102	0	0	0	0.01604	0.00177	0	0	0	0	0	0	0	0.02909	0.00375	0	0	0	0	0	0.00184	0	0	0	0	0	0	0	0.02284	0	0	0	0	0	0	0	0	0	0.01207	0	0.00587	0	0	0	0	0	0	0	0	0	0	0	0	0	0.14344	0	0	0	0.11116	0	0	0	0.00409	0.01675	0	0	0	0.19163	0	0	0	0.02133	0	0	0	0	0	0	0	0	0	0	0	0	0	0	0	0	0	0	0	0	0	0	0	0	0	0	0	0	0	0	0	0	0	0	0	0	0	0	0	0	0	0	0	0	0	0	0	0	0	0.14259	0.10064	0	0.09579	0	0	0	0	0	0	0	0.11692	0	0	0	0	0	0	0	0	0	0	0	0	0	0	0	0.06327	0	0	0.02137	0	0	0	0	0	0	0	0	0	0	0	0	0	0	0	0.04575	0	0	0	0	0.03734	0.02101	0	0.05492	0	0	0.17663	0	0	0	0	0.04665	0	0	0	0	0.23112	0	0	0	0	0	0.03947	0	0	0.12071	0	0	0.06648	0	0	0	0	0	0	0	0	0	0	0.11057	0	0	0	0	0	0	0	0	0	0	0.13766	0	0	0	0	0	0	0	0	0.12208	0.09344	0	0	0	0	0.03965	0.08452	0	0	0	0	0	0	0	0	0	0	0.0104	0	0	0	0	0	0	0	0	0	0	0	0	0	0	0	0	0.0586	0	0	0	0	0	0.11227	0	0	0	0	0	0	0	0	0.03092	0	0	0	0	0.13335	0	0	0	0	0	0	0	0	0	0.04654	0	0	0	0	0	0.07318	0	0	0	0	0	0.20273	0	0	0	0	0	0	0	0	0	0	0	0	0	0	0	0	0	0	0	0	0	0	0	0	0	0	0	0	0	0	0	0	0	0	0	0	0	0	0	0	0	0	0	0	0	0	0	0	0	0	0	0	0	0	0	0	0	0	0	0	0	0	0	0	0.21462	0	0	0.11268	0	0	0	0	0	0	0.01869	0	0	0	0	0	0	0	0	0	0
"Romboutsia_timonensis"	0.03666	0.09738	0.6185	0.00159	0.13291	0.04521	0.1214	0.08998	0	0.33734	0.00832	0.01062	0	0.33554	0.0443	0.00952	0.24718	0.04475	0.02559	0.10235	0.20373	0.00602	0.01614	0.18806	0.01634	0.08918	0.02535	0.46473	0	0.07293	0.00592	0.08669	0.21236	0.00211	0.02653	0.11748	0.00953	0	0.18991	0.17604	0.09165	0.00043	0.26537	0.31951	0.00263	0.14442	0	0	0.05537	0.08855	0.49578	0.10207	0.1094	0.12612	1.76646	0.1258	0	0.10886	1.7132	0.02204	0.13916	0.02557	0	0.09585	0.08614	0.8867	0.75162	0.0604	0.03203	0.1733	0	0.24235	0.11391	0.11174	0.20883	0.04204	0.52231	0.00121	0	0.25532	1.28373	0.32131	0.00466	0.01222	0.01621	0.20917	0.0958	0	0.01099	0.03187	1.90217	0.03164	0.51115	0.03709	0.11858	0.01785	0.12394	0.0074	0.0418	0.01767	0.0043	0.09443	0.96739	0.08274	0	0.05403	0.01699	0	0	0.00255	0.04185	0.08248	0.00484	0.00097	0.03304	0.00913	0.02171	0.02226	0.19139	0.16762	0.11844	0.21728	0.07435	0.01646	0.14788	0.06231	0.07964	0.01377	0.32915	0.2473	0.23255	0.60593	0	0	0.08612	0.05211	0.10048	0.01788	0	0.08998	0	0.33022	0.01154	0	0.02805	0.08677	0.48086	0.10749	0.07174	0.08013	0	0.42714	0.12918	0.20896	0.00771	0.00525	0.07584	0.08627	0.01548	0.52748	0.25122	0.36687	0.10367	0.0031	0.67425	0.38279	0.19827	0.03667	0.26054	0.21309	0	0.14683	0.00761	0.01952	0.06067	0	0.09064	0.0167	0.23201	0.21934	0.04226	0.03365	0.03868	0.11711	0.34088	0.33321	0.37909	0.44587	0.02968	0.09049	0.68838	0.20271	0.47122	0	0.87858	0.05527	0.12629	0.07837	0.00211	0.02418	0.89867	0.15158	0.40875	0.05978	0.42893	0.10378	0.07519	0	0.13594	0.34792	0.04542	0.03017	0.36071	0.1226	0.27069	0.22707	0.16123	0.27156	0.45376	0.05699	0.33721	0.09808	0.10565	0.03719	1.24338	0.43886	0.02649	0.39658	0.15217	0.23504	0.21028	0.05136	0.03256	0.48369	0.24703	0.09928	0.03916	0.14944	4.31586	0.62762	0.10487	0.03211	0.00269	0.34797	0.23985	0.1584	0.05014	0.00885	0.16912	0	0.08842	0	0	0.74957	0.27613	2.23129	0.04447	0.27391	0.00693	0.02267	0	0.11281	0.15338	0.24706	0.21125	0.0577	0.01571	0.32973	0.17356	0.00119	0.02025	0	0.06297	0.46508	0.17795	0.1675	0.00052	0.0269	0.17545	0.31796	0.84548	0.03148	0.07588	0.4335	0.03095	0.01461	0.05925	0	0.58853	0.27574	0	0.06052	0.25847	0.23853	0.01932	0.0456	0.11516	0.01456	0.1076	2.34883	0	0.39145	0.12473	0	0	0.00398	0	0.98662	0	0.23339	0.04543	0.05483	0.00856	0.10201	0.18229	0.03718	0.19963	0.24523	0.02508	0.23348	0.0662	0.12075	0.96516	0.03006	0.02483	0.26869	0.00161	0.08128	0.06125	0.05534	0.84645	0.05633	0.00265	0.00566	0.04044	0	0.01869	0.16818	0.01034	0.14969	0.0813	0.51636	2.43075	0.10426	0.31689	0.53745	0.2225	0	0.02594	0.0767	0.09324	0.12859	0.01102	0.00178	0.07861	0.03057	0.00915	0.05988	0	0.03003	0.10686	0	0.00456	0.16555	0.10518	0	0.01364	0.08542	0.009	0.08952	1.94996	0	0.14865	0.15891	0.12197	0.00162	0.15861	0.00637	0	0.00131	0	0	0.04954	0.51749	0.05491	0.11439	1.02193	0.12343	0.46925	0.30153	0	0.48523	0.3285	0.20572	0.24217	0.15273	0.19272	0	0.02668	0.03656	0.1189	0.04768	0.79357	0.4931	0.06118	0.26808	0.22574	0.14093	0.16897	0.48367	0.05752	0.01755	0	0.18546	1.0383	0	0.36114	0	0.13383	0.11996	0.16958	0	0	0.31834	0.02443	0.06931	0.00953	0.18154	0.11215
"GGB79734_SGB15291"	0	0.26376	0	0	0	0	0	0	0.23396	0	0	0.28968	0	0	1.48644	1.08133	0	0	0	0	0	0	0	0.08318	0	0	0.13418	0	0.58214	0	0	0	0.25957	0.25406	0.03415	0.07585	0.00122	0	0.20794	0.03106	0	0	0	0.03409	0	0	0	0	0.0776	0.02319	0.0395	0	0	0	0	0.07892	0.02696	0	0	0	0	0	0	0	0	0	0	0	0	0	0	0	0	0.35938	0.02033	0	0	0	0	0	0	0	0	0	0	1.107	1.2635	0	0	0	0	0	0	0.25715	0	0	0	0.08817	0.07791	0	0	0	0	0	3.7769	0	0	0	0	0	0	0	0	0	0	0	0	1.19674	0	0	0.15071	0	0	0	0	0	0	0	0	0.15091	0.7976	0	0	0	0	0	0	0	0	0	0	0	0.21023	0	0	0	0	0	0	0	0	0	0	0	0	0	0	0.37294	0	0	0	0	0.53078	0.07675	0	0	0	0.10694	0.11046	0.30167	0.69106	0	0	0	0	0	0	0	0	0	0	0	0	0	0.77899	0	0	0	0	0	0.01259	0	0	0	0	0.15232	0	0	0	0.09696	0	0.04154	0.04427	0	0	0	0	0	0	0	0.0892	0	0	0	0	0	0	0	0.05823	0	0	0	0	0	0	0	0	0	0	0.09225	0.01591	0.0153	0.11823	0	0	0.09571	0	1.3746	0	0	0	0	0	0.5276	0	0	0	0	0	0	0	0	0	0	0	0	0	0.10526	0	0	0	0	0	0	0	0	0	0.03281	0.19042	0	0	0	0.08048	0	0.41151	0	0	0	0	0.23571	0	0	0	0	0.04052	0.02813	0	0	0	0	0	0	0	0	0	0	0	0	0	0	0	0	0	0.24004	0	2.07173	0.0068	0.05917	0	0	1.18298	0	0.16124	0	0	0	0	0	0	2.91732	0	0.10149	0	0.46343	0	0	0	0	0	0	0	0.71028	0	0	0	0	0	0.21202	0.09782	0.0189	0	0	0	0	0	0	0	0	0	0	0.2685	0	0.01746	0	0	0	0	0	0	0	0	0	0	0	0.4146	0	0	0	0	0	0	0	0	0	0	0	0	0	0	0	0	0	0	0	0	0	0	0	0	0	0	0	0	0	0	0	0	0	0	0	0	0	0	0	0	0	0.09999	0	0	0	0	0	0	0	0.04962	0	0	0	0.05992	0	0	0	0	0	0	0	0	0	0
"Clostridium_sp_AM33_3"	0	0	0	0	0	0	0	0	0	0	0	0	0	0	0	0	0	0	0	0	0	0	0.14986	0.00686	0.02444	0	0.061	0	0.09902	0	0	0	0	0	0	0	0.19257	0	0	0.02738	0.06101	0	0	0.13027	0	0	0	0	0.10046	0.02395	0.06813	0.04079	0.04307	0	0	0.02815	0.01051	0	0	0	0	0	0	0	0	0	0	0	0	0	0	0	0	0.01988	0.02218	0.00371	0	0	0	0	0	0	0	0	0	0	0	0	0	0	0.13246	0	0	0.08151	0.1246	0	0	0.26982	0.10157	0	0	0	0	0	0	0.17209	0.02671	0	0	0	0	0	0	0	0	0	0	0	0	0	0	0	0	0	0	0	0	0	0	0	0	0	0	0	0	0	0	0	0	0	0	0	0.11545	0	0	0	0	0	0	0	0	0	0	0	0	0	0	0.02161	0	0.00992	0.02297	0	0	0.06409	0	0	0	0	0	0.10091	0.00374	0	0	0	0	0.22198	0	0	0	0	0	0	0	0.22753	0.00666	0	0.04647	0	0	0	0	0.04136	0	0	0	0	0	0	0.07237	0.40721	0.1708	0	0	0	0	0	0	0	0	0	0.06838	0.01122	0.02681	0.04741	0	0.24258	0	0.04445	0	0	0	0	0	0.02797	0.0024	0	0	0	0	0	0.03104	0.0079	0.03223	0	0.0043	0.01579	0	0	0	0	0.02	0	0	0	0	0	0.03616	0	0	0	0	0	0	0	0	0	0	0.05137	0	0	0.09884	0.08145	0	0	0	0.46887	0	0	0	0	0	0.03595	0.0299	0.10158	0	0	0	0.1473	0	0	0	0	0	0	0.07444	0.12493	0	0	0	0	0.15978	0.0015	0	0	0.19736	0	0	0	0	0	0	0.03302	0	0	0	0.239	0	0	0	0	0.11312	0	0	0.21371	0	0	0	0	0.1577	0	0	0	0	0.31481	0	0	0	0	0	0	0	0.10976	0	0.16595	0.00836	0	0	0.19076	0	0.05184	0.72226	0	0	0.29328	0	0.17832	0	0	0	0.08953	0	0	0.03083	0	0	0	0	0	0	0	0.29785	0	0	0	0	0	0	0	0	0	0	0.15849	0	0.01929	0.01906	0	0	0.07327	0	0	0	0	0	0	0	0.04041	0	0.022	0	0	0	0	0.11346	0	0.20011	0	0	0	0.29123	0	0	0	0	0	0	0	0	0	0	0	0	0	0	0	0	0	0	0	0	0	0	0	0	0	0	0.24031	0	0.0591	0
"GGB9699_SGB15216"	0	0	1.16782	0.36779	0	0	3.25562	2.30812	0.06933	0	0	0	0	0	0	0	0	0	0.05626	0.02429	0	0	0	0.02256	0.37699	0.09439	14.34684	0	0	0	0	0	1.31408	1.30258	0	7.02094	0	0	0.05366	0.21014	0.1583	0	13.85339	0.12077	0	0	0	0	1.58133	2.40676	0.29901	0	0	0	0	0.14099	0.00025	0	0	0.52402	0	0.13772	0	0.15217	0.36602	0	0	2.61243	0.42803	0	0	0	0	0.09539	2.27174	0.09843	0	0	0	0.09704	0.75784	0.08571	0	0	0	0.55255	0	0	0	0	0	0	0	0.44593	0.16606	0	0	0	0.08779	0	0	3.72848	2.35078	0	0	0.6399	0.03097	0	0	0	0	0	0	0	0.62617	0	0	0.39262	0	0	0	0	0	0	0	0.12436	1.98862	8.67154	0	0.54169	0	0	0	0	1.41027	0	0	0	0	0	0	0	1.49369	0	0	0	0	0.18165	0.77102	0	0	0	0	0	0	0	0	0.47557	0	0	0.17656	0	0	0.07337	0.01638	0	0.01059	0.36065	0	0.03869	2.74841	0	0	0.1165	0	0	0	0	0	0	0	0	0	0	0	0	0.05868	0.1083	4.51409	0	0.87191	0.19402	0	0	0	0.21391	0.11692	0	0	0	0	0.51605	0.12977	0	4.61064	1.59792	0.79723	0.36473	0.03397	0	2.62864	0	0.18612	2.46642	0.97914	0.55115	0	0	0.20051	0.73814	0	0	0	0	0	0	0	0	0.37136	0.74491	0	0.01917	0.13471	1.92236	0.35902	0.12956	0.67127	0.18926	0	0.06255	0.00268	0	0	0	0.56984	0	1.479	0	0	0	0	0	0	0.53383	0	0	0.26769	2.33695	3.37317	0	0	0.22656	0	0	0	0	0.64045	0	0.06165	0	0	0	0.00454	0.07641	0.13908	0	0	1.27095	0	0.30803	0	0	0.90759	0.06853	0	0	0	0	0	0	0	2.24016	3.43868	0	0	0.35058	0	0	0	0	0	0.03132	0	0.34729	0.6802	1.22982	0	1.09067	0	0	0.01952	0.14591	0	0	0	0	0.37582	0	0	0	0	0.1201	0	0	0	0	0	0	1.67544	0	0	0.09072	1.91516	0	0	0.32136	0	0.73082	0.12286	0.12556	0	0	0	0.2418	0	0	1.16235	0	0.02337	0.30028	0	0	0.00348	0	0	0	0	0	0.43239	0.32432	0.07427	0	0	0	1.26431	0	0.20057	0.47056	0	0	0	0	4.58972	0	0	0	0.18787	0	0	0.31243	0	0	0	0.41709	0	0.77667	0.00045	1.24287	0.14071	0	0.01085	0	0	0.2998	0	0	0	0	0	0	0	0	0	0	0	0.89622	0.60879	0	2.00202	0	0	0	0	0	0.31853	0	0	0	0.28115	0	0	0	0	0	0	0	0	0	0
"Blautia_SGB4815"	0.02444	0.08392	0	0	0.0196	0	0	0	0	0	0	0	0	0.01781	0	0	0	0	0.01545	0.01944	0	0	0	0	0.02044	0	0	0	0	0.02585	0	0	0	0	0.05221	0	0	0	0	0.01828	0.0015	0	0	0.08798	0	0	0	0	0.04159	0.00171	0.06064	0	0	0	0	0.0036	0	0	0	0	0	0	0	0.00691	0.10248	0	0	0	0	0	0	0	0	0.0183	0.0012	0	0	0	0	0	0.00608	0	0	0	0	0	0	0	0	0	0.03359	0	0	0.10593	0.01014	0	0	0	0	0	0	0	0	0	0	0	0	0	0	0	0	0	0	0	0	0	0	0	0	0	0	0	0	0	0	0	0	0	0	0	0	0	0	0	0	0	0	0	0	0	0	0	0	0	0	0	0.14181	0	0	0	0	0	0	0	0	0	0	0	0	0.00234	0.04438	0	0.01075	0.01542	0	0	0	0	0.05613	0	0.11771	0.02509	0	0	0	0.01435	0	0	0	0.0518	0	0	0	0	0	0	0	0	0	0	0.06366	0	0	0	0	0	0	0	0	0	0	0	0	0	0	0.08784	0.01246	0	0.00844	0.18874	0	0	0	0.11497	0.12369	0	0	0	0	0	0	0	0	0.01843	0	0	0	0	0	0	0.00953	0	0.0084	0	0	0.02277	0	0.01934	0	0	0	0	0	0	0.01088	0	0	0.16997	0	0	0	0	0	0	0	0	0	0.06601	0	0	0	0.00389	0	0	0.0205	0	0	0	0.01497	0	0	0	0.02273	0	0	0	0	0	0	0	0	0.11181	0	0.01735	0.01735	0	0	0	0	0	0	0	0	0.01481	0	0	0	0	0	0	0	0	0	0.0089	0	0.02061	0	0.00177	0	0	0	0	0	0	0	0	0.03883	0.03788	0.01626	0	0	0.01924	0	0.02346	0	0	0	0	0	0	0	0	0	0	0	0	0	0	0.03356	0.00473	0	0	0	0	0	0	0	0	0.26191	0	0.03383	0	0.02142	0	0	0.1404	0	0	0	0.26047	0	0	0	0	0.03364	0	0	0	0	0	0	0	0	0	0	0	0.01407	0	0	0	0	0	0	0.00589	0	0.1032	0	0	0	0	0	0	0	0	0.02807	0	0	0	0	0	0.17824	0	0	0	0	0.04395	0	0.06319	0.00703	0	0	0	0	0	0	0	0.08259	0	0	0	0	0	0	0	0	0	0	0	0
"Lachnospiraceae_bacterium"	0.02128	0	0	0	0	0	0.06538	0.17153	0	0.00743	0	0.03028	0	0	0	0	0	0.00375	0.05013	0.04456	0	0	0.04973	0.0106	0.08033	0	0.03988	0	0	0.10318	0	0	0	0.00839	0.02965	0	0.05986	0	0.00407	0.00947	0.00847	0	0.01247	0.03437	0	0	0	0	0.01863	0.02935	0.00832	0	0	0	0.02948	0	0	0	0	0	0	0.00786	0	0	0.00287	0	0	0	0.00606	0	0.01265	0	0	0.0101	0.00444	0.00889	0	0	0	0.0061	0.00928	0	0	0	0	0.0094	0	0	0	0.05187	0	0	0	0.0758	0	0	0	0.01576	0.00046	0	0	0	0	0	0	0	0	0	0	0	0	0	0	0	0	0	0	0.00041	0	0	0.05783	0	0	0	0	0	0.00618	0.00557	0	0	0	0	0	0	0	0	0	0	0	0	0.02298	0	0.00083	0	0	0	0.02504	0	0.1625	0	0	0	0	0	0	0	0	0.02017	0.11281	0	0	0	0	0.00873	0.07432	0	0	0.02499	0.09746	0.51849	0.15663	0.02914	0	0.07211	0	0	0	0	0.00082	0	0	0	0	0	0.09178	0	0.01252	0	0	0	0.09764	0.05977	8e-04	0	0	0	0	0	0	0.04775	0	0.18874	0.05677	0	0.02998	0.05949	0	0.04667	0.05232	0	0.10539	0	0	0.09277	0.03466	0.017	0.03502	0	0.04763	0.10954	0	0.03093	0	0	0	0	0	0.00519	0	0.0279	0.02354	0.02328	0.10278	0	0.06618	0.12332	0.05938	0	0	0.08908	0	0	0	0.02392	0.25726	0	0.01432	0	0	0.01487	0	7e-05	0	0	0	0	0.03481	0.14687	0.00303	0	0	0.20615	0.14703	0	0	0	0.11295	0.11617	0.02595	0	0	0.22194	0.01984	0.08156	0	0.023	0.01528	0	0	0.05887	0.05726	0.03807	0	0.06879	0.0151	0.05958	0	0	0	0.0427	0	0	0.13539	0	0	0.03022	0	0	0.04659	0	0	0	0	0.03411	0	0	0	0.01091	0.00406	0	0.21364	0	0.07773	0	0	0	0.10667	0.08436	0.07151	0	0	0.04334	0	0	0	0	0	0	0	0	0	0.41394	0	0	0	0.04056	0	0	0.03399	0.10275	0	0	0	0.33167	0	0.04011	0	0	0	0.05573	0	0.01489	0	0.01987	0.00155	0	0	0.00454	0	0	0	0	0	0.08782	0.30812	0	0.11746	0	0	0	0	0	0.08808	0.00766	0	0	0.0212	0	0	0	0	0	0	0.0437	0.02054	0.15319	0.03814	0.26207	0.02874	0	0.19335	0	0.01631	0	0	0	0	0.01857	0	0	0	0	0	0	0	0.04183	0	0	0.13273	0	0	0.18734	0	0	0.06927	0	0.07095	0	0.02617	0.1783	0	0	0	0	0	0.0359	0	0	0
"Lacticaseibacillus_paracasei"	0	0	0	0	0	0.0305	0.0067	0	0	0	0	0.14634	0	0	0	0	0	0	0	0	0	0	0.00875	0	0	0	0	0	0	0.01504	0	0	0	0	0.00658	0	0	0	0	0.00899	0.01602	0.02024	0	0	0.00158	0	0	0	0	0	0.00299	0.00371	0.02398	0	0	0.0325	0.00119	0	0	0	0	0	0	0	0	0	0.14889	0.09823	0.00147	0	0	0.60318	1.21447	0	0	0.02086	0	0	0	0	0	0	0	0	0	0	0	0	0	0	0	0	0	0	0	0	0	0	0	0	0	0	0	0	0	0.019	0	0	0	0	0	0.10157	0	0	0	0	0	0	0	0	0	0	0	0	0	0	0	0	0	0	0	0	0	0	0	0	0	0	0	0	0	0	0	0.01089	0	0	0	0	0	0	0	0	0	0.02337	0	0	0	0	0	0	0	0	0	0	0	0	0	0.03841	0	0	0	0	0	0	0	0	0.15047	0	0	0	0	0	0	0	0	0	0	0	0	0	0	0	0.50116	0	0	0	0	0	0	0	0	0	0.28085	0	0	0	0	0	0	0	0	0	0	0	0	0	0	0	0	0	0	0	0.13193	0.11224	0	0	0	0	0	0	0	0	0	0	0	0	0	0.4583	0	0	0	0	0	0	0.08416	0	0	0	0	0	0	0.03741	0	0	0	0	0.0086	0.0228	0	0	0	0	0	0	0	0	0	0	0	0	0	0	0	0	0	0	0.06186	0.00088	0	0.03532	0	0	0	0	0	0	0	0	0	0	0	0	0	0	0	0	0	0	0	0	0	0	0	0	0	0	0	0	0	0	0	0	0.05798	0	0.08963	0	0.10323	0	0	0	0	0	0	0	0.58393	0	0	0	0.00589	0	0	0	0	0	0.00069	0	0	0	0	0.06987	0	0	0	0	0	0	0	0.09312	0	0	0	0	0	0	0	0	0	0	0	0	0	0	0	0	0	0	0	0	0	0	0	0.02208	0	0	0	0	0	0	0	0	0	0	0	0	0	0	0	0	0.01513	0	0	0	0	0	0.05171	0	0	0	0	0	0	0	0	0	0	0	0	0	0	0	0	0	0	0	0	0	0	0	0	0	0	0	0	0	0	0	0	0	0
"Anaerotignum_faecicola"	0	0	0	0	0	0	0.22609	0.08062	0.01778	0	0.34389	0	0	0	0.03405	0.13553	0	0	0	0	0	0	0	0.13717	0.09402	0.04658	0.01365	0	0.59127	0.02856	0	0	0.01798	0	0	0	0.24	0	0.00517	0.05042	0.08275	0	0	0	0	0	0	0	0.01064	0	0	0	0	0	0.38585	0.00725	0.00409	0	0	0	0	0.15921	0	0	0	0	0	0	0	0	0	0	0	0.01448	0.00123	0.08658	0	0	0	0	0	0	0	0	0	0	0	0	0.01299	0	0.16456	0	0	0.1334	0	0	0	0.09001	0.13339	0	0	0	0	0	0	0	0.03787	0.47665	0.34895	0	0	0	0	0	0.12406	0	0	0	0	0	0	0.05013	0	0	0	0	0	0	0	0	0	0	0	0.04513	0.00386	0	0	0	0	0	0.41721	0	0	0.03371	0	0	0.13436	0	0.09437	0	0	0	0	0	0	0.03082	0.09728	0	0	0.13286	0	0	0	0.08237	0	0	0	0.15577	0	0.1929	0.57942	0.21205	0	0.27229	0	0	0	0	0	0	0	0	0	0	0	0	0	0	0	0	0.08987	0.09337	0	0	0	0	0	0	0	0	0	0	0.01464	0	0	0	0	0	0.05966	0	0.0049	0	0	0.37835	0	0	0	0	0.25253	0.0804	0	0	0	0	0	0	0	0	0	0	0.03111	0.04763	0	0	0.04344	0	0.02082	0.13761	0	0	0	0	0.00722	0	0.04585	0	0	0	0	0	0	0	0	0	0	0	0	0.04949	0	0	0	0	0	0	0	0	0.02434	0	0	0	0	0	0.01994	0.09527	0	0	0	0.00444	0	0	0	0	0	0.00796	0.02472	0	0.02354	0	0	0	0	0	0	0.03338	0	0.10291	0.05471	0	0	0.45522	0	0	0	0.04295	0	0.1508	0	0	0	0	0	0	0	0	0	0	0	0.12367	0.00929	0.0033	0	0.15758	0	0	0	0	0	0	0.10637	0	0	0.13507	0	0	0	0.12466	0	0.04928	0	0.03728	0	0	0.11598	0.01432	0	0	0	0	0	0.11345	0	0	0.06911	0.02999	0	0	0	0	0	0	0.47146	0	0.28618	0	0	0	0.76014	0	0	0	0	0	0	0.00964	0	0	0	0	0	0	0	0	0	0	0	0.23848	0	0	0.16644	0	0	0	0.25804	0	0	0.18035	0	0	0	0	0	0	0	0	0	0	0	0	0	0	0	0	0	0	1.12048	0	0	0	0.07329	0	0	0	0.48675	0	0	0	0	0	0.22031
"Clostridium_sp_AM42_4"	0	0	0	0	0	0	0.0644	0.21735	0	0	0	0.13821	0	0.0095	0	0	0	0	0.11416	0.07382	0	0	0	0	0	0	0.00737	0	0	0	0	0.05594	0	0	0.06239	0	0	0	0.00175	0	0	0	0	0	0.52087	0	0	0	0.07179	0	0.0466	0	0	0.05151	0.02005	0	0.00251	0	0	0	0	0	0	0	0	0	0	0	0	0	0	0	0	0.00901	0.04032	0	0	0	0	0	0	0	0	0	0	0	0	0	0	0	0.06853	0	0	0.06812	0.01254	0	0	0	0.02044	0	0	0	0	0	0	0	0	0	0	0	0	0	0	0	0	0	0	0	0	0	0	0	0	0	0	0	0	0	0	0	0	0.42611	0	0	0	0	0	0.11831	0	0	0.28288	0	0	0	0	0	0	0	0	0	0	0	0	0	0	0	0	0	0	0	0.03068	0	0	0	0	0	0	0.01493	0	0	0	0	0	0.10105	0	0	0	0	0	0	0	0	0	0	0	0.01515	0	0	0	0	0	0.04055	0	0	0	0.03181	0	0	0.02781	0	0	0	0	0	0	0.01321	0	0	0	0	0	0	0.01668	0	0	0	0	0	0	0	0	0	0	0	0	0	0	0	0	0	0.00323	0.01135	0	0	0	0.02875	0	0	0	0	0	0	0	0.00422	0.00663	0	0.02498	0	0	0.01773	0	0	0	0	0	0.21941	0	0	0	0	0.0239	0	0	0	0	0	0	0	0	0	0	0	0.0044	0.07719	0	0	0	0	0.37013	0.0468	0	0	0	0.01827	0.02522	0	0	0.03503	0	0	0	0	0	0	0	0.07985	0	0	0	0.03723	0	0	0.16012	0.0169	0	0	0	0	0.1304	0	0	0	0	0	0	0	0	0	0	0	0	0	0	0.02125	0	0	0	0	0	0	0	0.07568	0	0	0	0	0	0	0	0	0	0	0.3342	0	0	0	0	0	0	0	0	0	0	0	0	0	0	0	0	0	0	0	0	0.03633	0.00757	0	0	0	0	0	0	0	0	0	0	0	0	0	0	0	0	0	0	0	0	0	0	0	0	0	0	0	0.01053	0.02219	0	0	0	0	0	0	0	0	0	0	0	0	0	0	0	0	0	0	0	0	0	0	0	0	0	0.03169	0	0	0.11683	0	0	0	0	0	0
"Hydrogeniiclostidium_mannosilyticum"	0.01307	0	0.05093	0	0	0	0.02478	0.00237	0	0	0	0	0	0	0	0	0	0	0.00914	0.00592	0	0	0.15372	0	0.00227	0	0.0537	0	0	0.03104	0	0	0	0.04367	0	0.14001	0	0	0.02331	0.01533	0.01262	0	0.29156	0.03232	0	0	0	0.00381	0	0.00487	0	0.00141	0.03676	0.0225	0	0	0	0.00495	0	0.17453	0.11086	0	0	0.08976	0.00367	0.06872	0.02731	0	0	0	0.05496	0.01078	0	0.00318	0.03921	0.02221	0	0	0	0	0	0.00152	0	0	0	0.03263	0	0	0.03347	0	0	0	0	0	0	0	0	0	0.00046	0	0.02055	0.03621	0.05088	0	0	0	0	0.05663	0.06902	0.01524	0	0	0	0.10251	0	0	0	0.0269	0	0.00898	0.00728	0	0	0	0	0.00082	0.01084	0.28036	0	0.00302	0	0	0	0	0.04071	0	0	0	0	0	0	0	0.1033	0	0.01151	0	0.0141	0.00357	0	0.03036	0	0.07025	0	0	0.04969	0	0.00779	0.0251	0.00338	0.03013	0.01539	0	0.03801	0	0	0.01695	0	0	0	0.01387	0.11317	0.01017	0.12868	0.04412	0	0	0.03109	0	0.01461	0	0	0.01698	0	0	0.02484	0	0.03064	0.02238	0.03394	0	0.06978	0	0.01535	0	0	0.00539	0	0	0.00537	0.02668	0	0.00271	0	0.00561	0.02394	0.00431	0.04684	0.01945	0	0.01278	0.0018	0	0.00337	0.02985	0.11607	0	0	0	0	0.01691	0	0	0	0	0.10793	0	0	0	0.00399	0.00058	0	0	0	0.07436	0	0	0.02294	0.03296	0	0.00522	0.02647	0.08433	0	0.03368	0.00623	0	0.07204	0	0	0.03395	0.03282	0.13134	0	0	0	0	0	0	0	0	0.08663	0	0	0	0	0	0.00706	0.00656	0	0	0.10774	0	0	0	0	0.07711	0.00316	0.03935	0	0	0.23198	0.06383	0	0.03177	0	0	0	0	0	0.03753	0	0.08922	0.15163	0	0	0.01905	0.02808	0	0.01698	0	0.01899	0	0	0	0.02215	0	0	0.01549	0	0.23954	0.01192	0.01147	0.1935	0	0	0	0.01727	0	0	0	0	0.02664	0.00022	0.01316	0.0748	0	0.02329	0	0	0	0	0	0.07194	0.01705	0.02301	0.00184	0	0.00256	0.01442	0.03422	0	0	0	0.01932	0	0	0	0	0	0	0	0	0.00737	0.02602	0	0.05282	0.02165	0	0.02795	0	0	0	0	0.02107	0	0.00896	0	0	0	0	0	0	0	0.00063	0	0	0	0	0	0.00899	0	0	0	0.001	7e-04	0.00605	0	0	0	0	0.00198	0	0	0.01064	0	0.04492	0	0	0	0	0.08009	0	0.06467	0	0.03439	0	0.00288	0	0.01258	0.01156	0	0	0.00098	0	0.00503	0	0.02423	0	0	0	0	0	0	0	0	0	0	0	0
"Clostridiales_Family_XIII_bacterium_BX16"	0	0	0	0	0	0	0	0	0	0	0	0	0	0	0	0	0	0	0	0	0	0	0.02408	0	0	0	0	0	0	0	0	0	0.00808	0	0	0.12716	0	0	0	0.01131	0	0	0	0.04569	0	0	0	0	0	0	0	0	0	0	0	0	0	0	0	0	0	0	0	0.00494	0	0	0	0	0	0	0	0	0	0	0.00026	0.00112	0	0	0	0	0	0	0	0	0	0	0	0	0	0	8e-04	0	0	0	0	0	0	0	0	0	0	0	0	0	0	0	0	0	0	0	0	0	0	0	0	0	0	0	0	0	0	0	0	0	0	0	0	0	0	0.0411	0	0	0	0	0	0	0	0	0	0	0	0	0	0	0	0	0	0	0.0726	0	0	0	0	0	0	0	0	0	0	0.14675	0	0	0	0	0	0	0	0	0	0	0	0	0	0	0	0	0.04423	0	0	0	0	0	0	0	0	0	0	0	0	0	0.35038	0	0	0	0	0	0	0	0	0	0	0	0	0	0	0	0	0.00316	0	0	0	0	0	0.03894	0.06301	0	0	0	0	0.11608	0	0	0	0	0	0	0	0	0.04356	0	0.00025	0.01196	0	0.4401	0	0.00848	0	0	0	0.01834	0	0	0	0	0	0	0.05357	0	0	0.00803	0	0	0	0.03091	0.02048	0	0	0.05918	0	0	0	0	0	0	0	0	0	0	0	0	0	0	0	0.02974	0	0	0	0	0	0	0.07123	0	0	0	0	0.00078	0	0	0.0017	0	0	0.02733	0.09627	0	0	0	0	0	0	0	0	0.00328	0	0	0	0	0	0.43896	0	0	0	0	0	0	0	0	0	0.00348	0.00531	0	0	0.00897	0	0	0	0	0	0	0	0	0	0.13998	0	0	0	0	0	0	0.00855	0	0	0	0	0	0	0	0	0	0	0.01703	0	0	0	0	0	0	0	0	0	0	0	0	0	0	0	0	0	0.02913	0	0	0	0	0	0	0	0	0	0	0	0	0	0	0	0	0	0.06356	0	0.0178	0	0	0	0	0	0	0	0	0	0	0	0	0	0	0	0	0	0	0	0	0	0	0	0	0	0	0	0	0	0	0	0	0	0	0	0	0	0	0	0	0
"Alistipes_shahii"	0.83437	0.93473	0	0	0	0	0	0	0	0	0.58932	1.21497	0	1.46254	0	0	0	0	0	0	0	0	2.58122	0.16261	0	0	0	0	0	0.58123	0	0	0	1.14284	0	1.08087	0	0	0.23831	0.21047	0.10578	0	0	0	0	0	0	0	0	1.36847	0	0.02211	0.86213	0.37973	0	0.06279	0.00416	0	0	0	0	0.38327	0	0	0	0	0	0	0	0	0	0	0	0.03352	0.10071	0.21133	0	0	0	0	0	0	0	0	0	0	0	0	0	0	0.29066	0	0	0.08531	0	0	0	0	0	0	0	0	0	0	0	0.07981	0	0	0	0	0	0	0	0	0.79597	0	0	2.53363	0	0	0	0	0	0	0	0	0	0	0	1.13485	0	0	0	0.13002	0	0	0	0	0	0	0	0	0.95648	0	0	0	0	0	0	0.35927	0	0.64201	0	0	0	0.19502	0.83324	0.50297	0	0	0.15214	0.28567	0.61689	0.01021	2.13612	0.90053	0	0.54946	0	0.29501	0	0.93096	0	0	0	0	0	0	0	0	0	0.53319	0	0	0	0	0	0	0	0	0	0	0	0	0	0.81707	0	0	0	0	0	0	1.74073	0	0.11278	0	0	0	0.22443	0	0.19051	0	0	2.40862	0	0.11732	0	0	0.04892	0	0	0	0	0	0	2.20005	0	0.71744	0	0.40539	0.07044	0.0617	0	0.73055	0	0.24077	0	0	0	0.01943	0	0	0.23053	0	0	0	0	0	0	0	0	0	0	2.93348	0.90561	0	0	0.63344	0	0	0	0	0	0	0	0	0.69573	0	0	0	0	0	0	0.6337	0	0	0	0	0	0	0	0	0	2.0755	0.04817	0.22877	0	0.09356	0	0	0	1.83528	1.8193	0	0	0	0	0	0	0.81122	0	0	0.55794	0.2645	0	0	0	0.33305	0	0	1.89774	0	0.84822	0	0	0	0	0.94134	0.52648	0.14927	0	0	0	0	0	0	0	0	0	0	0	0.80765	0	0	0.27121	1.33679	0	0	0	0.79932	0	0	0	1.38064	0	0	0	0	0	0.26139	0	0.29276	0.07282	0	1.74936	0	0	0	0.71175	0	0	0	0	0	0	0	0	0	0	0	0	0	0	0	0.84198	0	0	1.79982	0	0	0	0	0	0.21413	0	0.65269	0	0	0.05009	0	0	0	0	0.58042	0	0	0	0	0	1.76647	0	0	0	0	0	1.82956	0.97555	0	0	0	0	0	0	0	0	0	0	0	0.42811	0	0	0	0.96612	0	0	0	0	0	0
"Streptococcus_sanguinis"	0	0	0	0	0.00381	0.01456	0.00087	0	0	0	0	0	0	0.05813	0.01517	0.07678	0	0	0	0.01142	0.00303	0	0	0.00215	0	0	0	0	0	0	0	0.0117	0.02128	0	0	0	0	0	0.01001	0.01039	0.01024	0	0	0	0	0.02073	0	0	0	0	0	0	0	0	0	0	0.02164	0	0.00309	0	0	0	0.04174	0.00681	0	0	0	0.00433	0	0	0	0	0	0.0169	0.01089	0.00571	0	0	0	0	0	0	0	0.00655	0.00056	0.02782	0	0	0	0.00039	0.02427	0	0.01269	0	0.00154	0	0.00359	0	0	0.0477	0.0451	0	0	0	0	0.00168	0.00351	0	0	0	0.00789	0	0	0	0.01427	0	0	0	0	0	0	0	0	0	0	0.00133	0	0.00212	0.07485	0.00113	0	0	0.01401	0	0	0.0132	0	0.00258	0.01139	0	0	0	0	0	0	0.01824	0	0	0.00663	0	0	0	0.0076	0	0	0.00282	0	0	0	0	0	0	0	0	0.00272	0.01223	0.01116	0	0	0	0.00261	0.0359	0	0	0	0	0	0.00261	0	0	0	0.0044	0.01257	0.01712	0.07694	0.01083	0.00499	0	0	0	0	0	0.05536	0	0	0	0.04277	0	0	0	0.0018	0	0.05217	0	0	0	0.00137	0	0	0.01372	0	0	0	0.00084	0	0	0.08382	0	0	0	0	0	0.00138	0	0	0	0.02326	0	0.02644	0	0.02149	0	0.0012	0.00324	0.03199	0.0169	0	0.0252	0.03533	0.03549	0.00546	0.00108	0	0.00125	0.009	0.01179	0	0	0	0	0.01164	0	0	0.00666	0.01964	0	0	0	0	0	0	0	0.01666	0.094	0.00487	0	0	0	0	0	0.04591	0	0	0	0.01274	0	0.00311	0	0	0	0.0167	0	0.00255	0	0	0.00276	0	0.02351	0.02286	0.05643	0	0.00854	0.01589	0	0	0.00932	0	0	0.0065	0	0.00634	0	0	0.01266	0.07814	0	0	0.0319	0.0097	0.01401	0.01103	0.00231	0.04794	0.00697	0.00042	0	0.02224	0	0.00333	0	0	0	0.00196	0.00095	0	0	0	0	0	0.00291	0.00242	0	0	0	0	0.00586	0.0034	0	0.00986	0	0.06005	0	0.23191	0.00375	0.02577	0.03203	0	0	0	0	0.01169	0	0	0	0.00195	0.00477	0.00058	0	0	0.02408	0	0	0.0184	0.00509	0	0	0	0	0.01025	0	0.0355	0	0	0	0	0	0	0	0	0	0	0.00642	0.00876	0.00878	0	0	0	0	0.00417	0.03437	0.00703	0	0	0.00253	0	0.00063	0	0.01567	0	0	0.01226	0	0.00654	0	0	0.00399	0	0	0	0	0.15915	0	0.03707	0	0.02219	0.28296	0	0	0.00095	0	0.01169	0	0	0	0.1264	0	0.00701	0	0
"Waltera_intestinalis"	0	0.00438	0.02808	0	0	0	0.02144	0.3918	0.02098	0	0.03314	0.00849	0	0	0	0	0	0	1.26179	0.20605	0	0	0	0.02219	0.00999	0	0.09991	0	0.01512	0	0.05972	0	0.00813	0	0.08446	0.08779	1.48782	0	0.04112	0.01114	0.04632	0	0	0	0	0	0	0.01976	0.0355	0	0.00705	0.02253	0	0	0.00458	0	0.00573	0	0	0	0	1.68035	0	1.30543	0	0.00469	0	0	0	0	0.00544	0.42159	0	0.28324	0.01125	0.04739	0	0	0	0.09357	0.03414	0	0	0	0	0.41935	0	0.08888	0.02951	0.01601	0.00053	0	0	1.95059	0.16992	0	0	3.30067	0.11016	0	0	0	0.00367	0	0	0.01802	0.48714	0	0	0.00113	0	0	0	0	0.02227	0	0	0.00646	0	0	0	0	0.03047	0	0.11147	0.03827	0.38368	0	0	0	0.03081	0	0	0	0.85768	0	0	0	0.95066	0	0	0.01545	0.01511	0	0	0	0.01205	0	0.10106	0.09233	0	0.00652	0	0	1.82663	0	0	0.19169	0.00152	0	0	0	0	1.56316	0	0	0.07377	0.01326	0.05481	0.00055	0.03216	0.05283	0	0.03093	0	0.0197	0	0.00519	0.00556	0	0	0	0.01079	0	0.21928	0	0.00486	0	0	0	0.14167	0.1481	0	0	0	0	0.00445	0	0.00071	0.00872	0	0.00334	0.34349	0	0	0.09594	0	0.03067	0.71271	0	0.05193	0.00352	0.00369	0.08421	0.03254	0	0.20935	0	0	0.02211	0.5987	0	0	0.24214	0	0	0	0	0.01554	0.03549	0.00405	0.00026	0.13215	0	0.01502	0.015	0.24572	0.19249	0	0	0	0	0	0.06457	0.6436	0	0.28655	0.90974	0	0.02224	0	0	0	0	0	0.00024	0	2.03974	0	0	0	0	0.08153	0	0	0.02855	0.00594	0	0.06849	0	0	0.08609	0.00102	0	0	0.07734	1.52085	3.24266	0	0.08185	0.00612	0.00556	0	0.0022	0.00817	0	0.04529	0.01689	0	0	0	0.05461	0.06315	0.00762	0	2.79206	0	0	0.12589	0	0	0	0	0.00512	0	6.3282	0.0678	0.02681	1.601	0	0.40221	0	0	0	0	0	0.00384	0.01126	0.35349	0	0	0.1815	0	0.00817	0	0	0	0	0.12417	0	0	0.24547	0	0	0.10527	0.51406	0	0	0.08093	0	0	0	0	6.07387	0	0	0.01721	0	0.02944	0.00794	0	0	0.25798	0.05864	0	0	0	0.09806	0.01035	0.00219	0	0	0	0.00273	2.7258	0	0.24381	0	0	0	0	0	0	0.0072	0	0	2.355	0.05003	0	0	0	0	0	0.01183	0	0.08228	0	0.02904	0.02645	0.00524	0	0	0.16588	0.14878	0	0	0	0	0	0	0.05739	0.69572	0	0	0.00341	1.4432	0	0	0	0	0	0	0	0	0.05559	0	0.1873	0	0.12378	0	0	0	0	0	0	0.01105	0	0	0.39249
"Anaerobutyricum_soehngenii"	0.79443	0.00702	0.05374	0	0.75168	0.52302	0.41372	0.74445	0	0	0	0	0	0	0	0	0	0	0.23214	0.13708	0	0	0	0.01843	0.02066	0	0.23717	0	0.47152	0.09892	0	0.01002	0.00796	0	0	0.10862	0.57712	0.3978	0.0796	0.24765	0.12358	1.76298	0	0.77325	0.19061	0	0	0	0.00304	0.19	0.00337	0.28297	0.19011	0	0	0.0019	0.00294	0	0	0	0	0.18212	0.28328	0.25951	1.46075	2.32717	1.23668	0	0	0	0	0	2.56723	0.11942	0.10699	0.21617	0.86595	0	0	0.01606	0.00978	0.57544	0	0	0	0.6566	0	0	0	1.01888	0.0365	0	0	0.00691	0	0	0	0	0.00597	0	0	0	0	1.02338	1.35735	0	0	0	0	0.25498	0	0	0	0	0.0773	0.5261	0.37145	0	0	1.00972	0.49358	0.71393	0	0.35667	0	0.13185	1.02256	0.64319	1.96898	0	0	0	0	0.00024	1.77728	0	0	0	0	0	0	0.49096	0.0651	0	0	0	0	0	0	0	0	0.77727	0	0	0.57793	0	0.61893	0.56788	0	0.08192	0.75779	0	0	0	0.33413	0	2.47253	0	0.4305	0.02964	1.36555	0.21871	1.27012	0	0	0	1.33551	0	1.2124	0	0	0	1.28811	0.94906	1.08334	0.00573	0.15304	0.43995	1.35413	0	0.04252	0	0	0	1.36117	0.04231	0.00172	0.21378	0	0.45254	0	1.44511	1.41815	0	0	0.45655	0.57252	0.43482	0	0	0.33282	0.24704	0.96687	0.00918	0.19871	0.77098	0	0.66548	0.33829	0.09132	0	0	0	0.03173	0.9928	0.7787	0	0	0.70193	0.22655	0.00742	0	0.11169	0	0	0.02731	0.21226	0.00658	0.73296	1.21186	0	0	0	1.92245	0.18056	0	0	0.36005	0	0.87377	0	0.13643	0.36984	0	0	0.77622	0	0.05906	0	0	0.83713	0	0.04456	0.00017	0	0.81365	1.01773	0	0.00683	0	0	0	0.00165	0.09932	0.95614	0	0.26045	1.16356	0.01912	0.01361	0.05599	0	0	0.05381	0.00628	0.00649	0.5384	0.58685	0	0	0	0.46156	0.41169	0	0	0.21188	0	0	0	0	0	0.00089	0	0.1435	1.37274	0	0	1.03956	0	0.02548	0.17388	0	0	0	0	0	0.97087	0.11045	0.4782	0	0.543	0	0	0.588	0	0	0	0	0.82482	0	0	0.63208	0	1.0174	0	0.43129	0	0.26571	0.39377	1.3184	0	0	0	0.64991	0	0	0	0	0.94345	0.00272	0.23803	0	0.07275	0.74996	1.1378	0	0	1.22441	1.59955	0.96336	0	0	0	0.82016	0.0346	0	0	0	0	0	0	0	0.01168	0	0.17886	0	0	0	0	0	0	0	1.22534	0.38468	0	1.07943	0	0	0.84553	0	1.84035	0	0	0.49359	0	0	0	0	0	0	0.61921	0	1.43978	0	0	0.00138	0.00642	0	0.58122	0.49268	0	1.0184	1.32801	0	0.99079	0	0	0	0.00522	0.38237	0	0	0	0	0	0.10441	0	0	0
"Roseburia_faecis"	1.28267	0.09442	0.35827	1.62301	0.19764	0.25948	0.00046	2.76269	2.05755	0.27861	0	0.41031	0	1.89736	0	0	3.44798	0	0.28707	0.11553	5.7604	1.62114	0	1.14464	0	0	0	6.5441	0	0	0.01342	0.08554	3.65315	0.64362	0.05278	0	0.34265	0.37093	1.01027	1.30631	0.43217	0	0.6543	5.35228	0	0	0.10442	0.44088	0.02176	0.01211	1.49526	1.82727	0.08965	3.69975	0	0.07798	0	1.15675	0.01436	0	0	0	0	0	1.12539	1.88285	0.65852	0.19371	0	0	0.20705	0	0	0.98812	0.29136	0.89754	0	0	0	0.37191	0	2.85571	0	0	0	0.60483	0	0	0.00122	0.12833	1.17686	0	1.30831	1.46193	0.5312	0.03178	0	0	0	3.24155	0	0.01341	0.24959	0.00019	0.70961	2.13702	1.24301	0.78563	0.07254	0.00697	0	0.937	0.01741	1.32224	0.41514	1.76679	0	0.00133	1.29052	3.15936	1.61766	5.11374	1.08537	0	1.00707	0	0	0.01516	0	2.92077	1.52566	3.50331	0	0.73006	0.87241	0	0.17097	0.02259	2.00703	0.00531	0.55255	0	0	0	0	2.27685	0	0.01119	0.025	0.44956	0.01024	0.75469	0.52844	0	3.88379	0	0.17421	0	1.31106	0.01236	3.94579	0.93086	0.79462	0.47339	0.04341	0.74258	0.44894	0	1.06949	0.00898	0.21468	0	0	0.53142	3.78285	1.02597	0.39325	0	1.62848	0.4687	0	11.30951	0.01886	0	0	0	0.78494	0.67955	0	0	1.2464	2.19568	0.14611	0	0.18364	2.3182	0	0	0	0	0	1.11397	0.18518	0	0.12658	0.16681	2.72575	1.0727	0	0.00989	0.88101	0	0.69004	0	0.06633	1.81861	0	1.11743	0.79367	1.04965	0	0	0	0.84455	0.02763	0	0	0	0	1.97614	1.60869	0.48103	6.44223	0	1.33096	0.2993	0.03072	0.36566	0.59498	4.99466	0	2.70101	0.24407	0.01846	0.21489	3.41711	0.12803	0.84256	2.84673	0.99005	0.41572	0	0	0.15329	0	0	0	0.50847	0.15264	0	1.0084	0.21809	3.98267	0.00744	0	2.15538	0.02793	0.0413	2.47571	0.25376	0	1.58751	0	0	1.11832	0	0	0.00095	3.58092	0	0.04047	0.28959	4.93905	2.24502	0.0036	3.30025	0	0	0.23236	1.60887	0.12741	0.34483	0	0.32655	0.04913	0.01999	1.82479	0	0.02627	4.242	0	1.50318	0.0201	1.8486	0	1.99724	0.0185	0	0	0.51226	0	0.11893	0.0351	1.42215	1.04809	0	1.82746	0.04134	3.53703	4.34671	0.02308	5.07401	6.44366	0	0	0	1.12245	0.28153	0.25729	0	0	0.16515	0.13813	0	0.84114	0	0	1.43787	4.13245	0	0.26379	0	0.6901	0	0.31698	1.16621	0.42137	1.06659	2.52938	2.05466	0	0	0.07826	3.74376	0.29092	0	0.55583	0.01752	0	0.91987	0	0	0	0	2.05605	0.05057	0.14181	0.2113	0	0	0	3.03199	0.15384	2.72301	0	2.0062	2.73211	0	0	0	0	0	0	0	3.69747	1.35716	0.00393	2.34565	0.29849	2.19901	0.47225	4.50819	0	0.71146	0	0	0	0	2.35623	0.35366	1.59819	1.79359	0	0	1.51678	0.01624	0	0	0	0.5054	0	0	0	0	0	0	1.84627	0	0	0.02352	0	0.04323	0	2.76777	1.00489	0	1.34395	0	0
"GGB3444_SGB4594"	0.01535	0	0.00412	0	0	0	0.00565	0.00615	0	0	0	0	0	0	0	0	0	0	0	0	0	0	0	0	0.00976	0	0.00775	0	0	0.00794	0	0.01377	0	0	0	0	0	0.15049	0.00985	1e-04	0.00083	0	0	0	0	0	0	0	0.0019	0.00352	0.00115	0	0.02504	0.00638	0	0	0	0	0	0	0	0	0	0	0.00896	0.03053	0.0181	0	0	0	0.1334	0	0	1e-05	0.00755	0.01314	0	0	0	0	0	0.00017	0	0	0	0.02196	0	0	0.00575	0.00673	0	0	0	0.00013	0	0	0	0	0	0	0	0.01279	0.00476	0.02263	0	0	0	0	0	0	0	0	0	0	0.0024	0	0	0.00827	0	0	0.00352	0.00339	0.01662	0	0	0	0.06887	0	0	0	0	0	0	0	0.05146	0	0	0	0	0	0	0	0	0	0	0	0.00873	0	0.00206	0.00394	0	0	0	0	0	0	0	0.00137	0	0	0.00157	0	0	0	0.00309	0	0	0	0	0.01788	0	0.00155	0	0.01242	0	0	0.00358	0	0.00828	0	0	0	0	0	0.0058	0	0	0	0	0	0.00415	0	0	0	0	0.00323	0	0.00054	0	0.00064	0	0.00432	0.06715	0	0.01173	0.00707	0.01116	0.00328	0	0	0.02111	0	0	0.00963	0.01023	0.00441	0	0	0	0.03729	0	0	0	0	0	0	0.02209	0	0	0.00092	0	0	0	0.01673	0.00611	0	0.00543	0.00657	0	0	0	0.02858	0	0	7e-05	0	0	0	0	0	0	0	0	0	0	0	0.00245	0	0	0	0	0	0.00746	0	0	0	0.00714	0	0	0	0.06282	0	0	0	0	0.00372	0	0.01749	0	0	0	0	0.01431	0.0117	0	0	0	0	0	0	0	0.02278	0.00541	0	0	0.03326	0	0.00747	0.01063	0	0	0	0	0	0	0	0	0	0	0.04288	0.02043	0.00455	0.10248	0	0	0	0	0.00268	0.01104	0	0	0.04149	0	0	0	0	0	0.01979	0	0	0	0	0	0.02593	0.00593	0.01338	0	0.00719	0.00235	0	0	0	0	0.06776	0	0	0.00273	0	0	0	0	0	0	0	0	0	0	0	0.00201	0	0.00625	0	0	0.02218	0	0	0	0	0	0.03455	0.00202	0	0	0	0	0	0.02823	0	0	0	0	0	0	0	0.00472	0	0	0.00879	0.01474	0	0	0	0	0.00234	0	0.01682	0	0	0	0	0.0187	0	0	0	0	0.01949	0.0149	0.00375	0	0	0	0	0	0	0.00032	0	0.02695	0	0.00421	0.00854	0	0	0	0	0	0	0	0.00016	0
"Negativibacillus_massiliensis"	0	0	0	1.39875	0	0	1.16681	0.22521	0	2.98838	0	0	0	0.14755	0	0	0	0	0.14624	0.34876	0	0	0	0.01017	0.0666	0.19944	0.39467	0	0.09495	0.19434	0	0.06446	0.39165	0.22873	0.37463	0.04865	0	0.15132	0.09444	0.13094	0.11543	0	0	0.26546	0	0	0	0	0.02234	0.10797	0.01551	0	0.23366	0.76714	1.32788	0.02471	0	0	0	0	0	0	0.01679	0.10574	0.02685	1.17222	0.50693	0	0	0	0	0	0	0.31785	0.19799	0.08757	0.09436	0	0	0	0.00709	0	0	0	0	0.69305	0	0	0.52124	0.84969	0.06416	0	0	0	0.02788	0.37857	0	0	0	0	0	0	0	0.55952	2.0064	0	0	0.46012	0	0	0.95053	0.2902	0	0.18636	0	0.08868	0	0.04976	0	0	0.23853	0	0	0	0	0.89388	1.46846	0	0	0	0.43753	0	0	0.02085	0	0	0	0	0	0	0	0	0	0	0	0	0.33441	0	0.26627	0.43436	0	0.08113	0	0	0	0	0.86284	0.01399	0	0	0	0.04273	0.25076	0.05756	0.01228	0.08153	0.05808	0	0	0.04913	0	0	0	0.01981	0.04538	0	0.20276	0	0.1015	0	0	0.15641	0	0	0	0	0.01713	0.35865	0.7012	0	0.61664	0	0	1.59131	0.02309	0.19316	0.00333	0	0.37114	0	0	0	0	0	1.45857	1.20987	0	0.27863	0	0.13848	0.2913	0.0146	0	0.21258	2.27279	0	0	0	0.13887	0.11363	0	0	0	0.08859	0	0	0	0	0.0878	0.48423	0	0	0.0268	0.93806	0	0	0.07737	0.26835	0	0.06066	1.2942	0.1764	0	0.21852	0.36553	0	0	0	0	0	0	0.63417	0	0	0	0.00651	0	0	0	0	0.27112	1.43606	0.01153	0	0	0	0	0	0.14827	0.68058	0	0	0	0.00638	0	2.15663	0	0.10995	0	0	0	0	0.07388	0	0.00563	0.00545	0	0.07744	0.07185	0	0	0.08883	0.05859	0	0	0.37714	0	0.00915	0.26995	0	0	0.54389	0.00272	0.01517	0.39817	0.34056	0.20014	0.1035	0	0.13105	0.57104	0	1.62398	0	0	0	0.05869	0.88107	0.0107	0.19773	0	0	1.28432	0	0	0	0.6262	0	0	0	0	0	0	0.15202	0.11684	0.14851	0	0.01105	0.08998	0	0	0.21682	0	0	0	0	0	0	0	0.32081	0.00065	0	0.23295	0	0	0	0	0	0	0.14652	0	0	0	0	0.56229	0	0.12539	0	0	0	0	0.08898	0.98794	0	0	0	0.14316	0.79723	0	0.10014	0	0	0	1.55678	0.13029	0	0.04147	0.30078	0.01583	0.01335	0	0	0	0.17218	0	0	0.46659	0	0	0	0.39146	0	0	0	0	0	0.55584	0	0.14973	0	0	0	0	0	2.91352	0	0.42476	0	0.25831	0	0	0	0	0	0	0	0	0	0
"Oscillospiraceae_bacterium_Marseille_Q3528"	0	0	0	0	0	0	0	0	0	0	0	0	0	0	0	0	0	0	0	0	0	0	0	0.03463	0	0	0	0	0	0	0	0	0	0.01923	0	0	0	0	0	0.00301	0.00706	0	0	0.01156	0	0	0	0	0.004	0.00381	0.01047	0	0	0	0	0	0	0	0	0	0	0.02447	0	0.00787	0	0	0	0	0	0	0	0	0	0.00176	0	0	0	0	0	0	0	0	0	0	0	0	0	0	0	0	0	0	0	0.01618	0	0	0	0	0	0	0	0.0046	0.00645	0	0	0.02461	0.0079	0	0	0	0	0	0	0	0	0	0	0	0	0	0	0	0	0	0	0	0	0	0	0	0	0	0	0	0	0	0	0	0	0	0	0	0	0	0	0	0	0	0	0	0	0	0	0	0	0	0	0	0	0	0	0	0	0.00307	0	0	0	0.00986	0	0	0	0	0	0	0	0	0	0	0	0	0	0	0	0	0	0	0	0	0	0	0	0	0	0	0	0	0	0	0	0	0	0	0	0	0	0.00236	0	0	0	0	0	0	0	0.00718	0.00795	0	0	0	0	0	0	0	0	0.01511	0	0	0	0	0	0.01771	0.00214	0.00261	0	0	0	0.00463	0	0	0	0	0	0	0	0	0.00804	0	0.01163	0	0	0	0	0	0	0	0	0	0	0.01887	0	0	0	0	0	0	0	0	0	0	0.02706	0	0	0	0	0	0	0	0	0	0	0	0	0	0	0	0	0.00289	0	0	0	0	0	0	0.01374	0	0	0	0	0	0	0	0	0	0.0109	0	0	0	0	0	0	0	0	0	0	0	0	0	0	0	0	0.01708	0	0	0	0	0	0	0	0	0	0	0	0.01284	0	0	0	0	0	0	0.02011	0.0156	0	0	0	0	0	0	0	0	0	0.0209	0	0	0	0	0	0	0	0	0	0	0	0	0	0	0	0	0	0.00168	0	0	0	0	0	0.00375	0	0	0	0	0	0	0	0	0	0	0	0	0	0	0	0	0	0	0	0	0	0	0	0	0	0	0	0	0	0	0	0	0	0	0	0	0	0	0	0	0.00627	0	0	0	0	0	0	0	0	0	0	0	0	0	0
"Veillonella_tobetsuensis"	0	0	0	0	0	0.01877	0	0	0	0	0	0	0	0	0	0	0	0	0	0.01536	0.01091	0	0	0	0	0	0	0	0	0	0	0	0	0	0	0	0	0	0	0	0.00544	0	0	0	0.00362	0	0	0	0	0	0	0	0	0	0	0	0	0	0	0	0	0	0	0	0	0	0	0	0	0	0	0	0	0.02504	0	0	0	0	0.00309	0	0	0	0	0	0.00784	0	0	0	0	0	0	0	0.03158	0.00225	0	0	0	0	0.00332	0.13418	0	0	0	0	0.00143	0	0	0	0	0	0	0	0	0	0	0	0	0	0	0.00169	0	0	0	0.17876	0	0	0	0	0.00091	0	0	0.00333	0	0	0	0	0	0	0	0	0	0	0	0	0	0	0	0	0	0	0	0	0.05743	0	0	0	0	0	0	0	0	0	0	0	0	0	0	0	0	0	0	0.02928	0	0	0	0	0	0	0	0	0	0	0.00051	0.00195	0	0	0	0	0	0	0	0	0	0	0	0	0	0	0	0	0	0	0	0	0	0	0	0	0	0	0	0	0	0	0	0	0.01842	0	0	0	0	0	0	0	0	0	0	0	0	0	0	0	0	0	0	0	0	0	0.04026	0	0	0	0	0	0	0	0	0	0	0	0	0	0.14768	0	0	0	0	0	0	0	0	0	0	0	0	0	0	0	0	0	0	0	0	0	0	0	0	0	0	0	0	0	0	0	0	0	0.0141	0.01002	0.0228	0	0	0	0	0	0	0	0	0	0	0	0	0	0.01277	0	0	0	0.00153	0	0	0	0	0	0	0.02306	0	0	0	0	0	0	0	0.00443	0	0	0	0.00622	0	0	0	0	0	0.00127	0	0	0	0	0.00486	0	0	0	0	0	0.01378	0	0	0	0	0	0	0	0	0	0	0	0	0	0	0	0	0.01611	0	0.00359	0	0	0	0	0	0	0	0.05419	0	0	0	0	0	0	0	0	0	0	0	0.02408	0	0	0	0	0	0	0	0	0	0	0	0	0	0	0	0	0	0.00845	0	0	0	0.05273	0	0	0	0.00075	0	0	0	0	0	0	0	0	0	0	0	0	0	4e-04	0	0	0	0	0	0	0
"Turicibacter_bilis"	0	0	0	0	0	0.0538	0.02727	0	0	0	0.02683	0	0	0.00897	0	0	0.01677	0	0	0	0.31731	0	0	0	0	0	0	0	0	0	0	0	0.02816	0	0	0.0016	0	0	0.02762	0.01727	0.01326	0	0	0.00036	0	0	0	0	0.00512	0.00477	0.01784	0.00044	0.00601	0.00645	0	0	0	0	0	0	0	0.00048	0.14618	0	0	0.05587	0	0	0	0	0	0	0	0.02554	0.00692	0.01292	0	0	0	0.12686	0.24604	0.05986	0	0	0	0.00586	0	0	0	0	0.09797	0.01836	0.00935	0.16847	0.01239	0	0.01373	0	0	0.00086	0	0	0	0	0	0	0	0	0	0	0.02065	0	0.00022	0.00215	0.02036	0.01003	0	0	0.01391	0.01486	0.20308	0	0	0.12173	0.0225	0.02025	0	0	0	0.00796	0	0.00278	0	0	0.04302	0	0.04417	0	0	0	0	0	0	0	0	0	0	0.00941	0	0	0	0	0	0.04655	0	0.0416	0.03878	0.0038	0.02641	0.01355	0.19615	0	0	0	0	0.02504	0.0448	0	0	0.0142	0	0	0	0	0	0	0	0	0	0	0.00254	0	0.03189	0.01939	0.02325	0	0.01242	0	0	0.00083	0.01482	0	0.02183	0	0	0	0.09346	0	0	0.01121	0	0.00237	0	0.01111	0.04056	0	0.01782	0	0	0.07768	0	0	0	0.00029	0.02179	0	0.07857	0.00136	0.00465	0.00129	0	0.05128	0.04698	0	0.39848	0	0.09198	0.01616	0	0.00411	0	0.0046	0.0549	0.16347	0.00058	0.02354	0	0.13456	1.57843	0	0	0.09244	0	0	0.01688	0.00786	0	0	0.00049	0	0	0	0.05989	0.00565	0	0	0	0.00306	0	0.00717	0	0	0.02236	0.05485	0.10896	0	0.00248	0	0	0	0.00624	0	0	0	0	0	0	0.08694	0	0.01392	0.01898	0	0	0.022	0	0	0.10182	0	0.02456	0	0	0.01095	0.06688	0.00621	0	0.01652	0.11306	0.01788	0.12636	0.01518	0	0	0	0	0.01001	0	0	0	0.01774	0.09033	0.00644	0.00061	0	0.0108	0	0	0	0	0	0	0.01435	0.19334	0.64564	0.02256	0	0	0	0	0.01978	0.00341	0	0	0	0	0	0.00039	0.15673	0.01174	0.08772	0	0.0716	0	0	0	0	0	0.01844	0	0	0	0.0072	0.00528	0	0	0.01688	0	0	0.0239	0	0.01582	0	0	0	0.00867	0	0.04268	0	0	0	0.00105	0.02781	0	0.02853	0	0	0	0	0.05461	0	0	0	0	0	0.01289	0	0	0	0	0.00229	0.24909	0	0.46213	0.01467	0.00059	0.01813	0.00525	0	0	0	0	0.01187	0.07347	0	0.01508	0	0.00981	0.00253	0	0.00089	0.16225	0	0	0.13551	0.02021	0	0	0	0	0	0.00674	0	0	0	0.04155	0	0	0	0.00451	0
"Fusobacterium_nucleatum"	0	0	0	0	0	0	0	0	0	0	0	0	0	0	0	0	0	0	0	0	0	0	0	0.00916	0	0	0.00543	0	0	0	0	0	0	0	0	0	0	0	0.00403	0.00104	0.00167	0	0	0	0	0	0	0.00309	0	0	0	0.03772	0	0	0	0	0	0	0	0	0	0	0	0	0	0	0	0	0	0	0	0	0	0.00046	0.01124	0.00107	0.02229	0	0	0	0	0	0	0	0	0	0	0	0	0.00167	0	0	0	0	0	0	0	0	0	0	0	0	0	0.00075	0	0	0	0	0	0	0	0	0	0	0	0	0	0	0.00412	0	0	0	0	0	0	0	0	0	0.03767	0	0	0	0	0	0.00051	0.00467	0	0	0	0	0	0	0	0	0	0	0	0	0	0	0	0	0	0	0	0	0	0	0	0	0	0	0	0	0	0	0	0	0	0	0	0	0	0	0	0	0	0	0	0	0	0	0	0	0	0	0	0.00752	0.00048	0	0	0	0	0	0	0	0	0	0	0	0	0	0	0	0	0	0	0	0	0	0	0	0	0	0	0	0	0	0	0	0	0	0	0	0.00531	0	0	0	0	0	0	0	0	0	0	0	0	0.00103	0.02408	0	0	0	0	0	0	0	0	0	0	0	0	0	0.00199	0	0	0	0	0	0	0	0	0	0	0	0.00251	0	0	0	0	0	0	0	0	0	0	0	0	0	0	0	0.02084	0	0	0	0	0	0	0	0	0	0	0	0	0	0	0	0	0	0	0	0	0.00171	0	0	0	0	0	0	0	0	0	0.01046	0	0	0	0.00066	0	0.00193	0	0	0	0	0.01432	0	0	0	0	0	0	0	0	0	0	0	0	0	0	0	0	0	0.00376	0	0.06841	0	0	0	0	0	0	0	0	0	0	0	0	0	0	0	0	0	0	0	0	0	0	0	0	0	0	0	0	0	0	0	0	0	0	0	0	0	0	0.01979	0	0	0	0	0	0	0	0	0	0	0	0	0	0	0	0	0	0.01877	0.00065	0	0	0	0	0	0	0	0.02388	0	0	0	0	0	0	0	0	0	0	0	0	0	0	0	0	0	0	0	0.00154
"Candidatus_Nanosynsacchari_sp_TM7_ANC_38_39_G1_1"	0	0	0	0	0	0	0	0	0	0	0	0	0	0	0	0	0	0	0	0	0	0	0	0.00284	0	0	0	0	0	0	0	0	0.00034	0	0	0	0	0	0.00443	0.00045	0.00099	0	0	0	0	0	0	0	0	0	0	0	0	0	0	0	0	0	0.00035	0	0	0	0	0	0	0	0	0.00479	0.00151	0	0	0	0	6e-04	0.00287	0.00089	0	0	0	0	0	0	0	0	0	0	0	0	0	0	0	0	0	0	0	0	0.00446	0	0	0	0	0	0	0	0	0	0	0	0	0	0	0	0	0	0	0	0	0	0	0	0	0	0	0	0	0	0	0	0.01589	0	0	0	0	0	0	0	0	0	0	0	0	0	0	0	0	0	0	0	0	0	0	0	0.01119	0.00044	0	0	0	0	0	0	0.00486	0	0	0	0	0	0	0	0	0	0	0	0	0	0	0	0	0	0	0	0	0	0	0	0	0	0	0	0	0	0	0	0	0	0.00865	0	0	0	0	0	0	0	0	0	0	0	0	0	0	0	0	0	0	0	0	0	0	0	0	0	0	0	0	0	0	0	0	0	0	0	0	0	0	0	0	0	0	0	0.15542	0	0	0	0	0	0	0	0	0	0	0	0	0	0	0	0	0	0	0	0	0	0	0	0	0	0	0	0	0	0	0	0	0	0	0	0	0	0	0.00274	0	0	0	0	0	0	0	0	0	0	0.01212	0	0	0	0	0	0	0	0	0	0	0	0	0	0	0	0	0	0	0	0	0.00165	0	0	0.0037	0	0	0	0	0	0	0	0.00256	0	0	0	0	0	0	0	0	0	0.0097	0.00021	0	0	0	0	0	0	0	0	0	0	0.01702	0	0.00297	0	0	0	0	0	0	0	0	0	0	0	0	0	0	0	0	0	0	0	0	0	0	0	0	0.01023	0.00784	0	0	0	0	0	0	0	0	0	0	0.01471	0.00027	0	0	0	0	0	0	0	0.0061	0	0	0	0	0	0	0	0.00859	0	0	0	0	0	0	0	0	0	0	0	0	0	0	0	0	0	0	0	0	0	0	0	0	0	0	0	0	0	0
"Holdemania_filiformis"	0	0.01605	0.05007	0.14448	0	0	0	0	0.00701	0	0.03803	0.02065	0.05042	0	0.01964	0.0565	0	0	0.02426	0	0	0	0.12069	0	0	0	0	0	0	0.07457	0	0	0.05676	0	0	0	0.00772	0	0.04311	0.04007	0.0489	0	0	0	0	0	0	0	0	0	0	0	0	0	0.02312	0	0	0	0	0.11456	0	0.0036	0.00261	0	0	0.09106	0	0	0.16959	0	0.01812	0	0	0.01443	0.03397	0.01324	0.16355	0	0	0	0	0	0	0	0	0.04486	0	0	0.01948	0	0.01251	0	0	0	0.03793	0	0.02532	0	0.01021	0	0	0	0	0.13563	0	0	0	0.16656	0.37446	0	0.15259	0	0	0.0492	0.02825	0	0	0.16117	0.14071	0.0553	0.02029	0.10699	0.09608	0	0	0	0	0.20191	0	0.07769	0.06295	0	0	0	0.08909	0	0	0	0	0.04053	0.04414	0	0	0	0	0	0	0	0.01027	0.01878	0	0	0	0	0	0	0	0	0	0	0.00918	0.17219	0.04282	0	0	0	0.01666	0.01477	0.03966	0.00077	0.14886	0	0	0	0	0	0	0	0	0	0.09469	0	0	0	0	0	0	0	0.1228	0	0	0	0.0203	0.053	0	0	0.04443	0.01655	0.03409	0.06029	0	0.03044	0.05667	0.05947	0.10163	0	0	0.04745	0	0.01453	0.00706	0	0	0.01386	0.01969	0.05217	0	0.03736	0.00232	0.03575	0.03029	0.02351	0	0	0	0	0	0.03604	0	0.01199	0.0021	0	0	0.07182	0.0033	0	0.02034	0.01735	0	0	0.05743	0	0	0	0.00969	0.04904	0.05379	0	0	0	0	0	0.00482	0.05829	0	0	0	0	0.0453	0	0.13174	0.10615	0	0	0.14961	0	0	0.00816	0.00378	0.05985	0.06293	0	0	0.06325	0.09084	0	0.08451	0.05431	0.03248	0	0	0	0.02512	0.00578	0	0	0	0.05156	0	0	0	0	0.00031	0	0.01525	0.05377	0	0	0	0	0	0.0046	0	0	0	0.01165	0.09996	0.01006	0	0	0	0.03436	0	0	0	0	0	0.03057	0	0.088	0	0	0	0.05797	0	0	0.05726	0.17567	0.06957	0	0	0	0.04525	0	0	0.03247	0	0	0.01361	0.01253	0.01816	0.11351	0	0.0106	0	0	0	0	0.0176	0.01348	0.00128	0	0.01113	0	0.04459	0	0	0	0.10566	0.01731	0	0	0	0.01112	0	0	0	0	0.08718	0	0.01315	0.113	0	0.01701	0	0	0.03792	0	0	0	0	0	0	0.00756	0	0.00492	0	0.02603	0	0	0	0	0.01536	0.03181	0.06681	0.06019	0	0.05626	0	0	0	0	0.00647	0	0	0	0.04252	0	0	0.01713	0	0	0	0.10981	0	0	0	0	0.00985	0	0	0	0.09633	0.07336	0	0	0.08204	0	0
"Streptococcus_thermophilus"	0.021	0	0.00317	1.04687	0.02774	0	0	0	0	0.00271	0	0	0	0	0	0	0	0	0	0	0	0	0	0	0	0	0	0	0	0	0.00333	0	0	0	0	0	0	0	0.00976	0.0069	0.10233	0	0.03225	0	0	0.03579	0	0	0.00921	0	0	0.01808	0	0	0	0	0.14924	0	0	0	0.121	0	0	0	0.00624	0	0	0.00478	0	0	0	0	0	0.02205	0.0059	0.06946	0.04781	0	0	0.00293	0	0	0	0	0.02403	0.03247	0	0	0	0	0	0	0	0.06683	0.16788	0.84513	1.37909	0.00604	0	0	0	0	0	0.01623	0	0.02746	0	0	0	0	0	0.30675	0	0.37583	0	0.01682	0	0	0	0	0	0	0	0	0	0.02708	0.02447	0	0	0.03326	0.11328	0	0	0	0	0	0	0	0	0	0	0	0	0	0	0	0	0	0	0	0	0	0	0.00441	0	0.01294	0	0	0	0	0	0	0	0	0.01338	0	0	0.20759	0	0	0	0	0	0	0	0	0.00989	0	0.01931	0.07859	0.21915	0	0	0	0	0	0.00719	0.04173	0	0	0	0	0	0	0.10467	0.07837	0	0	0	0	0	0	0	0	0	0.02014	0	0	0	0	0	0	0	0	0	0	0	0	0	0.36173	0.0521	0	0	0	1.93245	0	0	0	0	0	0	0	0	0.02883	0.00513	0	0	0.00586	0	0.01988	0	0.01154	0	0.2277	0	0	0	0	0	0	0	0	0.00334	0	0	0	0	0	0	0.8918	0	0	0	0	0	1.32202	0	0	0	0	0	0	0.23805	0.17244	0	0	0	0.01633	0	0	0	0	0	0	0	0.05449	0	0	0	0	0.02226	0	0	0	0	0.00167	0	0	0	0	0	0	0	0	0	0	0	1.0691	0.00381	0.04541	0	0.01468	0	0	0.01064	0	0	0	0	0	0	0	0	0	0.01059	0	0	0	0	0.03797	0	0	0	0	0	0	0	0.01051	0	0.01997	0	0	0.07699	0	0	0	0	0	0.01962	0	0.00281	0	0.1922	0	0	0	0	0	0	0	0	0	0.32208	0	0	0	0	0	0.0512	0	0.14421	0.18796	0	0	0	0	0	0	0	0	0	0	0.01312	0	0	0	0.89263	0	0	0	0	0.10883	0.00613	0	0	0.05586	0	0	0	0.56592	0	0	0	0	0.03385	0	0	0	0.01336	0	0	0	3.03365	0	0.08286	0	0	0.04953	0	0	0	0	0.04826	0	0	0	0	0	0
"Bacteroides_cellulosilyticus"	0.29671	0	0	0	0	0	0	0	0	0	0	0	0	0	0	0	1.12082	0	0	0	0	0	0	0	0	0	0.00049	0	0	0	0	0	1.8765	0	0.06763	0.00387	0	0	0.00726	0.01908	0.15088	0	0	0	0	0	0	0	0	0.43836	0.07796	0	0.18216	0.03128	0.01534	0	0	0	0	0.39411	0	0	0	0	0.43528	0.43952	0	0	0	0	0	0	1.43828	0.05764	0.23987	0.288	0.67702	0	0	0	0	0	0	0	0	0	0	0	0	0	0	0	0	0.01486	0	0	0	0.77678	0	0.44449	0	0	0	0	0	0	0	0	0	0	0	0	0.01494	0	0.62776	0	1.14427	0.67147	0.01568	0	0	0.86894	0	0	0	0	0	1.71914	0	2.24607	5.5036	0	0	0	0	0	0	0	0	0	0	0	0	0	0	0.17993	0	0	0	0.27117	0	0.48656	0	0	0	0	1.46625	0	0	0.45706	0.29839	0	0	0.00976	0	0	0.117	0	0.21913	0	1.63313	0.07344	0	0	0	0	0	0.09052	0.5437	0	0	0.02774	0	0	0.68215	0	0	0	0	0	0	0.02425	0	0	0.28674	0.5101	0	0	0.0291	0	0	0.01538	0	0	0	0	1.43531	0	0	0	0.0226	0.04328	0.18521	0	0	0.07259	0	0	0.02661	0	0.34246	10.69696	15.28703	0	0.15848	0.42215	0	0	0	0.35528	0	0	0	0	0	0.00854	0	5e-04	0	0	0	0.4285	0	0	0	0	0	0	0	0.51882	0	0	0.00508	0.00631	0	0	0	0	0.12738	0	0	0.12443	0	0	0	0	0	0.15591	0	0	0	0	0	0.01759	0	0	0	0	0.67727	0.21618	0	0	0.11983	0	0	0	0.0863	0	0.01007	0	0	0	0	0	0	0.12354	0	1.13675	0	0.15169	0	0	0.10731	0	0	0	0	0	0	0	0	0.53719	0	0	0	0	0.02569	0	0.12588	0.88144	0	0	0.66015	0	0	0	0	0	0	0	0	0.11019	0	8.25914	0.2295	0.15437	0	0.32717	0	0	1.45409	0	0	0	0	0	0	0	0	0.08856	0	0	0.113	3.38803	1.21063	1.12154	0	0	2.73194	0	6.52462	0.20814	0	0.00684	0	0	0	0	0	0	0	0.73346	0	0.69775	0	0	0	0	0	0	0	0.00165	0.09618	0.01912	0	0	0.00759	0	0.18037	0	0	0	0	0	0	0	0	0	0	0.53935	0	0	0	0	0	0	0	0	0	0	0	1.17811	0	0	0	0	0.47664	0	0.00184	0	0	0	0	0	0	0	0	0	0
"Veillonella_rogosae"	0	0	0	0	0.03416	0.12551	0	0	0	0	0	0	0.00214	0.00915	0.00334	0.00478	0.03027	0	0.00218	0.22784	0.17842	0.00743	0	0.5848	0.06268	0.02424	0	0.15512	0.03635	0.00144	0.00694	0.00285	0.55898	0	0.0027	0	0	0	0.10819	0.01049	0.03684	0.06929	0.00425	0.07483	0.05665	0	0	0	0	0	0	0	0	0	0	0	0.02295	0.01957	0.00662	0	0.01318	0.02462	0.02464	0	0	0	0	0.00535	0.2782	0	0	0	0	0.3256	0.00327	0.02546	0	0.0093	0.25447	0	0	0	0.00372	0.15915	0.14797	0.00255	0.01225	0.05797	0	0	0	0.03311	0.35941	0.13387	0.02949	0.00498	0.0017	0	0	1.79206	0.04908	0	0	0	0.02913	0.01935	0	0	0.01393	0	0	0	0	0	0.02436	0	0.04341	0	0	0.01563	0	0.01136	0	0.00812	0.03574	0.04198	0	0	0.11153	0.01972	0.03592	0.04155	0.12269	0	0	0	0	0	0	0	0	0	0.00251	0	0	0	0	0	0	0	0	0	1.00821	0.0323	0	0	0.00251	0	0	0	0	0	0.00634	0	0	0	0	0	0	0.10969	0	0.02969	0	0	0.00347	0	0	0	0	0	0.08901	0	0.20902	0.04108	0	0.0046	0	0.12814	0	0	0	0	0	0.00782	3e-04	0	0.00603	0	0	0	0	0	0	0	0	0	0	0	0	0.00593	0	0	0	0.01943	0	0	0.15402	0	0	0	0.05193	0	0	0.04507	0	0	0.0644	0	0.03351	0	0	0	0.01879	0	0	0.0048	0	0	0.05879	0.01147	0	0	0.02157	0	0	0.00843	0	0.02845	0.00239	0.07266	0	0	0.16563	0	0	0	0	0	0	0	0	0	0	0	0.00351	0.03558	0	0	0	0	0	0	0	0	0	0	0	0	0.007	0	0	0	0	0	0	0	0.02783	0.00918	0.0605	0	0	0	0	0.02378	0.01761	0	0.01453	0.00531	0	0.00295	0.02215	0	0	0	0	0	0.01557	0	0	0	0	0	0	0.02481	0.00573	0	0.01245	0	0.00305	0.00652	0.00124	0.00639	0.08503	0.0163	0	0.61047	0	0	0	0	0	0.00025	0	0	0	0	0.01095	0	0	0	1.04147	0.13537	0.15409	0.01652	0.00371	0.01371	0.00469	0.00942	0	0.02278	0	0	0	0.03235	0	0	0	0.04452	0	0.3846	0	0.15648	1.0332	0	0	0	0.04514	0	0.0282	0.14077	0.01335	0	0	0	0	0.00201	0	0	0	0	0.00033	0.03153	0.03266	0	0.00562	0	0	0	0.13826	0.00788	0	0.01301	0	0.00129	0	0.04642	0.11301	0.26799	0.02048	0.03131	0.04931	0	0	0.09338	0	0.00803	0	0.00052	0	0	0.37591	0	0	0	0	0	0	0	0.00674	0	0.04941	0.00122	0.04621	0.11237	0	0	0.06111	0	0.00504
"Pseudoflavonifractor_gallinarum"	0	0.02913	0.00141	0	0.02269	0	0.0087	0.00293	0	0.06177	0.0033	0.00796	0	0	0.00346	0.02603	0	0	0	0	0.03639	0	0	0	0	0	0	0	0.01369	0	0	0.03625	0	0	0.01886	0	0.00353	0.07421	0.0253	0.03401	0.00065	0	0	0.00923	0.02406	0	0	0	0	5e-04	0	0.01129	0.00274	0.0186	0	0.00053	0	0	0	0	0.03004	0.00453	0	0.01241	0	0.00559	0.0067	0	0	0	0	0	0	0.02056	0.00687	0.01298	0	0	0	0	0	0.1868	0.15572	0	0	0.00514	0	0	0	0.01132	0.01133	0	0.00214	0	0	0.03716	0	0.01499	0.00456	0.12912	0	0.03466	0.00077	0	0	0	0.00117	0.00274	0	0	0	0.03128	0	0	0.00411	0	0	0	0.06007	0	0.00011	0	0.02218	0	0	0.01085	0.00205	0	0	0	0	0	0	0	0.0072	0	0	0.02585	0.00294	0	0.03229	0	0	0	0	0.07153	0	0	0	0	0.01392	0	0.02557	0	0.04499	0.00595	0	0.00022	0	0	0	0	0.02811	0	0	0	0	0.00173	0.00413	0	0	0.02026	0	0	0	0	0.02326	0.00588	0	0	0	0.01738	0	0.04215	0.02097	0.00713	0.00817	0.00881	0.02214	0.00684	0.0034	0	0.00295	0	0.03756	0	0.00514	0.01337	0.18984	0.07848	0	0.00971	0	0.00129	0	0	0.00203	0.01854	0	0.00549	0	0.00393	0	0	0.00387	0.0083	0	0	0	0.03304	0.04316	0	0	0.01532	0.00246	0	0	0.00081	0.00374	0	0.00171	0	0	0	0.02575	0	0.00797	0	0	0	0.00566	0.00376	0.00792	0.00541	0	0.02264	0	0.01458	0	0	0.0228	0.01099	0	0	0	0.03794	0.00598	0	0	0	0.04047	0.0131	0.00202	0	0	0	0.00253	0	0.0017	0.00204	0	0	0.02508	0.00257	0	0	0	0	0	0	0	0.00645	0	0	0	0.01188	0	0	0.05711	0	0	0.00044	0	0	0.01458	0.00369	0	0	0	0	0	0.01536	0.044	0	0.03089	0	0.04895	0	0.01071	0	0.00394	0	0	0.03738	0.06508	0	0	0.01253	0	0	0.00292	0.01471	0.08107	0.00343	0.07437	0	0	0	0.03328	0.01529	0	0	0	0.0195	0.00614	0	0	0	0	0	0	0	0	0.01661	0.00127	0	0.01064	0	0	0.00498	0.01578	0	0.00263	0	0	0	0.00349	0.00348	0.02489	0.00816	0	0	0	0.005	0	0	0.0123	0	0	0	0.05612	0	0	0	0	0	0.00465	0	0.00572	0	0.01088	0	0.04215	0	0	0	0	0	0.0119	0	0	0	0.00613	0.00557	0	0.00607	0	0	0.01614	0	0.00992	0.02567	0	0	0	0.02891	0.00405	0.00487	0	0.01717	0.14254	0	0.05839	0	0	0	0.01276	0	0.00313	0	0	0.06247	0	0	0	0.02416	0	0.13311	0.20155
"Akkermansia_muciniphila"	0	0	2.65871	2.29752	0	0	0	0.07893	0.04453	0	0	0.01847	0	0	0	0	1.07311	0	0.11302	0.32862	0	0	0	0	0	0.8343	0.06135	0	0.59439	0.04318	0.02187	0.11607	0	0.49837	0	0	0.13865	0.02982	0.66344	1.19247	0.44624	0	0	0	0.28415	0	0.97988	0.01423	1.85035	2.87362	0.2783	0.803	6.34743	0	0	0	0	0	0	1.92024	0	0	0	0.66405	1.07911	0	1.41571	0	0	0	0	0.95543	0	0.31402	0.46089	0.10736	0	0.61028	0	0	3.56532	0	0	0	0	0.01707	0	0	6.25646	3.88336	0	0.40516	0	0	0	1.96362	0	0	2.26949	0.04742	3.66162	0	0	0	0	0.05636	0.01308	0	0.00543	0	0	0.0586	0	0	0.00196	0	3.45991	0	0	0	0	1.12709	1.04913	0	0.1083	0.09715	0.10378	0	0	0.1049	1.91399	0	0	0	0	0	0	0	0	0.02805	0	0.26753	0.92467	0	0	0	0	0	8.26512	0	0	0	0	0.82197	0.15408	0	9.1271	2.23971	0.85593	0.09408	0	0.00044	0	0.06804	0	1.10371	1.48686	0	0	0	0	0	0	0.38672	0	0	0	0	0	0	0	0	0	0	1.01459	0.13682	0.00019	0	0.04395	0	0.02468	0.36098	0	0	0	0.03732	0.05842	0	0	0	0	0.40586	0	0	0	0	0	0.02311	0	0	0	0	2.52755	0.02316	0.01037	0	0	0.28136	0	1.62127	0	6.70092	13.83176	0	0	0	0.58017	0	0	1.88891	0	0	0	0	0	0.02531	3.33697	0	0	0	0	0	1.70357	1.91243	0	0	6.38696	0.01262	0	0	0	0	0	0	0.02291	0	0	0	3.15179	0	0	3.20307	0	0	0	0	0.03938	0	0	6.7789	28.24087	0.63789	0	0	0	0	0	0	0	0.01691	0	0	0.73497	1.28584	0	0	0	0	0	0	0	0.00021	1.55988	0	0	0	0	0	0	0.45138	0	0	0	0	0	0	0	0	0	0	2.16235	0	0	0	0	0	0.01988	0	0.02541	0	1.37818	0.25446	0	0.29517	0	0	0	0	0.00356	0.00217	0	3.39559	0.06791	3.90166	0	1.09917	0	0.0157	1.7979	1.38987	0	0.62804	0	0	0	0.18319	0	0	0.74645	0	0	4.80762	0	1.3941	1.65416	0.02948	0	0	0	0	0	0	0	0	0	0	4.11188	0	0	0	0	0	1.88831	0	0	0	1.69209	0	0	0	0	0	0	0	0	1.72008	0.23419	0.34718	0.01238	0.00208	0.38809	0	0	0.06815	0.53601	0	0	0	0	0	0	0	0	0.00183	0	0	0	0	0.54652	0	0	5.2306	2.11135	7.04833	0	0	0	12.97142	0.04902	0.14893	0	0	0	0	0.00216	0.00369	0.13968	0	3.4158
"Ruminococcus_bromii"	0	0	0	0	0	0.15336	1.99161	3.70606	3.66348	0.89434	0	0	0	8.33875	0	0	0	0	0.46541	1.09909	0	0	0	0.10676	0.4059	0	3.17055	0	0	2.7458	0	4.32647	1.94041	5.59552	0	0.92042	0	0	1.11522	0.78581	0.26065	0	0	0	0	0	0	0.34786	1.65441	2.96577	4.00903	0	4.11975	8.08925	0	0.00559	0	0	0	0	1.65177	0	0	5.67899	1.99414	8.18415	5.33472	3.7424	4.53262	0	0	0.22811	0.11032	0.92623	2.07321	1.03102	0	0.91387	0	0.41998	3.03145	0.04053	0	0	0	3.0728	0	0	0	1.2615	1.13623	0	0	1.37913	2.74505	0	0	0	0.36106	0	0	5.33666	0	0	5.35117	0	0.0498	0.95274	0	0	0	0.72633	0	1.43577	2.89087	1.72449	1.62074	0	0	3.55492	3.6334	0	2.87807	0	0.00865	0	10.24276	0	0	1.01549	0.50229	0	0	0	0	0	0	0	0	0	0	0	3.68372	7.04086	0	3.32868	0	0.02224	1.24648	0	0	0	0	0	6.28371	0	0	0	0	6.73581	17.6036	1.38112	0	0	0	1.00512	0	0	6.4824	5.71763	0	0	0	4.70781	0	0	0	0	0	0	6.86343	3.8969	0	0	0	0	0.04756	0	4.1066	0	3.75044	0	0	0	0	2.17477	0.07712	0	0	0	0	4.83508	8.24463	1.62707	0	0	6.37228	0	0	0	2.22198	7.53494	0.85261	1.60685	5.68703	0	0	0	0.67253	0	6.59193	18.50062	0	4.66784	0	0	7.47213	0	0	5.83918	4.5301	0	5.89362	17.40379	7.10961	0	8.2791	0	0	1.59436	0	0	0	4.46957	0	0	0	0	0.08997	0	0	4.59736	0	0	0	0	0	0	2.83128	0	0	0	0	0	0	0	0	0	1.75054	0	0	0	0	0.01648	0	0.05744	5.53737	0	0	1.65636	3.95993	1.6693	7.33119	7.1511	0.00104	0	0	0	0	4.70652	0	7.94531	5.92702	0	0	4.02819	0	8.84893	0	0.02377	0	4.42812	0	1.63962	0	0	0	0	0	0	0.10495	0	0	0	0	0	0.82079	0	4.03172	5.13379	0	6.30072	0	2.72906	0	2.41243	0.95608	0	0	0	0	0	3.80972	2.57055	7.30617	0	0	2.82536	0.73717	0	0	0	0	0	0	7.08346	0	2.2466	0	0	0	0	0	0	0	0	1.84502	0	1.02054	2.34083	0	0	0	0	0	0	0	0	0	0	0	0.1857	0	0	0	0	4.8153	4.09855	0	0	0	0	0	4.47632	3.66033	0	4.76707	0	0	0	0	0	0	0	0	3.63197	2.86235	0	0	0	0	0	0	0	0	0	3.55575	5.86185	5.68751	0	0	0	2.93442	0	1.52244	0	0	0	0	7.08497	0	0	0	0.24506	0.39097	0	4.03159	2.38585	0
"Coprobacillus_cateniformis"	0.01368	0	0.00803	0	0	0	0.11936	0	0	0	0	0	0.08896	0.25665	0.03355	0	0.03244	0.03874	0	0	0	0	0.01346	0	0	0	0.03184	0	0	0	0.0086	0	0	0	0	0	0	0	0.01304	0.01044	0.021	0.05264	0.03612	0	0	0.01514	0	0	0	6e-04	0	1.3778	0.01686	0.00677	0	0.15705	0	0	0	0.01292	0.01663	0	0	0.05505	0	0.09774	0	0.08277	0.01042	0	0.01791	0	0.02611	0.01045	0.11386	0.0449	0.6251	0	0	0	0	0	0	0.07545	0	0	0	0	0	0.17667	0	0	0	0	0	0.05859	0.01316	0	0	0.00401	0	0.27866	0.0436	0.03341	0	0	0	0	0.00971	0.01052	0.02707	0	0	0	0	0.00288	0.00904	0	0	0	0	0.01616	0.00026	2.71202	0.0196	0	0	0.04854	0.00971	0	0.03068	0	0.01916	0	0	0	0	0	0.00051	0	0	0.35916	0	0	0.26651	0	0	0.03125	0.09039	0	0	2.07814	0	0.01805	0	0	0.12763	0.15034	0.03265	0.05524	0	0	0.00457	0	0.01021	0.01088	0.00218	0	0	0	0.16705	0	0	0.00296	0	0	0.0228	0.19853	0.00715	0	0	0.00489	0	0	0.10684	0	0	0.19534	0.00267	0.02445	0	0.00244	0.07927	0	0.09961	0	0	0	0.01407	0.00253	0	0	0.04773	0	0	0.03661	0.08675	0	0	0.01182	0	0	0.02574	0	0	0.19929	0	0.10272	0	0.00032	0	0.01506	0.04767	0	0.00599	0.01945	0	0.1478	0.00514	0	0	0	0	0.05107	0.02269	0	0.05827	0	0	0	0.0179	0.07262	0	0	0	0	0.23467	0	0	0	0.00174	0.02215	0	0.03655	0.00353	0.2178	0	0	0.09745	0.05835	0	0.04917	0	0	0.02403	0	0	0.21805	0	0.02833	0.17037	0	0	0	0	0	0.00058	0.00336	0	0	0	0	0	0	0	0	0	0	0	0	0	0.11615	0	0	0	0	0	0	0	0.00767	0.0094	0	0	0.00223	0	0	0	0.06225	0	0.00121	0	0.00868	0	0	0.00385	0	0	0	0	0.08747	0	0	0.01243	0	0.0722	0	0	0.00026	0.00253	0	0.09196	0	0.38045	0	0	0.16799	0	0	0.00392	0	0.0028	0	0	0.00454	0	0	0	0	0	0	0	0.02045	0	0.00277	0	0.09082	0.02057	0	0	0.00592	0.00437	0.04241	0.00611	0	0	0	0	0	0.17796	0	0	0	0.13966	0	0.02998	0	0	0.00921	0.18278	0	0	0	0	0	0	0	0	0	0	0.0323	0.0252	0	0	0.09032	0	0	0	0	0	0	0	0	0	0.15358	0.00189	0.00293	0.02014	0	0.02676	0	0	0.05542	0.18733	0.62224	0.0299	0	0.02527	0	0	0.65165	0	0	0	0	0.00153	0	0	0.0136	0.00243
"Hungatella_hathewayi"	0.01775	0.09119	0.16565	0.00131	0.14653	0.15625	0.08322	0	0	0	0.00174	0	0.1951	0.05124	0.05201	0.06528	0.15384	2.45073	0	0	0.01702	0.29038	0.0379	0	0	0.04979	0	0	0.01406	0	0.02524	0.01946	0.00533	0.04497	0	0.18965	0	0	0.1357	0.0513	0.0424	0.55791	0.31598	0	0.00047	0	0.02817	0.02464	0.96502	0.2534	0.01593	2.27124	0.03447	0.00968	0	0.01147	0	0.00628	0	0.04386	0.22783	0	0	0.00248	0	0.38677	0.04923	1.5555	0.24428	0.07159	0.82361	0.00537	0.12116	0.04605	0.40944	0.10354	0.17374	0.04154	4.43454	0	0.11693	0	0.17125	0.73126	2.31152	0.01235	0.14116	0.02784	0.61882	0.04707	0	0.069	0.07582	0	0	0.23638	0.01726	0.01218	0.01406	0.01519	0.05224	0.32846	0.0434	0.09487	0.05661	0	0	0.01381	0.03359	0.02481	0.13113	0.01764	0.01023	0.04234	0.00524	0.06324	0.12433	0.06885	0.14069	0.09383	0.01533	0.25732	0.02894	2.00238	0.52821	0	0.01384	0.23508	0.01325	0.0076	0.0322	0.02879	0.0819	0	0.29664	0.82107	0.82442	0.01371	0.03052	0.08605	0.11486	0.10499	0.01655	0.0167	0.37535	0	0.00541	0.03606	0.15283	0.0092	0.08829	0.21759	0.01697	0.04722	0.02835	0	0.01866	0.09425	0.05236	0.06243	0.01058	0	0	0	0.07992	0.32541	0	0	0.00172	0.00227	0.01401	0	0.15597	0.00508	0.01142	0.01214	0.0299	0.24797	0.02225	0.14899	0.20359	0.02269	0.02033	0.06166	0.02055	0	0.08062	0.04228	0.07486	0.12244	0.01471	0	0.12995	0.00402	0.39442	0	0	0.00376	0.00359	0.02745	0	0.01074	0.03869	0.10801	0.37424	0.09198	0.4468	0	0	0.08674	0.00522	0	0.00687	0.00984	0.01111	0.01449	0.06428	0.43038	0	0.02556	0.00326	0.13796	0.08613	0.00804	0.00202	0	0	0.29151	0.04056	0	0	0	0.00586	0.03983	0.00827	0.0017	0.37177	0.00442	0	0.00031	0.4313	0.02887	0.01228	0.00527	0	0.02072	0.15657	0.00772	0	0.00655	0.85857	0.36203	0.0014	0.06815	0.03917	0.1042	0.0473	0	0.26592	1.08066	0.05056	0.07107	0.00944	0	2.79152	0	0.01012	1.73989	0	0.49124	0.20013	0.00631	0	0.00133	0.01145	0.11943	0.01081	0.0061	0.0194	0.00448	0.18209	0.1524	0	0.00097	0	0	0.01301	0.00108	0	0.01787	0.03324	0.07993	0.02421	0	0.0233	0.0141	0.0069	0.00172	0.05012	0.00465	0.26844	0	0	0.18994	0.01364	0.03184	0.04326	0.05108	0	0.40965	0.00486	0.02694	0.19773	0.06513	0.01595	0.00947	0.00353	0.00283	0	0.03799	0.00778	0	0.02819	0.04516	0.51931	0.26627	0.1122	0.0594	0.01881	0.03447	0.60399	0.00751	0.02794	0.02353	0	0.07052	0	0	0	0.00499	0.04854	0.0046	0.01444	0.01022	0	0	0.05056	0.04628	0.01485	0	0	0.05631	0	0.08208	0.13196	0.10151	0.02947	0.05662	0.01125	0.07491	0.0148	0.18137	0.11612	0.00098	0.00342	1.10724	0.03789	0.08875	1.40419	0.01763	0.10165	0.05589	0.02388	0	0	0.2327	0.02535	0.0307	0.15773	0.03283	0	0.00126	0.0438	0	0.00492	0.01208	0	0.10222	0.00619	0.1028	0.04566	0.10329	0.01356	0.04701	0.03951	0.20104	0.02749	0.16094	0	0.38343	0.03745	0.08043	0.05596	0.45694	0.00561	0.2814	0.00274	0.06029	0.04358	0.02753	0.06347	0.23624	0.18246	0.1687	0	0	0.04324	1.05589	0	0.89434	0.00685	0.23208	0.04399	0.03001	0.09438	0.00605	0.19122	0.03144	0.05867
"GGB9453_SGB14845"	0	0	0	0.18927	0	0	0	0	0	0	0	0	0	0.03126	0	0	0	0	0	0	0	0	0	0	0.13136	0	0.03213	0	0	0.04649	0.01375	0	0	0	0	0	0	0	0	0.03951	0.00241	0	0	0	0	0	0	0	0	0	0	0	0.31993	0.0277	0	0	0	0	0	2.78326	0	0	0	0.01658	0	0.26292	0.19926	0	0	0	0	0.32188	0	0.00137	0.02139	0.0224	0	0	0	0	0.54187	0.27297	0	0	0	0	0	0	0	0	0	0	0	0	0	0	0	0	0	0	0	0	0.30768	0.00741	0	0	0.00882	0.01293	0	0	0	0.20283	0	0	0	0	0	0.0205	0	0	0.31236	0	0	0	0.04003	0.06702	0.03092	0	0	0.00332	0.02024	0	0	0	0	0	0	0	0	0	0	0	0.4763	0	0	0	0	0	0.01156	0	0	0	0	0	0	0	0	0.03723	0.04173	0	0.40537	0.02561	0.01211	0	0	0.1769	0	0	0	0.03646	0	0	0.0432	0.02969	0.04659	0	0	0.30896	0	0	0	0.00391	0	0	0	0	0	0	0.12069	0	0.07719	0	0	0	0	0	0	0	0	0	0	0	0.00667	0	0	0	0.02623	0.22772	0	0.10193	0.05871	0	0	0	0	0.00571	0	0	0.01766	0	0	0	0	0.01257	0.00271	0	0	0	0	0.06588	0	0	0.07387	0	0	0	0.06924	0.04712	0	0	0	0.07592	0	0	0	0	0	0	0	0	0	11.95984	0	0	0	0	0.52534	0.0753	0	0	0	0	0.13139	0	0	0	0.36423	0	0	0.13687	0	0	0	0	0	0	0	0.08407	0	0.00311	0.08375	0.04639	0.02111	0.00688	0	0	0	0	0	0.01934	0	0	0	0	0	0.30384	0	0	0	0	0	0	0	0.03343	0	0	0	0	0	0.11749	0.15179	0	0	0	0	0	0	0	0	0.028	0	0	0	0.03263	0	0	0.06902	0	0.41124	0	0	0	0.70839	0	0.64337	0.73642	0	0	0	0	0	0.02202	0	0	0	0	0	0	0	0.00246	0	0	0	0	0	0	0.00926	0	0	0	0	0	0	0.05518	0.03643	0	0.15589	0	0	0.06	0	0	0	0.01043	0	0	0	0	0	0	0	0	0	0.06832	0	0.01531	0.00275	0	0.00056	0	0.02972	0.04593	0	0	0	0	0	0.01772	0.03535	0	0.12734	0	0	0	0	0.03512	0.14306	0	0.05169	0.02608	0	0.00522	0	0	0	0	0.05158	0	0.06398	0.13785	0	0	0	0	0	0	0	0	0
"Alistipes_ihumii"	0	0	0	0	0	0	0	0	0	0	0	0	0	0	0	0	0.05018	0	0	0	0	0	0	0	0	0	0	0	0	0	0	0	0	0	0	0	0	0	0	0.01433	0.02186	0	0	0	0	0	0.04655	0	0	0	0	0	0	0	0.29016	0	0	0	0	0	0	0	0	0	0	0	0	0	0	0	0	0	0	0	0	0.03476	0	0	0	0.00368	0.30466	0	0	0	0	0	0	0	0	0	0	0	0	0	0	0	0	0	0	0	0	0	0	0	0	0	0.00928	0	0	0	0	0	0	0	0	0	0	0	0	0	0	0	0	0	0	0	0	0	0	0	0	0	0	0	0	0	0	0	0	0	0	0	0	0	0	0	0	0	0	0	0	0	0	0	0	0	0.08048	0	0	0	0	0	0	0.03273	0	0	0	0	0	0	0	0	0	0	0	0	0	0	0	0	0	0	0	0	0	0	0	0	0	0	0	0	0	0	0	0	0.00385	0	0	0	0	0	0.33284	0	0	0	0	0	0	0	0.17407	0	0	0	0	0	0	0	0	0	0	0	0	0.03026	0	0	0	0	0	0	0	0	0	0	0.13223	0.00261	0	0	0	0	0	0	0	0	0	0	0	0	0	0	0	0	0	0	0	0	0	0.30256	0	0	0	0	0	0	0	0	0	0	0	0	0	0	0	0	0	0	0	0	0	0	0	0	0	0	0	0	0.01705	0.00459	0	0	0	0	0	0	0	0	0	0	0	0	0	0	0	0	0	0	0	0	0	0	0	0	0	0	0	0	0	0	0.11365	0	0	0	0	0	0	0	0	0	0	0	0	0.04267	0	0	0	0	0	0	0	0	0	0	0	0	0	0	0	0	0	0	0	0	0	0	0	0	0	0.02411	0	0	0.08569	0.04348	0	0	0	0	0	0	0	0	0	0	0	0	0	0	0	0	0	0	0	0	0	0	0	0	0	0	0	0	0	0	0	0	0	0	0	0	0	0	0	0	0	0	0	0	0.52225	0	0	0	0	0	0	0	0	0	0	0	0	0	0	0	0	0	0	0	0	0.19073	0
"GGB9524_SGB14924"	0	0	0	0	0	0	0	0	0	0	0	0	0	0	0	0	0	0	0	0	0	0	0	0	0	0	0	0	0	0	0	0	0	0	0	0	0	0	0	0.0277	0	0	0	0	0	0	0	0	0	0.15583	0	0	0	0	0	0	0	0	0	0	0	0	0	0.07457	0.32192	0	0	0	0	0	0	0	0	0	0	0	0	0	0	0	0.02555	0	0	0	0	0	0	0	0	0	0	0	0	0	0	0	0	0	0.05681	0	0	0	0	0	0	0	0	0	0	0	0	0	0	0	0	0	0	0	0	0	0	0	0	0	0	0	0.1585	0	0	0.1839	0	0	0	0	0	0	0	0	0	0	0	0	0	0	0	0	0	0	0	0	0	0	0	0	0	0	0	0	0	0	0	0	0	0.03367	0	0	0	0.07498	0	0	0	0	0	0	0	0	0	0	0	0	0	0	0	0	0	0	0	0	0	0	0	0	0	0	0	0	0	0	0	0	0	0.14249	0.32409	0	0	0	0	0.00789	0	0	0	0	0	0	0.39645	0	0	0	0	0	0	0	0	0	0	0	0	0	0	0	0	0	0	0.01016	0	0	0	0	0	0	0	0	0	0	0.25812	0	0	0	0	0	0	0	0	0	0	0	0	0.27053	0	0	0	0	0	0	0	0	0	0	0	0	0	0	0	0	0	0	0	0	0	0	0	0	0	0	0	0	0	0	0	0	0	0	0	0	0	0	0	0	0	0	0	0	0	0.00375	0	0	0	0	0	0	0	0	0	0	0	0	0	0	0	0.26191	0	0	0	0	0	0	0	0	0	0	0	0.68154	0	0	0	0.0788	0	0.33686	0	0.15802	0	0	0	0	0	0	0	0	0	0	0	0	0	0	0	0	0	0	0	0	0	0	0	0	0	0	0	0	0	0	0	0	0	0	0	0	0	0	0	0	0	0	0	0.05382	0	0	0	0	0	0	0	0	0	0	0	0	0	0	0	0	0	0	0	0	0	0	0	0.04054	0.46827	0	0	0	0	0	0	0	0	0	0.06764	0	0	0	0	0	0	0	0	0	0
"Alistipes_communis"	0	0	0	0	0	0	0	0	0	0	0	0	0	0	0	0	0	0	0	0	0	0	0	0	0.57843	0	0.45555	0	0	0.29444	0	0	0	0.87935	0.28922	0	0	0.17673	0	0.06963	0.05094	0	0	0	0	0	0	0	1.03415	0	0.58706	0	0	0	0.20451	0	0	0	0	0	0	0	0	0	0.94621	0	0	0	0	0	0.14899	0	0	0.14815	0	0.13237	0	0	0	0.03685	0.3203	0	0	0	0	0	0	0	0	0	0	0	0	0.11391	0	0	0	0	0.21701	0	0	0	0	0	1.38176	0.08626	0.03128	0	0	0	0	0.23951	0	0	0	0	0	0	0	0	0	0	0	0	0	0	0	0	0	0.328	0	0	0	0	0	0	0	0	0	0	0	1.67762	0.87806	0	0	0	0	0	0.73788	0	0	0	0	0	0	0	0.18889	0	0	0	0	0	0.20696	0.01686	0	0	0	0	0	0.26648	0	0	0	0	0	0	0	0	0	0	0	0	0	0	0	0	0.24035	0	0	0	0.70941	0	0	0	0	0	0.01106	0	0	0	0	0	0.00443	0	0	0.82697	0	0	0	0	0.06591	0	0	0.40651	0.98451	0.26551	0	0	0	0	0.2173	0	0	0	0	0	0	0	0	0.20055	0	0.04676	0	0	0	0.012	0	0	0	0	0	0	0	0	0	0	0.5937	0	0	0	0	0	0	0	0	0	0	0	0	0	0	0.79681	0	0	0	0	0	0	0	0	0	0	0	0	0	0	0	0	0	0	0	0	0	0	0.06539	0.08999	0	0.01984	0	0	0	0	0	0	0	0	0	0	0	0	0	0	0	0.17389	0	0	0	0	0.14502	0	0	0	0.15709	0	0	0	0.57818	0	0.00122	0	0	0.71446	0	0	0	0	0	0	0	0	0	0.21954	0	0	0	0.28146	0	0	0	0	0	0	0	0	0	0	0	0	0	0	0	0	0	0	0	0	0	0.16515	0	0.5424	0	0	0	0	0	0	0	0.19192	0	0	0	0.21387	0	0	0.12804	0	0	0	0	0	0	0	0	0.23989	0	0	0	0	0	0	0	0	0	0	0	0	0	0	0	0	0	0	0	0	0	0.10054	0	0	0	0	0	0	0	0	0	0	0	0	0	0	0	0	0	0	0	0	0	0	0
"GGB14025_SGB14906"	0	0	0.83047	0	0	0	0.06957	0.00047	0	0	0	0	0.07606	0	0	0	0	0	0	0	0	0	0	0	0.23042	0	0.30457	0	0	0	0	0	0	0	0	0.31708	0	0	0	0.06615	0.00267	0	0	0	0	0	0	0	0.05136	0.01023	0	0	0.02529	0	0	0	0	0	0	0	0	0	0	0	0.06708	0	0	0	0	0	0.22492	0.56646	0	0.00103	0.11763	0.00631	0	0	0	0	0.04011	0.53828	0	0	0	0	0	0	0	0.0332	0	0	0	0	0	0	0	0	0	0	0	0	1.72325	0	0	0.02535	0	0	0	0	0	0	0	0.06467	0	0	0	0	0	0	0.01171	0	0.04369	0	0	0	0	0	0	0.00441	0	0	0	0	0	0	0	0	0	0	0	0	0	0	0	0	0.02223	0	0.82791	0	0	0	0	0	0	0	0	0.0206	0	0	0.15026	0	0	0	0	0	0	0	0	0.01898	0	0	0	0.05822	0	0	0	0	0	0	0	0	0	0	0	0	0	0	0	0	0	0	0	0	0	0	0	0	0	0	0	0.04516	0.20424	0	0	0.14097	0.016	0	0	0	0.20601	0	0	0.0106	0	0	0	0	0	0	0	0	0	0	0	0	0	0	0	0.14561	0	0	0	0.16085	0	0	0	0.01685	0	0	0	0	0	0	0	0	0	0	0	0.00642	0	0	0	0	0	0	0.00303	0	0.17516	0	0	0	0.15204	0	0	0	0	0	0	0	0	0	0	0	0	0	0	0	0	0.05417	0.19182	1.51973	0	0	0	0	0	0	0	0	0.08172	1.1216	0	0	0	0	0	0	0	0	0	0	0	0	0	0	0	0	0	0.08065	0.00038	0	0	0	0	0	0	0	0.0102	0	0	0	0	0.12871	0	0	0	0	0.01808	0	0	0	0	0	0.64609	0	0	0.00491	0	0	0	0	0	0	0	0	0	0	0.00138	0.00965	0	0	0	0	0	0	0	0.0383	0	0	0	0	0	0	0	0	0.02944	0	0	0	0	0	0	0	0	0	0	0	0	0	0	0	0	0.02044	0	0	0	0	0.02029	0	0	0	0	0	0	0	0	0	0	0	0.03165	0	0	0	0	0	0	0	0	0	0	0	0	0	0	0	0.02941	0	0.00069	0.01325	0	0	0	0	0	0	0	0	0
"Bacteroides_salyersiae"	0	0	0	0	0	0	0	0	0	0	0	0	0	0	0	0	0	0	0	0	0	0	0	0	0	0	0	0	0	0	0	0.13815	0	0	0	0	0	0	0	0.00591	0.00033	0	0	0	0	0	0	0	0	0	0	0	0	0.10096	0.74359	0	0	0	0	0	0	0	0	0	0.05955	0	0	0	0	0.00021	0	0	0	0.00061	0.11224	0.0068	0	0	0	0	0	0	0	0	0	0	0	0	0	0	0	0	0	0.00562	0	0	0	0	0	0	0	0	0	0	0	0	0	0	0	0	0	0	0	0	0	0	0	0	0	0	0	0.00569	0	0	0	0	0	0	0	0	0	0	0	0	0	0	0	0	0	0	0	0	0	0.91875	0	0	0	0	0.13594	0.48785	0	0	0	0	0	0	0	0.28707	0	0	0	0	0	0	0	0	0	0	0	0	0	0	0	0	0	0	0	0	0.29383	0	0	0	0	0	0	0.02227	0	0	0	0	0	0	0	0	0	0	0.37153	0	0	0	0	0	0.07721	0	0	0	0.68178	0	0	0	0	0	0	0.42981	0	0	0	0	0	0	0	0	0	0.20033	0	0	0	0	0	0.02202	0	0.02183	0	0.06497	0	0	0	0	0	0	0	0	0	0	0	0	0	0	0	0	0	0.5958	0	0	0	0	0	0	0	0	0	0	0	0	0	0	0	0	0	0	0	0	0	0.09811	0	0	0	0	0	0	0	0	0	0	0	0	0	0	0	0	0	0	0	0	0	0.18766	0	0	0	0	0	0	0.29714	0.14617	0	0	0	0.00092	0	0	0	0	0	0	0	0	0	0.38653	0.02778	0.25632	0	0	0	0	0.19661	0	0	0	0	0	1.38113	0	0	0	0	0	0	0	0	0	0	0	0	0	0	0	0	0	0	0	0	0	0.38567	0	0	0	0	0	0	0	0	0.13726	0	0	0	0	1.13184	0	0	0	0	0	0	0.59464	0	0	0	0	0	0	0	0	0	0.05385	0	0.26171	0	0	0.03738	0	0	0	0	0	0	0	0	0	0	0	0.23569	0	0	0	0	0	0	0	0	0	0	0	0	0	0	0	0	0	0	0	0	0	0	0	0	0	0	0	0
"Oscillibacter_valericigenes"	0	0	0	0	0	0	0.00028	0	0	0	0	0	0	0	0	0	0	0	0	0	0	0	0	0	0	0	0.00375	0	0	0.01929	0	0	0.04109	0	0	0	0	0	0.00326	0.0054	0.00118	0	0	0	0	0	0	0	0	0	0	0	0	0	0	0	0	0	0	0	0	0	0	0	0.0481	0.22034	0	0	0	0	0	0	0	0.00443	0.04606	0	0	0	0	0	0.0745	0	0	0	0	0.03274	0	0	0	0	0	0	0	0	0	0	0	0	0	0	0	0	0	0	0	0	0	0.00548	0	0	0	0	0	0.04841	0	0	0	0	0	0	0.23127	0	0	0	0.04837	0.00829	0.02899	0	0	0	0	0	0	0	0	0	0	0	0	0	0	0.01448	0	0	0	0	0	0	0.01342	0	0	0	0	0	0	0	0	0.02554	0	0	0	0	0	0	0	0	0	0	0	0.01277	0	0	0	0.00782	0	0	0	0	0	0	0	0	0	0	0	0	0.02263	0	0	0	0	0	0	0	0	0.02477	0	0	0	0	0	0.04276	0.00985	0	0	0.05318	0.10359	0.03118	0	0	0.02334	0	0	0	0.52296	0	0	0	0	0	0	0	0	0	0.00224	0	0	0	0	0.03583	0	0	0.00439	0	0	0.04329	0.19606	0	0	0	0	0	0	0	0	0	0	0	0	0	0	0	0	0.12758	0	0	0	0	0	0	0	0	0.03713	0	0	0	0	0	0	0	0	0.14573	0	0	0	0	0	0	0	0	0.20023	0	0	0	0	0	0	0	0	0	0	0.20698	0.04907	0	0	0.00269	0	0	0	0	0	0	0	0	0	0	0	0	0	0	0.02728	0.02257	0	0	0	0	0.0205	0	0	0	0	0	0	0.22517	0	0	0	0	0	0	0	0	0	0	0.02471	0	0	0	0	0	0	0.04205	0	0	0	0	0	0	0	0	0	0	0	0	0	0	0	0.00213	0	0.00292	0	0	0	0.01152	0	0	0	0	0	0	0	0	0	0	0	0	0	0	0	0	0	0	0	0.1165	0	0	0	0	0	0	0	0	0	0	0	0	0	0	0	0	0	0	0	0	0	0	0.01576	0	0.37266	0	0	0	0	0	0	0	0.53866	0	0.00556	0.00139	0	0	0	0	0	0	0	0	0
"Pseudoflavonifractor_sp_An184"	0	0	0	0	0	0	0.0289	0.0133	0	0	0	0	0	0	0	0	0	0	0	0.01939	0	0	0	0	0.00979	0	0.00395	0	0.01275	0.23606	0	0.01696	0	0	0	0.00498	0	0	0.06721	0.04409	0.0113	0	0	0	0	0	0	0.24429	0	0	0	0	0.01339	0.22363	0.24549	0	0	0	0	0	0	0	0	0	0.00178	0.11054	0.28975	0	0	0	0.03455	0.25323	0	0.01776	0.00342	0	0	0	0	0	0	0.01891	0	0	0	0.04695	0	0	0.69952	0	0	0	0	0	0	0	0	0	0	0.06861	0.09205	0	0.93523	0	0	0.10339	0	0	0	0	0	0	0	0.46759	0.2078	0	0	0.64166	0	0	0.04447	0.14999	0	0	0	0	0.01085	0	0	0	0	0	0	0	0.81275	0	0	0	0	0	0	0.09331	0.02051	0	0	0	0	0.39259	0.00541	0	0	0	0	0	0	0	0	0.03282	0.06288	0.03783	0.01419	0	0	0	0	0	0	0	0	0	0	0	0	0	0.26691	0	0	0	0	0	0	0.0247	0	0	0	0	0.03231	0	0	0	0.01995	0	0	0	0	0	0.06985	0	0	0	0	0	0	0.05643	0	0	0.63427	0.21038	0	0.11506	0	0	0	0	0.06004	0	0.11093	0	0	0	0	0	0	0.01902	0	0	0	0	0	0.01236	0	0	0.01532	0.02064	0	0	0.02707	0.1171	0	0	0	0	0	0	0	0	0	0	0	0	0	0.02093	0	0	0	0	0	0	0	0	0	0	0.34716	0	0.27772	0	0	0	0	0.46995	0	0.02318	0	0	0	0	0	0	0	0	0	1.06638	0	0	0	0	0	0	0	0	0	0	0.07952	0	0	0	0	0	0	0	0.52355	0	0	0	0	0	0	0	0	0.00626	0.00622	0	0	0	0	0	0	0	0	0.01663	0	0	0	0.02148	0	0	0	0	0	0	0	0	0	0.0963	0.01075	0	0	0	0	0	0	0.38839	0	0	0	0	0.08484	0	0	0	0	0	0	0	0	0	0	0.03478	0	0	0	0	0	0	0	0	0.02435	0	0	0	0	0	0	0	0.56133	0	0	0	0	0	0	0	0	0.0033	0	0	0	0	0.01407	0	0	0	0	0	0	0	0	0	0	0	0	0	0	0	0	0	0	0.01692	0.02863	0	0	0	0	0	1.3948	0	0.00776	0	0	1.46198	0	0	0	0	0	0	0	0	0
"GGB9770_SGB15390"	0	0	0.00273	0	0	0	0.5757	0.16729	0	0	0	0	0	0	0	0	0	0	0	0	0	0	0	0	0	0	0.00828	0	0	0.01372	0	0	0	0	0	0	0	0	0	0.01933	0	0	0	0	0	0	0	0	0.05791	0	0	0	0.00046	0.01002	0	0	0	0	0	0	0	0	0	0.00746	0.01688	0.03197	0	0	0	0	0	0	0	0	0.01445	0.00025	0	0	0	0	0.28231	0	0	0	0	0	0	0	0.12302	0.12523	0	0	0	0	0	0	0	0	0	0	0	0	0	0	0	0	0	0	0	0	0	0	0	0	0	0	0	0	0	0	0.05828	0	0	0	0	0	0.55744	0	0	0.01352	0	0	0	0	0	0	0	0	0	0	0	0	0	0	0	0	0	0	0.21759	0	0	0	0	0	0	0	0	0.03551	0	0	0	0	0	0	0	0.0205	0.04608	0	0	0	0	0	0	0	0	0	0	0	0	0	0	0	0	0	0	0	0.00916	0	0	0	0.09555	0	0	0	0	0	0	0	0	0	0	0	0.0152	0	0	0.04653	0	0.03907	0	0.01051	0.05768	0	0	0	0	0	0	0	0	0	0	0	0	0.00845	0	0	0	0.00165	0	0.06934	0	0	0	0	0	0	0.36793	0.00383	0	0	0	0	0	0	0	0	0	0	0	0	0	0	0	0	0	0	0	0.00969	0	0	0	0	0.08682	0	0	0	0	0	0	0	0.2005	0.13923	0	0	0	0	0	0	0	0.04385	0.68987	0	0	0	0	0	0	0	0	0	0	0	0	0	0	0.02502	0	0	0	0	0	0	0	0	0	0	0	0	0	0	0.23785	0	0.18076	0	0	0	0	0	0	0.07471	0	0	0	0.02815	0	0	0	0	0	0	0	0	0	0	0.20299	0	0	0	0	0.00868	0	0	0	0	0	0	0	0	0	0	0	0	0	0	0	0	0	0	0	0	0	0	0	0.00071	0	0	0.00312	0	0	0	0	0	0.13592	0	0	0	0	0	0	0	0	0	0	0.08993	0	0.12401	0	0	0	0	0	0	0	0	0	0.02043	0	0	0	0	0	0	0	0	0	0	0.02808	0	0.12444	0	0	0	0	0	0	0	0	0	0	0.07635	0	0	0	0	0	0	0	0	0
"Sanguibacter_SGB15121"	0	0	0	0	0.11201	0.01275	0	0.36114	0	0	0	0	0.82189	0	0	0.06905	0	0	0	0	0	0	0	0	0	0	0.11425	0	0.12443	0.22393	0	0.19461	0.3011	0	0.11845	0.21361	0	0	0.03456	0.08071	0.05089	0	0	0	0	0	0	0	0	0.47583	0.311	0	0.37647	0	0.03628	0.05236	0	0	0	0.61001	0.60925	0	0	0.11855	0.29272	0.64319	0.47736	0	0	0	0.68848	0	0	0.02434	0.04882	0.09128	0	0.05731	0	0	0.015	0.09895	0.10567	0	0	0.23827	0	0	0	0	0	0	0	0	0.03924	0.0997	0	0	0.05853	0	0	0	0.31141	0	0	0	0.04351	0	0	0	0.48858	0.01152	0	0.17402	0.15647	0.12209	0.08056	0.12129	0.04466	0.03275	0.15473	0	0.20866	0	0	0	0	0	0	0	0	0	0	0	0	0	0.21705	0	0	0	0	0.07805	0.35737	0	0.32732	0	0	0.1307	0.36893	0.10914	0	0	0	0	0	0	0	0.4621	0	0	0.13477	0.02478	0.08635	0	0.08969	0	0	0	0	0.32088	0	0.15331	0	0.26182	0	0	0	0.41539	0	0.28126	0	0.13669	0	0	0.39129	0	0.16011	0.15593	0.46963	0	0.729	0	0.09802	0	0	0.40796	0	0	0.05445	0	0	0	0	0.04943	0.31428	0.31818	0.32018	0.21642	0	0.11556	0	0	0	0	0.60468	0.23288	0.00731	0	0.14082	0	0.17427	0	0	0.18258	0.3587	0	0	0.33255	0.25603	0.37678	0	0	0.2483	0.81458	0	0.08527	0.32422	0.67253	0	0	0	0.36136	0	0	0	0	0	0	0	0	0.34009	0	0	0	0	0	0	0	0	0	0.2973	0	0.14572	0	0.23053	0	0	0	0	0.53	0.51108	0	0	0	0	0	0	0	0	0.13992	0.99929	0.38837	0	0	0	0	0	0	0	0.41048	0	0	0	0	0	0.35023	0.13152	0	0	0	0	0	0	0.16081	0	0	0	0.22569	0.0362	0.56593	0.50406	0	0.81998	0	0	0	0	0.1061	0.02995	0	0	0.20726	0	0.23793	0	0	0	0	0	0	0	0	0.27974	0.14321	0.42509	0.23225	0	0	0.22281	0.1886	0	0	0	0.2359	0	0	0.14155	0	0.06064	0.05518	0	0.09688	0	0	0	0	0	0.05346	0	0	0	0.04096	0	0.20402	0.38027	0.19625	0	0.13342	0	0	0	0.02837	0.29372	0.06074	0.0307	0	0.13051	0	0	0	0	0	0	0.32452	0	0	0.29128	0.20543	0	0	0	0	0	0.18328	0	0	0.29055	0	0.00275	0	0	0	0	0	0	0.52302	0.18893	0.03423	0	0	0	0	0	1.18857	0	0	0	0	0.22531	0	0	0	0.17824	0	0	0	0	0	0
"Blautia_sp_Marseille_P3087"	0	0	0	0	0	0	0	0	0	0.0171	0	0	0	0.02428	0	0	0	0	0	0	0	0	0	0	0.15585	0	0.06152	0	0	0	0	0	0	0	0	0	0	0	0	0.00075	0.0733	0	0	0	0	0	0	0	0	0	0	0	0	0.03317	0	0	0.02078	0	0	0	0	0.05371	0	0	0	0	0	0	0	0	0	0	0	0.11288	0.00709	0	0	0	0	0	0.00642	0	0	0	0	0	0	0	0	0.55028	0.10212	0	0	0	0	0	0	0	0	0	0	0	0	0	1.34235	0	0	0.88412	0	0	0	0	0	0.02574	0	0	0	0	0	0	0	0	0	0	0	0	0	0	0	0.0106	0	0	0	0	0	0	0	0	0	0	0	0	0	0	0	0	0	0	0.00909	0	0	0	0	0	0	0	0	0.80676	0	0	0	0	0	0.07345	0	0	0	0.00941	0	0	0	0	0	0	0	0	0	0	0	0	0	0	0	0	0	0	0.27438	0	0	0	0	0.05605	0	0	0	0	0	0	0	0.14847	0	0	0	0	0	0.0817	0	0	0	0	0	0	0	0.06939	0.06718	0	0	0	0	0.08627	0	0	0	0	0	0	0	0	0	0	0	0.00143	0	0	0.00206	0.11321	0	0	0	0	0	0	0	0.08953	0	0	0	0.35914	0	0	0	0	0	0	0	0	0	0.10906	0	0	0	0	0	0	0	0.04563	0	0	0.01559	0	0	0.62549	0.04038	0.03019	0	0	0	0	0	0	0	0	0	0.23375	0.07927	0.00783	0.14995	0.16041	0	0	0	0	0	0	0	0	0	0	0	0	0	0	0	0.01284	0	0	0	0	0	0	0	0	0.11267	0	0	0	0	0.08125	0.01731	0	0	0	0	0.0809	0	0	0	0	0	0	0	0.07326	0	0	0	0.23394	0	0.01537	0.04904	0.08145	0	0	0	0	0	0	0	0	0	0	0	0	0	0	0	0	0	0.05197	0	0	0.00508	0	0	0.06582	0.03702	0	0	0	0	0	0	0	0	0.08877	0	0	0	0	0	0	0	0	0	0	0	0.00147	0	0	0	0	0	0	0	0	0	0	0	0	0	0	0	0	0	0	0	0	0	0	0	0	0	0	0	0	0	0	0	0	0.25121	0	0	0	0.17437	0	0	0	0	0	0
"GGB9469_SGB14863"	0	0	0	0	0.00918	0	0	0	0	0	0	0	0	0	0	0	0	0	0	0	0	0	0	0	0	0	0	0	0	0.00149	0	0	0	0	0	0	0	0	0	0	0	0	0	0	0	0	0	0	0	0	0	0	0	0	0	0	0	0	0	0	0	0	0	0	0	0	0	1.79652	0.42307	0	0	0	0	0	0	0.00904	0	0	0	0	0	0	0	0	0	0	0	0	0	0.01497	0	0	0	0	0	0	0	0	0	0	0	0	0	0.02023	0	0	0	0	0	0	0	0	0	0	0	0	0	0	0	0	0.00366	0	0	0	0	0	0.00068	0	0	0	0	0	0	0	0	0	0	0	0	0	0	0	0	0	0	0	0	0	0	0	0	0.03327	0	0	0	0	0	0	0	0	0	0	0	0	0	0	0	0	0	0	0	0	0	0	0	0	0	0.05288	0	0	0	0	0	0	0	0	0	0	0	0	0	0	0	0	0	0	0	0	0	0	0	0	0	0	0	0	0	0.00762	0	0	0	0	0	0	0	0	0	0	0	0	0	0	0	0	0	0	0	0	0	0	0	0	0	1.04562	0	0	0	0	0	0	0	0	0	0	0	0	0	0	0	0	0	0	0	0	0	0	0	0	0	0	0	0	0	0	0	0	0	0	0	0	0	0	0	0	0	0	0	0	0	0	0	0	0	0	0	0	0	0	0	0	0	0	0	0	0	0	0	0	0.09279	0	0.32484	0	0	0	0	0	0	0	0	0	0.00267	0	0	0	0	0	0	0	0	0	0	0	0	0	0	0	0	0	0	0	0	0	0	0	0	0	0	0	0	0	0	0	0	0	0	0	0	0.03803	0	0	0	0	0	0	0	0	0	0	0	0	0	0	0	0	0	0	0	0	0	0	0	0	0	0	0	0	0	0	0	0	0	0	0	0	0	0	0	0	0	0	0	0	0	0	0	0	0	0	0	0	0	0	0	0	0	0	0	0	0	0.01777	0	0	0	0	0	0	0	0	0	0	0	0	0	0	0	0	0	0	0
"GGB9453_SGB14844"	0	0	0	0	0	0	0.03979	0.01701	0	0	0	0	0	0	0	0	0	0	0	0.0081	0	0	0	0	0	0	0	0	0	0	0	0.00125	0	0	0	0	0	0	0.00198	0.03161	0.00067	0	0	0	0	0	0	0	0	0	0	0	0.07142	0.00275	0	0	0	0	0	0	0	0	0	0	0	0.14903	0.52723	0	0	0	0	0.01343	0	0.00178	0.01378	0.00794	0	0	0	0	0.02191	0.22828	0	0	0	0	0	0	0.0238	0	0	0	0	0	0	0	0	0	0	0	0	0	0.05609	0.17856	0.01815	0	0	0	0	0	0	0.02528	0	0	0	0	0	0	0	0	0.06822	0	0	0	0.02422	0	0.06751	0.00733	0	0	0	0	0	0	0	0	0	0	0	0	0	0	0	0	0	0	0	0.08786	0	0	0	0	0	0	0	0	0	0	0	0	0.25468	0	0.01397	0	0	0	0	0	0	0.01016	0	0	0.03738	0.02562	0.02903	0	0	0.10014	0	0	0	0	0	0	0	0	0	0	0	0	0.03094	0	0	0	0	0	0	0	0	0	0	0	0	0	0	0	0.02671	0.03184	0	0.01297	0.00639	0	0	0	0	0	0	0	0	0	0	0	0	0.00379	0	0	0	0	0	0.00758	0	0	0	0.02531	0	0.00215	0.13343	0.07533	0	0	0.15459	0.02335	0	0.0515	0	0	0	0	0	0	0	0.06556	0	0	0	0	0	0	0	0	0	0	0	0	0	0	0	0	0	0.17166	0	0	0	0	0	0	0	0.02652	0	0	0.61885	0.00499	0.02058	0.00336	0	0	0	0	0	0.00828	0	0	0.01032	0	0	0	0	0	0.0068	0	0	0	0	0	0	0	0	0	0	0.27757	0	0	0	0	0	0	0	0	0	0	0	0	0	0	0	0	0.0576	0	0.0067	0	0	0	0.02266	0	0.06744	0	0	0	0	0	0	0	0	0	0	0	0.02552	0.03099	0	0	0	0	0	0	0	0.4452	0	0	0	0	0	0	0	0.00621	0	0	0	0	0	0	0.01185	0	0	0	0	0	0	0	0	0	0	0	0	0	0	0	0	0	0	0	0	0	0	0	0	0	0	0	0	0	0	0	0	0	0	0	0	0.13575	0.01223	0.02565	0	0	0	0	0	0	0.01283	0	0	0.0399	0	0	0	0	0	0	0	0	0
"GGB9480_SGB14874"	0	0	0.38628	0.91311	0	0	0.27167	0.2701	0	0	0	0	0	0	0	0	0	0	0	0.00543	0	0	0	0	0	0	0	0	0	0	0	0.0991	0	0	0	0	0	0	0.03085	0.13587	0.04341	0	0	0.20463	0	0	0	0	0	0	0	0	0.51804	0	0	0	0	0	0	0.53443	0	0	0	0	0.75474	0.25709	0.3913	1.02915	0	0	0	0	0	0.01113	0.20981	0.38159	0	0	0	0	0	0.22201	0	0	0	0	0	0	1.25743	1.28842	0.02999	0	0	0	0	0	0	0	0	0	0	0	0	0	0	0	0	0.56822	0	0	0	0	0	0.3719	0	0	0	0	0	0.0595	0.4019	0	0.55226	0	0	0	1.21227	0	0	0.62912	0.15133	0	0	0	0	0	0	0	0	0	0	0	0	0	0	0	0	0	0	0	0	1.01522	0	0	0.58961	0	0	0.66053	0.71612	1.59679	0.00813	0	0	0	0	0	0.41815	0	0	0.79299	0	0	0	0	0	0	0	2.11795	1.01953	0	0	0.15499	0	0	0.36414	0	0	0	0	0	0	0	0	0	0	0	0.00163	0	0	0	0	0.3212	0.46361	0	1.86325	0	0	0.48039	0	0.05238	0	0.01464	0.16567	0	0	0	0.15193	0	0	0	0	0.24122	0	0.02774	0	0	0	0	0.56773	0	0	0	0.27358	1.27628	0	0.00028	0	0	0	0.00471	0	0	0	0	0	0	0	0.12889	0	0	0	0.25814	0	0.26251	0	0	0.36005	0	0	0	0.45249	0	0	0	0	0	0	0	0	0	0	0.54265	0	0	0	0	0	0	0	0	1.22933	0.24801	0	0	0	0	0	0	0	0	0.42229	0.5059	0	0	0	0.92376	0	0.01829	0	0	0	0	0	0	0	0	0.2478	0	0	0.61201	0.53909	0.0623	0	0	0	0	0	0	0	0.85527	0	0	0	0	0	0.0087	0	0	0	0	0	0	0	0	0	0.14813	0	0	0	0	0	0	0	0.31586	0	0	0	0	0	0.26949	0	0	0	0.23876	0	0	0	0	0.45486	0	0	0	0	0.27803	0	0	0.60008	0	0	0.03001	0	0	0	0	0	0	0	0	0	0	0	0	0	0.48638	0	0	0	0	0	0	0	0	0	0	0	0.40385	0	0	0	0	0	0	0	0	0	0	0	0.01335	0	0	0	0	0	0	0.52669	0	0.12413	0	0	0	0	0	0	0	0	0	0	0	0
"GGB9775_SGB15395"	0	0	0	0.10079	0	0	0.30235	0.04688	0	0	0	0	0	0	0	0	0	0	0	0	0	0	0	0	0	0	0.00576	0	0	0	0	0	0	0	0	0	0	0	0	0.00875	0	0	0	0	0	0	0	0	0	0	0	0	0.0352	0	0	0	0	0	0	0	0	0	0	0	0	0.08994	0	0	0	0	0	0	0	0	0	0	0	0	0	0	0.11227	0.0304	0	0	0	0	0	0	0	0	0	0	0	0	0	0	0	0	0	0	0	0	0	0	0	0	0	0	0	0	0	0	0	0	0	0	0	0	0	0	0	0	0	0	0	0	0.04365	0	0	0	0	0	0	0	0	0	0	0	0	0	0	0	0	0	0	0	0	0	0.10588	0	0	0	0	0	0	0	0	0	0	0	0	0	0	0	0	0	0.03093	0	0	0	0	0	0	0	0	0	0	0	0	0	0	0	0	0	0	0	0	0	0	0	0.09644	0	0	0	0	0	0	0	0	0	0	0	0.02036	0	0	0.12487	0	0	0	0	0.02438	0	0	0	0	0	0	0	0	0	0	0	0	0.15358	0	0	0	0	0	0.04133	0	0	0	0	0	0	0.14921	0	0	0	0	0	0	0.06843	0	0	0	0	0	0	0	0	0	0	0	0	0	0	0	0	0	0	0.01662	0	0	0	0	0	0	0	0	0	0	0	0	0	0	0	0	0	0	0	0	0	0	0	0	0	0	0	0	0	0	0	0	0	0	0	0	0	0	0	0	0	0	0	0	0	0	0	0.05474	0	0	0	0	0	0	0	0	0	0	0	0	0	0	0	0	0	0	0	0	0	0	0	0	0	0	0	0	0	0	0	0	0	0	0	0	0	0	0	0	0	0	0	0	0	0	0	0	0	0	0	0	0	0	0	0.0242	0	0	0	0	0	0	0	0	0	0	0	0	0	0	0	0	0.0811	0	0	0	0	0	0	0	0	0	0	0	0	0	0	0	0	0	0	0	0	0	0	0.04138	0	0.06735	0	0	0	0	0	0	0	0	0	0	0.11069	0	0	0	0	0	0	0	0	0
"GGB3892_SGB5290"	0	0	0	0	0	0	0	0	0	0	0	0	0	0	0	0	0	0	0	0	0	0	0	0	0	0	0.03378	0	0	0	0	0	0	0	0	0	0	0	0	0.00038	0.00064	0	0	0	0	0	0	0	0.02178	0.05803	0	0	0	0	0	0	0	0	0	0	0	0	0	0.00024	0.00208	0	0	0	0	0	0	0	0	0	0	0	0	0	0	0	0.0101	0	0	0	0	0	0	0	0.01597	0	0	0	0	0	0	0	0	0	0	0	0	0	0	0	0	0	0	0	0	0	0	0	0	0	0	0	0	0	0	0	0	0	0	0	0	0	0.01518	0	0	0	0	0	0	0	0	0	0	0	0	0	0	0	0	0	0	0	0	0	0	0	0	0	0	0	0	0	0	0.00297	0	0	0	0	0	0	0	0	0	0	0	0	0	0	0	0	0	0	0	0	0	0	0	0	0	0	0	0	0	0	0	0	0.03719	0	0	0	0	0	0	0	0	0	0	0	0.42636	0	0	0	0	0	0	0	0.02155	0	0	0	0	0	0	0	0	0	0	0	0	0	0	0	0	0	0	0.00953	0	0	0	0	0	0	0	0	0	0	0	0	0	0.03075	0	0	0	0	0	0	0	0	0	0	0	0	0	0	0	0	0	0	0	0	0	0	0	0	0	0	0	0	0	0	0	0	0	0	0	0	0	0	0	0	0	0	0	0	0	0	0	0	0	0	0	0.00373	0	0	0	0	0	0	0	0	0	0	0	0	0	0	0	0	0	0	0	0	0	0	0	0	0	0	0	0	0	0	0	0	0	0	0	0	0	0	0	0	0	0	0	0	0	0	0	0	0	0	0	0	0	0	0	0	0	0	0	0	0	0	0	0	0	0	0	0	0	0	0.00022	0	0	0	0	0	0	0	0	0	0.0018	0	0	0	0	0	0	0	0	0	0	0	0	0	0	0	0	0	0	0	0	0	0	0	0	0	0	0	0	0	0	0	0.00871	0	0	0	0	0	0	0	0	0	0	0	0	0	0	0	0	0	0	0	0
"Coprococcus_eutactus"	0	0	0	0	0	0	0	0	0	0	0	0	0	0	0	0	0	0	0	0	0	0	0	0	5.45296	0	0.90919	0	0	1.1827	0	0	0.1908	0	0.36986	0.14427	0	0	0	0	0.26485	0	0	0	0	0	0	0	2.20868	0.31689	0.69951	0	0	0	0	0	0	0	0	0	0	0	0	0	0	0	0	0	0	0	0	0	0	0.23906	0.07161	0.15354	0	1.12463	0	0	0	0	0	0	0	0	0	0	0	0	0.13902	0	0	2.20154	0	0	0	0	3.39676	0	0	0	0	0.04684	0	0.60135	1.56356	0	0	0	0	0.05278	0	0.75774	0	0	0	0	0	0	0	0	0	0	0	0	0	0	0	0	0	0	0	0	0	0	0	0	0	0	0	0	2.46259	0	0	0	0.00069	0	2.3987	0	0	0	0	0	0	0	0	0	0	0	0	0	0	1.24924	0	0	0	0	0	9.71388	0	0	0	0	0	0	0	0	0	0	0	0	0	0	0	0	0	0	0	0	0	3.12506	0	0	0	0	0	0	0	0	0	0	0	0	0	0	0	0	0	0	0	0	0	0.45261	0	0	0	0	0.07754	0	0	0	0	0	0	0	0	0	0	0.15015	0.21699	0	0	0	0	0.21524	0	0	0	0	0	0	0	0	1.8086	0	0	1.09418	0	0	0	0	0	0	0	0	0	0	0	0	0	0	2.83031	0	0	0	0	0	0	0	0.10552	3.00218	0	0.28827	0	0	0	1.07655	0	5.45032	0	0	0	0.23526	0.01573	0	0	0	0	0	0	0	0.12875	0	0	0	0	0.62459	0	0	0	0	0	0.34783	0	0	0	0	0	0	1.47382	0.02321	0	0	0	0	0.08599	0	0.93396	0	0	0	0	0	0	0	0	0	0	0	0	1.47477	0	0	0	1.78425	0	0.91612	0	1.53375	0	0	0	0	0	0	0	0	0.01792	0.56226	0	0	0	0	0	0	0	0	0	0	0	0	0	0	2.18134	0	0	0	0	0	0	0	0	0	0	0	5.07281	0	0	0	0	0	0	0	0	0	0	1.23494	0.10038	0	0	0	0	1.19681	0	0	0	0	0	0	0	0	0	0	0	0	0	0	0.83844	0	0	0	0	0	0	0	0	0	0	0.01883	0	0	0	0	0	0	0	0	0
"Merdimonas_faecis"	0	0	0	0	0	0.06553	0	0	0	0	0	0	0	0	0	0	0	0	0	0	0	0	0	0	0.00357	0	0	0	0	0	0	0	0	0	0	0	0	0	0.15982	0.01594	0.00628	0	0	0.01446	0	0	0	0.04661	0	0	0	0	0.01112	0	0	0	0	0	0	0.12175	0	0	0	0	0.05686	0.49623	0.4317	0.16517	0.01569	0	0	0.02528	0	0.00885	0	0.02305	0	0.03173	0	0	0	0.07	0	0	0	0.03696	0	0	0.08119	0.3414	0	0	0	0	0	0	0	0	0	0.02635	0.04832	0	0.12845	0.26006	0	0.0067	0.00382	0	0	0	0	0.00456	0.02864	0	0	0.13919	0	0.5429	0	0	0.08658	0	0.03903	0	0	0	0	0	0	0	0	0	0	0	0	0	0	0.00279	0	0	0.02303	0	0	0	0	0	0.1772	0	0.0372	0	0	0.09658	0	0	0	0	0.02856	0	0	0	0.00748	0	0	0	0	0	0.31396	0	0.20424	0.03569	0	0	0	0.20393	0.20886	0	0	0	0	0	0	0	0.15701	0	0	0	0.065	0.09724	0	0.01632	0	0	0	0	0	0.25051	0	0	0	0	0	0.22899	0.05863	0	0	0	1.04577	0.08621	0	1.20426	0.06795	0	0	0	0.11491	0	0	0	0.07017	0	0	0	0	0.09092	0	0	0	0	0	0.07664	0	0	0	0	0	0.47749	0.02864	0	0	0.00584	0	0	0	0	0	0	0	0	0	0	0	0	0	0	0	0	0	0	0	0	0	0	0.31845	0	0	0	0	0	0	0	0.49273	0.0687	0	0	0	0	0	0	0.01293	0	0.32362	0	0.00785	0	0	0	0	0	0	0.01303	0	0	0	0	0	0	0.26152	0	0	0	0	0	0	0	0	0.07318	0.01282	0	0	0.04041	0.55331	0	0	0	0	0	0	0	0	0.0707	0	0	0	0	0	0	0	0	0	0	0	0	0.02428	0.02277	0.46379	0.10064	0	0	0.01222	0	0	0.04421	0	0	0	0	0	0	0	0.00935	0	0	0	0.18102	0	0	0	0.03993	0	0.01171	0	0.05798	0	0	0.08652	0	0	0	0	0.09723	0.1163	0	0	0	0	0	0.00741	0	0	0	0	0	0	0.29243	0	0	0.04102	0.06731	0	0	0	0	0	0.02529	0	0	0.61787	0	0.02363	0	0	0.01279	0.06705	0	0	0	0	0	0.16811	0.03797	0	0.14112	0	0	0	0	0.2342	0	0	0.15793	0	0	0	0	0	0	0.24034	0.06546	0
"Clostridium_saudiense"	0	0.00032	0	0	0.04979	0	0.0286	0.01995	0.00422	0	0	0	0	0.00037	0	0	0.04666	0	0	0.00495	0.56744	0	0	0	0	0	0.00862	0	0	0	0	0	0.3187	0	0.00427	0	0	0	0.03322	0.04112	0.02369	0	0.02801	0.07173	0.00405	0	0	0	0.01746	0.03267	0.08083	0.05622	0.14932	0	0.005	0	0	0	0	0	0.03105	0	0.61983	0.01306	0	0.29603	0.35624	0	0	0	0	0	0	0.03772	0.24231	0.01644	0.00324	0	0	0.20969	0.53701	0	0	0	0.02045	0.02398	0	0	0	0	0.08605	0	0.03443	0	0	0	0	0	0.00085	0	0.10805	0	0.1708	0	0	0	0	0	0	0.13673	0.04165	0	0.0011	0	0.00279	0	0	0	0.02952	0.05138	0.07195	0	0	0	0.03138	0.00578	0	0	0.12262	0	0.07764	0	0	0	0	0	0	0	0	0	0	0.17692	0	0	0.01061	0	0	0	0	0	0	0	0.48712	0.17825	0	0	0.03087	0.13852	0	0.00092	0.30718	0.06072	0	0	0.00472	0	0	0.00628	0.03003	0	0.00055	0.00823	0	0	0.00431	0	0	9e-05	0	0.00384	0	0	0.03294	0	0.01067	0	0.1717	0.32312	0.00257	0	0	0.01318	0.17521	0	0	0	0	0	0	0	0	0.0073	0.74114	0.01627	0	0.04423	0.05127	0.0019	0	0	0.21928	0.09689	0.05313	0	0.40195	0.16434	0.06925	0	0.14069	0.05426	0.14769	0	0	0	0	0	0.00379	0	0	0.21597	0	0	0.00898	0.0167	0	0.11786	0	0	1.07373	0	0	0.214	0.00153	0	0	0.0068	0	0.07487	0	0	0.00356	0	0	0	0	0	0.03692	0.00863	0	0	0	0	0.02738	0.03961	0	0	0.00255	0.00148	0	0	0	0	0.07643	0.0103	0	0	0	0.52377	0	0.01828	0.42031	0	0.03882	0.29141	0	0	0	0	0.07345	0	0.0028	0.03565	0.02393	0	0	0	0.09322	0.00749	0	0.21534	0	0.00202	0	0	0	0	0	0.01924	0.04057	0	0.01835	0	0	0	0.01696	0	0	0.26347	0	0.06192	0	0.0877	0	0.01052	0.00101	0	0.03118	0	0.02259	0	0	0	0	0	0	0	0.00217	0.08833	0.00811	0	0	0.00057	0	0	0.00678	0.02245	0.00814	0	0.00239	0.01282	8e-04	0	0.04085	0.00685	0.33524	0	0	0	0	0.01837	0	0	0	0.03952	0	0	0	0	0	0.00273	0.19221	0	0.2447	0.07615	0	0	0	0	0	0	0	0	0	0.12169	0	0	0.0151	0.00661	0.1701	0	0	0	0.06298	0	0.02264	0.02938	0	0	0.03867	0	0	0	0	0	0	0.01401	0.16466	0	0.00612	0.11402	0	0	0	0.18177	0	0	0	0	0.01474	0.00809	0	0	0.00045	0.0839	0	0	0	0.00387	0
"GGB9719_SGB15272"	0	0.05161	0.04576	0	0.01168	0	0.02391	0.02594	0.03193	0	0	0	0	0.00177	0	0.03477	0	0	0	0	0	0	0	0	0.00182	0	0.02006	0	0	0.0199	0.02432	0	0.17616	0.00105	0.00056	0.0369	0	0	0.01511	0.00528	0.01536	0	0	0	0	0	0	0	0.00285	0	0	0.06863	0.44516	0.15538	0.0071	0	0	0	0	0.05385	0.11009	0	0	0.01208	0.0299	2.07669	0.75469	0	0	0	0	0.40729	0	0.02023	0.11885	0.01349	0	0.05861	0	0	0.08535	0.01036	0.00845	0	0	0.02595	0	0	0.01773	0.00988	0	0	0	0	0	0	0	0	3e-04	0.06847	0	0	0.03576	0.07857	0.0639	0.00112	0	0.11716	0	0	0	0	0	0.07774	0.06597	0	0.03781	0.07695	0	0	0.02503	0.12172	0	0	0	0	0.13093	0.02668	0	0.01696	0	0	0	0	0.03403	0	0.24607	0	0	0	0	0	0.0078	0	0	0	0	0.09927	0.00159	0	0	0.00741	0	0	0	0	0	0	0.00134	0	0.00148	0.0148	0	0	0	0	0	0	0	0.00899	0	0.06804	0.02361	0.25903	0.12243	0	0	0.14273	0	0	0	0	0	0	0.04825	0	0.01688	0	0	0.02237	0.01005	0	0	0	0	0	0	0	0	0.00589	0	0.04682	0.11304	0	0	0.60296	0.00555	0.0137	0	0.00369	0.00349	0	0	0	1.15905	0.03846	0	0	0	0.00924	0.04388	0	0	0.07547	0	0	0	0.00233	0.01356	0.02693	0	0	0	0.27773	0	0	0.21719	0.10731	0	0.00111	0	0.49196	0.00828	0.30666	0	0	0.10505	0	0	0	0	1.08406	0	0	0	0	0.05937	0	0	0	0	0	0.01103	0	0	0	0	0	0	0.49004	0.0565	0	0	0	0	0	0.01213	0.06727	0	0.0101	0.04646	0.34967	0	0.00846	0	0	0	0	0	0	0	0.28541	0.0317	0	0	0.10277	0	0	0.05316	0	0.19772	0	0	0	0.10056	0	0	0	0	0.26432	0.02274	0	0.06682	0	0	0	0.04196	0	0.00668	0.03852	0	0.02169	0.09602	0.05763	0	0	0	0	0.04533	0.04312	0	0	0.01085	0	0.08609	0.00736	0	0.00127	0	0	0	0	0	0.01801	0	0	0.08411	0	0	0.00665	0	0	0	0	0	0.61588	0.20565	0	0.01502	0	0.01192	0	0	0	0	0.06491	0.01663	0.00309	0	0.09053	0	0.01373	0.02891	0.06714	0	0	0	0.68579	0	0.05441	0	0	0	0	0	0	0.02633	0.00649	0	0	0	0	0	0.02263	0	0.04871	0	0	0	0	0.06576	0	0	0	0	0.41649	0.07361	0.06776	0.02773	0	0	0.01833	0	0.51287	0.01182	0	0.05003	0	0.00176	0.03193	0	0	0	0	0	0	0	0	0
"GGB2848_SGB3813"	0	0	0.00028	0	0	0	0	0	0	0	0	0	0	0.01853	0	0	0	0	0	0	0	0	0	0	0	0	0.02423	0	0	0	0	0	0.05295	0.02188	0	0.02665	0	0	0	0.00651	0.00033	0	0.06488	0.02339	0	0	0	0	0.03245	0.03731	0	0	0	0	0	0	0	0	0	0.05473	0	0	0	0.01184	0	0	0	0	0	0	0	0	0	0.00047	0	5e-04	0	0	0	0	0.01833	0	0	0	0	0	0	0	0.03112	0.02521	0	0	0	0	0.00271	0	0	0	0	0	0	0	0	0	0	0	0	0	0	0	0	0	0	0	0	0	0	0	0	0	0	0	0	0	0	0	0	0	0	0	0	0	0	0	0	0	0	0	0	0	0	0	0	0	0	0	0	0	0.00822	0	0	0	0	0	0	0	0	0	0	0	0	0	0	0	0	0	0	0.03141	0	0	0	0	0	0	0	0	0	0	0	0	0	0	0	0	0	0	0	0	0	0	0.01774	0	0	0	0.01913	0	0	0	0	0	0	0	0.00051	0	0.01673	0.00849	0	0.01197	0	0.00174	0	0	0	0	0.00632	0	0	0	0	0	0	0	0	0	0	0	0	0	0	0.00258	0	0	0	0.00389	0	0	0.00049	0	0	0	0	0	0	0.00131	0.01967	0	0	0	0	0	0.00203	0	0	0	0	0	0.04365	0	0	0	0	0	0	0	0	0	0.00892	0	0	0	0	0.02854	0	0	0	0	0	0.00278	0	0	0.09219	0	0	0	0	0	0	0	0	0	0	0	0.06671	0	0	0	0	0	0	0	0	0	0	0	0	0	0	0	0	9e-04	0	0	0	0	0	0	0	0	0	0	0	0.0102	0	0	0	0	0	0	0	0	0	0.02062	0	0	0.00142	0	0	0	0.01738	0	0	0	0	0	0	0	0	0	0	0	0	0	0	0	0	0	0	0	0	0	0	0	0	0	0	0	0	0	0	0	0	0	0	0	0	0	0.00607	0	0	0	0	0	0	0	0	0	0	0	0	0	0	0	0	0	0	0	0	0	0	0	0	0	0	0	0	0	0.00284	0	0.01549	0	0	0	0	0	0	0	0	0	0	0.00989	0	0	0	0	0	0	0	0	0
"GGB3109_SGB4119"	0	0	0	0.09147	0.07542	0.01704	0	0.04376	0	0	0	0.03145	0	0	0.05047	0	0	0.05084	0	0	0.10632	0	0	0	0	0	0.06121	0	0.06177	0	0	0	0	0	0.02755	0.01465	0	0.01907	0.02324	0.00541	0.01385	0	0.17411	0	0	0	0	0	0.09032	0.06761	0.07889	0	0	0	0	0.09121	0	0.10811	0.04133	0	0.11211	0	0.02003	0.06161	0.07615	0	0	0	0	0	0	0	0	0.0479	0.03134	0.03191	0	0	0	0	0	0	0	0	0	0.01808	0	0.21229	0	0.0551	0.10552	0	0	0.05694	0.08739	0	0.11292	0.09069	0.03602	0.08919	0.06199	0	0	0	0	0	0	0.06524	0	0.10936	0	0	0	0	0	0	0	0	0.05778	0	0	0.05549	0.00775	0.7009	0.06799	0.04868	0	0	0	0.05713	0.03821	0	0	0	0	0	0	0	0	0	0	0	0	0	0	0	0	0	0	0.01112	0	0	0	0	0.0181	0	0	0	0	0	0.04376	0	0	0.00432	0	0.23289	0	0.04056	0	0	0	0	0	0	0	0	0	0	0	0.05757	0	0.04988	0	0	0	0	0	0	0	0	0.03095	0	0	0	0	0	0.04265	0	0	0	0.0298	0	0	0.03466	0	0	0	0	0	0	0	0	0	0	0	0	0	0	0	0	0	0	0	0	0.18313	0	0	0	0	0	0.00465	0	0	0	0.10534	0	0	0	0	0	0	0	0	0	0.11192	0	0	0.00574	0.06105	0	0	0	0	0.02138	0.06395	0	0	0	0	0	0	0.03627	0	0	0	0.04553	0	0	0	0	0.10273	0.04343	0.03444	0.03802	0	0	0	0	0	0	0	0	0.01761	0	0	0	0.05467	0	0	0	0	0	0	0	0.08202	0	0	0	0.006	0	0	0	0	0	0.04903	0.06086	0.05467	0	0	0	0	0	0	0	0.05549	0	0	0.00531	0	0	0	0	0.13523	0	0	0	0	0.06977	0.13177	0	0	0	0	0	0	0.09136	0.03253	0	0.12148	0	0	0.04146	0	0	0	0	0.14759	0	0	0	0	0	0	0	0	0.09574	0.09868	0	0.00895	0	0.04724	0.01663	0	0	0.02563	0	0.08195	0	0	0.07403	0.04479	0	0	0	0	0	0	0.01065	0.05612	0	0	0.05389	0	0	0.02367	0	0	0	0	0	0	0	0	0	0	0	0	0	0	0	0	0.06752	0	0	0	0.10223	0	0	0	0.05292	0	0	0	0	0	0	0	0	0	0	0	0	0	0	0.08632	0	0	0.0816	0
"Parabacteroides_goldsteinii"	0.09345	0.20709	0	0	0	0	0.85062	0.08518	0.37306	0	0.03272	0	0	0	0	0	0	0	0	0	0	0	0	0	0.008	0	0	0	0	0	0	0	0.04891	0	0.07137	0	0	0	0.03141	0.00507	0	0	0	0	0	0	0	0	0.28102	0.18946	0.05677	0	0	0.11782	0.00949	0.26603	0	0	0	0	0	0	0.00551	0	0.00279	0.2674	0	0	0	0	0.01092	0	0.01207	7e-05	0.13508	0.03635	0	0	0	0	0	0	0	0	0	0.29165	0	0	0.02313	0	0	0	0	0	0	0	0.04536	0	0.00108	0	0	0	0	0	0	0	0	0	0	0	0	0.00044	0	0	0	0	0	0.35387	0.20597	0	0	0	0	0	0	0	0	0	0	0.20107	0	0	0	0	0	3.07347	0	0	0	0	0	0	0	0.02041	0	0	0	0	0	0	0	0	0	0	0	0	0	0.37496	0	0	0.01462	0	0	0	0.36841	0	0.00148	0	0	0.00273	0	0.00881	0	0	0	0	0	0.1469	0.01735	0	0	0	0	0	0	0	0	0	0	0	0.12502	0	0	0.00989	1.34172	0	0	0	0	0	0	0	0.07806	0	0	0	0.05742	0	0	0	0	0	0	0	0	0.91856	0.11079	0	0	0	0	0	0	0	0.50312	0.69738	0	0	0	0	0	0	0	0.11765	0	0	0	0.01191	0	0	0.97949	0	0	0.67737	0	0	0	0	0	0	0.43	3.72351	0	0.35009	0	0	0	0	0.66844	0	0	0	0	0	0	0	0	0	0	0.83508	0	0	0	0.07159	0	0	0.71282	0	0.06592	0	0	0	0.00879	0	0	0	0	0	0	0	0	0	0	0	0	0	0	0.04323	0	0	0	0	0	0	0	0	0	0.18988	0	0	0	0.01433	0.17261	0	0.04421	0	0	0.09317	0.00538	0	0	0	0.02065	0.24848	0	0	0	0	0	0	0.41813	0.00805	0	0	0.06209	0	0	0	0	0.18143	0	0	0	0	0	0	0	0	0	0	0	0	0	0	0.36142	0	0	0	0.02091	0	0	0	0	0.00304	0	0	0.05113	0	0	0	0.04238	0	0.17834	0	0	0	0	0	0	0	0	0	0	0.05697	0	0	0	0	0.01348	0	0	0	0	0	0.01591	0.07772	0.1985	0	0	0	0	0	0	0	0	0.11991	0	0.19047	0	0	0.04983	0	0	0	0	0	0.00031	0	0.0178	0	0	0	0.00702	0	0	0	0.00036	0	0
"Butyricimonas_paravirosa"	0	0	0	0	0	0	0	0	0	0	0	0	0	0	0	0	0	0	0	0	0	0	0	0	0.14459	0	0.02512	0	0	0	0	0.26631	0	0	0	0	0	0	0.0524	0.00364	0.00459	0	0	0	0	0	0	0	0	0.18864	0	0	0	0	0	0	0	0	0	0	0	0	0.00385	0	0.04636	0	0	0	0	0	0	0	0	0	0.06933	0.00285	0	0	0	0	0	0	0	0	0	0	0	0	0	0	0	0	0	0	0	0	0	0	0.10184	0	0	0	0	0	0	0	0	0	0	0	0	0.02944	0	0	0	0	0	0	0	0	0	0	0	0	0	0	0	0	0	0	0	0	0	0	0	0	0	0	0	0	0	0	0	0	0	0	0	0	0	0	0	0	0	0.4325	0	0	0	0.08737	0	0	0	0	0	0.08774	0	0	0	0	0	0	0	0	0	0	0	0	0	0	0	0	0	0	0	0	0	0.00621	0	0	0	0	0	0.16427	0	0	0	0	0	0	0	0	0	0	0.02951	0	0.01251	0	0	0	0	0	0	0	0.39184	0.85237	0	0	0	0	0	0	0	0	0	0.0192	0	0	0	0	0	0.28066	0	0	0.13033	0.06207	0	0	0	0	0	0.03533	0	0	0	0	0	0	0	0	0	0	0	0	0	0	0	0.01647	0	0	0	0.8013	0	0.99877	0	0	0	0	0	0	0	0	0	0	0	0.01902	0	0	0.24067	0.41939	0	0	0	0	0	0	0	0	0	0	0	0	0	0	0	0	0	0	0	0	0	0	0	0	0	0	0	0	0	0.01779	0	0	0	0	0	0	0	0	0	0	0	0	0	0	0	0	0	0	0	0	0	0	0	0	0	0	0	0	0	0	0	0	0	0	0	0	0	0	0	0	0	0	0	0	0.15904	0	1.00146	0	0	0	0	0	0	0.08205	0	0	0	0	0	0	0	0	0	0	0	0	0	0.38603	0	0	0	0.57986	0	0	0	0	0	0	0.0195	0	0	0	0	0	0	0	0	0	0	0	0	0	0.35012	0	0.66219	0	0	0	0	0	0	0	0	0	0	0.89151	0	0	0	0	0	0	0	0	0	0	0	0	0	0	0
"Ruminococcus_SGB4421"	0	0	0	0	0	0	0	0	0.47139	0	0	0.91533	0	0	0	0	0	0	0	0	0	0	0	0	0	0	0	0	1.26118	0.84322	0	0	0	0	0	0	0	0	0.00908	0.01592	0.01305	0	0	0	0	0	0	0	1.06924	0.60268	0	0	0	0	0	0	0	0	0	0.20407	0	0	0	0	0	0	0	0	0	0	0	0	0	0.13021	0	0.00854	0	0	0	0.00614	0.00424	0.12951	0	0	0	0.07953	0	0	0	0.00465	0	0	0	0.37061	1.09734	0	0	0	0	0	0	0	0	0	0	0.09362	0.03501	0	0	0	0	0	0	0.54677	1.32624	0	0	0	0	0	2.14097	1.3406	2.10084	0	0	0	0	0	0	0	0	0	0	0	0	0	0	0	0	0	0	0	0	0	0	0	0	0	0	0	0	0	0	0	1.5139	0	0	1.55877	0	0	0	0	0	0	0	0	0	1.32775	0	0	0	0	0	0	0	0	0	0	0	0	0	0.39525	0	0	0	0	0	0.00094	0	0	0.03948	0	0	0	0	0	0	0	0.05089	0	0	0	0	0	0	0	1.01059	0.90993	0	3.27862	0.53237	0	0	0	0.19113	0	0	0	0.81918	0	0	0	0	1.15164	0	0	0	0	0	1.54251	0	0	0	0.20365	0	0.0329	0	0	0	0	0.27498	0	0	0	0	0	0	0	0	0	0	0	0	0	0	0	0	0	0	0	0	0	0.87432	0	0	0	0	0	0	0	0.56403	0	0.05804	0	0	0	0	0	0	0	0.96598	1.37912	1.53702	0	0.00304	0	0	0	0	0	0	1.94968	1.09567	1.23229	0	0	0	1.31911	0	0	0	0	0	0	0	0	0	0	0	0	0	0	0	0	0	0	1.07599	0	1.8352	0	0	0	0	2.08674	0	0	0	0	0	0	0	0	0	0	0.53104	0.43604	0	1.19767	1.31981	0	0	0	0	0.00381	0	0	0	0	0.01017	0	0	0	0	0	0.8632	0	0	0	0	0.22902	0	0	0	0	0	0	0	0	0	0.3719	0	0	1.19608	0	0	0	0.32317	0.04351	0	0	0	0	0	0	0	0	0.3651	3.48285	0	0	0	0	0	0	0	1.4827	0	0	0	0	0	0	0	0	0	0	0.30814	0	0.88274	0	0	0	0	0	0	0	0	0	0	1.25549	0	0	0	0	0	0	0	0	0
"GGB32387_SGB47381"	0	0	0.02273	0.00303	0	0	0	0	0	0	0	0	0	0	0	0	0	0	0	0	0	0	0	0	0	0	0	0	0	0.00244	0	0.00125	0	0	0	0	0	0	0.00133	0.00274	0.00414	0	0	0	0	0	0	0	0	0	0	0.01512	0.10364	0	0.00958	0	0	0	0	0	0	0	0	0	0.22753	0	0	0	0	0	0	0	0	0.00037	0.00478	0.01335	0	0	0	0	0	0.00131	0	0	0	0.01117	0	0	0.00283	0.08119	0	0	0	0	0	0	0	0	0	0	0	0	0	0.12434	0	0	0	0.05376	0	0	0	0	0	0.03979	0.01599	0	0	0.07869	0	0	0.02573	0	0	0	0	0	0	0.0517	0	0	0.02099	0	0	0	0.37209	0	0	0	0.04125	0	0	0	0	0	0	0	0	0	0	0	0	0.09791	0	0	0	0	0	0.05594	0.03811	0	0.00708	0	0.00179	0	0	0	0	0	0	0.08304	0	0	0.00697	0.0221	0	0	0	0.06138	0	0	0	0.00094	0	0	0.04497	0	0.01049	0	0	0	0	0.04505	0	0	0	0.0438	0	0	0	0.0054	0	0.10901	0	0	0	0	0	0	0	0.12169	0.07956	0	0	0	0	0	0	0	0	0	0	0	0	0.05801	0	0	0	0	0	0.00607	0	0	0.02559	0	0.04734	0	0	0.26367	0	0	0	0.16509	0	0	0	0	0	0	0	0	0.01604	0.05744	0	0	0	0	0	0	0.00989	0	0	0	0.09093	0	0	0	0	0	0	0	0	0	0	0	0	0	0	0	0	0	0	0.05085	0	0.15868	0	0	0	0	0	0.02937	0.01975	0	0	0	0	0	0	0	0	0	0	0	0	0.0059	0	0	0	0	0	0.19742	0.06773	0	1.58701	0	0	0	0.00057	0	0	0	0	0	0	0.04677	0	0	0	0	0	0	0	0	0.01678	0	0.04396	0	0	0.01254	0	0.13186	0	0	0	0.06824	0	0	0	0	0	0	0	0	0	0	0	0	0.06649	0	0	0	0.00032	0	0	0	0.3571	0	0	0	0	0	0	0	0	0	0	0	0.02479	0	0	0	0	0	0	0.06158	0	0	0.11456	0	0.01436	0	0	0	0	0	0	0	0	0	0	0	0.0229	0	0	0	0	0	0.0248	0	0	0	0	0	0	0	0	0	0.01962	0	0.01151	0.05439	0	0	0	0	0	0	0	0	0
"Anaeromassilibacillus_sp_An250"	0	0	0	0.01715	0.07557	0	0.0232	0.00024	0	0	0	0	0.00941	0.00608	0	0	0	0	0	0	0	0	0	0	0	0	0.02764	0	0	0.00708	0	0	0	0.02075	0	0.00103	0	0	0.00642	0.00479	0.00476	0	0	0.00497	0	0	0	0	0.01696	0.08041	0.00232	0	0.02841	0.00069	0	0	0	0	0	0	0	0	0	0.02446	0.00838	0	0.00961	0.08997	0.06801	0	0.01595	0	0	0.01475	0.0213	0.01272	0	0	0	0	0.00253	0.01171	0	0	0.91015	0.01946	0	0	0.00688	0.015	0	0	0	0	0	0	0	0	0	0.04094	0.00901	0.02427	0.00876	0.12993	0.06438	0	0	0.01558	0	0	0	0	0	0.04921	0.01215	0	0.05969	0.00552	0	0.03087	0.05194	0	0.0207	0	0.00662	0.00329	0.08291	0	0	0	0	0	0	0	0.00522	0	0	0	0	0	0	0	0.01293	0	0	0	0	0	0.0031	0	0	0	0	0	0	0	0	0.00239	0	0	0.06816	0	0	0.00304	0	0	0	0	4e-04	0.00392	0	0	0	0.04103	0	0	0	0.02064	0.00285	0.00168	0	0	0	0	0.00334	0	0.00313	0	0.06156	0	0.0134	0.00697	0	0	0	0.01154	0	0	0	0	0	0.01137	0	0	0.06137	0	0.02701	0.01996	0	0	0.02302	0	0	0.00119	0.01557	0.03218	0.0021	0.00093	0	0.06016	0	0	0	0.00804	0	0	0	0	0	0.0133	0	0	0	0.00221	0	0	0.03878	0	0	0	0.06802	0.00323	0	0.00531	0.01325	0	0	0	0	0	0	0.75083	0	0.01598	0	0	0.16023	0.00977	0.04535	0	0	0	0.00252	0	0	0	0.04598	0	0	0	0	0.02236	0	0.00332	0	0	0	0.02471	0	0	0.0533	0.0198	0.0021	0.00552	0	0	0	0	0	0.00178	0	0.06032	0.02235	0	0	0.00296	0	0	0.00292	0	0	0	0	0	0	0.00831	0	0	0	0.04873	0.01423	0	0.03545	0	0	0.00351	0.00738	0	0.00797	0.03186	0	0.01751	0	0.02016	0	0	0.03227	0	0	0.00741	0	0	0.02303	0	0.07393	0.00101	0	0.00287	0.01642	0.12923	0	0	0	0.02553	0	0	0.01912	0.00634	0	0	0	0	0	0.00042	0.01354	0.04336	0	0	0	0	0	0	0	0.01181	0.00733	0	0	0	0.00534	0	0.00416	0	0	0.00231	0	0	0	0.0501	0	0	0	0	0	0	0.00095	0	0	0	0.00098	0	0	0	0	0	0	0.02179	0.05497	0	0	0	0.01928	0	0	0	0	0	0.01196	0.00266	0.08101	0.00371	0	0	0	0.0063	0.00903	0	0.0218	0.00033	0	0.06893	0	0	0	0	0	0	0	0	0
"GGB9724_SGB15278"	0	0	0	0	0	0	0	0	0	0	0	0	0	0	0	0	0	0	0	0	0	0	0	0	0	0	0	0	0	0	0	0	0	0	0.00126	0.00308	0	0	0	0.00095	0	0	0	0	0	0	0	0	0	0	0	0	0.01115	0	0	0	0	0	0	0	0	0	0	0	0	0.01252	0	0	0	0	0	0	0	0.01109	1e-04	0.00283	0	0	0	0	0.25493	0	0	0	0	0	0	0	0	0	0	0	0	0	0	0	0	0	0	0	0.14729	0	0	0	0	0	0	0	0	0	0	0	0	0	0	0	0	0.25749	0	0	0	0	0	0	0	0	0	0	0	0.00534	0	0	0	0	0	0	0	0	0	0	0	0	0	0	0	0	0	0	0.0029	0	0	0	0	0	0	0	0	0	0	0	0	0	0	0	0	0	0	0	0	0	0	0	0	0	0	0	0	0	0	0	0	0	0	0	0	0	0	0	0	0	0.01153	0	0	0	0	0	0	0	0	0	0	0	0	0	0	0	0	0	0	0.00165	0	0	0	0	0	0	0	0	0	0	0.04098	0	0	0	0	0	0	0	0	0	0	0	0	0	0	0	0.00828	0.03112	0	0	0	0	0	0	0	0	0	0	0	0	0	0	0	0	0	0	0	0	0	0	0	0	0.07594	0	0	0	0	0	0	0	0	0	0	0	0	0.12334	0.01882	0	0	0	0	0.32135	0	0	0	0	0	0	0	0	0	0	0	0	0	0	0	0	0	0	0	0	0	0	0	0	0	0	0	0.00937	0	0.00436	0.08765	0	0	0	0	0	0	0.02611	0	0	0	0	0	0	0	0	0.00518	0	0	0	0	0	0	0	0	0	0	0	0	0	0	0	0	0	0	0	0	0	0	0	0	0	0	0	0	0	0	0	0	0	0	0	0	0	0	0	0	0	0	0	0	0	0	0	0	0	0	0	0	0	0	0	0	0	0	0	0	0	0	0	0	0	0	0	0	0	0	0	0.00331	0	0	0	0	0	0	0	0.03428	0	0	0	0	0	0	0	0.16641	0	0	0	0	0	0	0	0	0	0	0	0
"GGB9765_SGB15382"	0	0	0.04853	0	0	0	0.00276	0.06065	0	0	0	0	0	0	0	0	0	0	0	0	0	0	0	0	0	0	0	0	0	0	0	0	0	0	0	0	0	0	0	0.00184	0	0	0	0	0	0	0	0	0.00328	0	0	0	0.0785	0	0	0	0	0	0	0	0	0	0	0.00109	0	0.01294	0.01829	0	0	0	0	0	0	0.00288	0.01661	0.01224	0	0	0	0	0.03562	0	0	0	0	0	0	0	0.07526	0	0	0	0	0	0	0	0	0	0	0	0	0	0	0	0	0	0	0	0	0	0	0	0	0.10537	0	0	0	0	0	0	0	0	0	0	0	0	0.01834	0	0	0.01225	0	0	0	0	0	0	0	0	0	0	0	0	0	0	0	0	0	0	0.01439	0	0	0	0	0	0	0	0	0.00393	0	0	0	0	0	0	0	0	0.05459	0	0	0.00242	0	0	0	0.00043	0	0	0	0	0	0	0	0	0	0	0	0	0	0	0	0	0.07717	0	0	0	0	0	0	0	0	0	0	0.02192	0	0	0	0	0	0	0	0	0.04704	0	0	0	0.06515	0	0	0	0	0	0	0	0	0	0	0	0	0	0	0.00965	0	0	0	0.25151	0	0	0.02471	0	0	0	0	0	0	0	0	0	0	0	0	0	0	0	0	0	0	0	0	0	0	0	0	0	0.04317	0	0	0	0.00101	0	0	0.00575	0	0	0	0	0	0	0	0	0	0	0.27461	0	0	0.08089	0	0	0	0	0	0	0	0	0.10913	0	0	0	0	0	0	0	0	0	0	0	0	0	0	0	0	0.00591	0.07587	0	0	0	0	0	0	0	0	0.01521	0	0	0	0.00274	0	0	0	0	0	0	0	0	0	0	0	0	0	0	0	0.03896	0	0	0	0	0	0	0	0	0	0	0	0	0	0	0	0	0	0	0	0	0	0	0	0	0	0	0	0	0	0	0	0	0	0	0	0	0	0.01841	0	0	0	0	0	0.03074	0	0.00604	0	0	0	0	0	0	0	0	0	0	0	0	0	0	0.00155	0	0	0	0	0	0	0	0.12753	0	0	0	0	0	0	0	0.01297	0	0	0.12097	0	0	0	0	0	0	0	0	0
"Lachnoclostridium_SGB4602"	0	0	0	0	0	0	0	0	0	0	0	0	0	0	0	0	0	0	0	0	0	0	0	0	0.01059	0	0	0	0	0	0	0	0	0	0	0	0	0	2e-04	0.00178	0	0	0	0	0	0	0	0.00659	0	0	0	0	0.05422	0	0	0	0	0	0	0	0	0	0	0	0	0	0	0	0	0	0	0	0	0.02253	0.05252	0.00072	0	0.06148	0	0	0	0.00463	0	0	0	0.00195	0	0	0	0.01607	0	0	0	0	0	0	0	0	0	0.1353	0.02447	0	0	0	0	0	0	0	0	0	0	0	0	0	0	0	0	0	0	0	0	0	0	0	0.00124	0	0	0	0	0	0	0	0	0	0	0	0.06614	0	0	0	0	0	0	0	0	0	0.01239	0	0	0	0	0	0	0	0	0	0	0	0	0	0	0	0	0	0	0	0	0	0	0	0	0	0	0.11449	0.02502	0	0	0	0	0	0	0	0	0	0	0	0	0	0	0	0	0	0	0	0	0	0	0	0	0	0	0	0	0	0	0	0	0	0	0	0	0	0	0	0	0	0	0	0	0	0	0	0	0	0	0	0.13213	0	0	0	0	0	0	0	0	0	0	0	0	0	0	0.09648	0	0	0	0	0	0	0	0	0	0	0	0	0	0	0	0	0	0	0	0	0.01937	0	0.00945	0	0	0	0	0	0	0	0	0	0	0	0	0	0	0	0.03593	0.03597	0	0	0	0	0	0	0	0	0.01875	0	0	0	0	0	0	0	0	0	0	0	0	0	0	0	0	0	0	0	0	0	0	0	0	0	0	0	0	0	0	0	0	0	0	0	0	0	0	0	0	0	0	0.01832	0	0.05507	0	0	0	0	0	0.00054	0	0	0	0	0	0	0	0	0	0	0	0	0	0	0	0	0	0	0	0	0	0	0	0	0	0	0	0	0	0	0	0	0	0.00366	0	0	0	0	0	0	0	0	0	0	0	0	0	0	0	0	0	0	0	0	0	0	0	0	0	0	0	0	0	0.07274	0	0	0.00547	0	0	0	0	0	0	0	0	0	0	0	0	0	0	0	0	0	0	0	0
"GGB33586_SGB53517"	0	0	0.27056	0	0	0	0.1562	0.02493	0	0	0	0	0	0	0	0	0	0	0	0	0	0	0	0	0.10788	0	0.01224	0	0.01927	0.01629	0.04639	0.02396	0	0	0	0.018	0	0	0.00398	0.00058	0	0	0	0	0	0	0	0	0	0	0	0	0.1276	0	0	0	0	0	0	0.34435	0	0	0	0.03772	0.12924	0.10689	0.0332	0	0	0	0	0	0	0.00752	0.06038	0.03651	0	0	0	0	0.01353	0	0	0	0	0.00535	0	0	0.15258	0.20333	0	0	0	0	0	0	0	0	0.00675	0	0	0	0	0	0	0	0	0	0	0	0	0	0	0	0	0	0	0	0	0	0.07348	0	0	0	0	0	0.13001	0.11015	0	0.20673	0	0	0	0	0.04378	0	0	0	0	0	0	0	0.05361	0	0	0	0	0	0.01358	0	0	0	0	0	0	0	0	0.06723	0.03883	0	0	0	0	0	0.52856	0	0	0	0	0.00664	0	0	0	0.03132	0	0	0	0	0	0	0	0	0	0	0.02004	0	0	0	0	0	0.12375	0	0	0	0	0	0	0	0	0	0	0.12715	0.05817	0	0	0.16381	0.06567	0.01822	0	0.02646	0	0	0	0	0.30816	0	0	0	0.00135	0	0	0	0	0.0046	0	0	0	0	0	0.00241	0	0	0.00736	0.02273	0	0	0.28815	0.01016	0	0	0	0	0	0.08882	0.01646	0	0	0	0	0	0	0.09207	0	0.02374	0	0	0.07111	0.12601	0	0	0.00299	0	0	0	0	0	0	0	0	0	0	0.00718	0	0	0	0	0	0.06466	0	0.00247	0.29857	0.37663	0.00463	0.0436	0	0	0	0	0	0	0	0	0.16114	0	0	0	0	0	0	0	0	0	0	0	0	0	0	0	0	0.02538	0.01124	0	0.05122	0	0	0	0	0	0	0.02864	0	0.08683	0	0.09784	0	0	0	0	0	0	0	0	0	0	0.10055	0.08424	0	0.00379	0.04532	0.03936	0	0	0	0	0	0	0	0	0.01833	0	0	0	0	0	0	0	0	0	0	0.04542	0	0	0	0	0	0.13391	0.05046	0	0	0	0	0	0	0	0	0	0.00199	0.01773	0	0	0	0	0	0.03039	0	0.03556	0	0.00912	0.04322	0	0	0	0	0.06668	0	0	0	0	0	0	0.04692	0	0	0	0	0	0.09027	0	0.26172	0	0	0	0	0	0.41826	0	0	0	0	0	0	0	0	0	0	0	0	0	0
"Drancourtella_sp_An57"	0	0	0	0	0	0	0	0	0	0	0	0	0	0	0	0	0	0	0	0	0	0	0	0	0	0	0	0	0	0	0	0	0	0	0	0.09042	0	0	0.0031	0.03657	0.00873	0	0	0	0	0	0.16682	0.26993	0	0	0	0.02821	0	0	0	0	0	0	0	0	0	0	0	0	0	0.00079	0	0	0	0.03423	0	0	0	0.02727	0	0.03041	0	0.10888	0	0	0	0.04322	0	0	0	0	0	0	0	0	0	0	0	0	0	0.02945	0	0	0	0.01676	0.12075	0	0	0	0	0	0	0.09536	0	0	0	0	0.17272	0.28692	0	0	0	0	0	0	0.09956	0	0	0	0	0	0	0.02503	0	0	0	0	0	0	0	0.17791	0	0	0.27511	0	0	0	0	0	0	0	0.00125	0.01705	0	0	0	0	0	0	0	0	0	0	0	0	0.45019	0	0	0	0	0.04226	0	0	0	0	0	0	0	0	1.03632	0	0	0	0	0	0	0	0	0	0	0	0	0	0	0	0	0	0	0	0	0.00632	0	0	0	0	0	0	0	0	0	0	0	0	0	0	0	0	0	0	0	0	0	0	0	0	0	0	0	0	0	0	0	0	0	0.00664	0	0	0	0	0	0	0	0.00112	0	0	0	0.03054	0.26548	0	0	0	0	0	0	0	0	0	0	0	0	0	0	0	0	0	0	0	0	0	0	0	0	0	0	0	0.00701	0.03161	0	0	0	0	0	0	0	0	0.0065	0	0	0	0	0	0	0	0	0	0	0	0	0	0	0	0	0	0	0	0	0	0	0	0	0	0	0.00485	0	0	0.00501	0	0.00057	0	0	0	0.01046	0	0	0	0	0	0	0	0	0	0	0	0	0	0	0	0.54302	0	0	0	0	0	0.07216	0	0	0.00432	0	0	0	0	0	0.08162	0	0	0	0	0	0.08407	0	0	0.19922	0	0	0	0	0	0	0	0	0	0	0	0	0	0	0	0	0	0	0.00883	0	0.17256	0	0	0	0	0.07821	0	0	0	0	0	0	0	0.0856	0	0	0.01297	0	0	0	0.13894	0.01642	0	0.05586	0	0	0	0	0.0552	0	0	0	0	0	0	0	0	0	0	0	0	0.10863	0	0	0	0	0	0.09964	0	0	0.57902	0
"Candidatus_Timburyella_SGB14166"	0	0	0	0	0	0	0	0.00904	0	0	0	0	0.07645	0	0	0	0	0	0	0	0	0	0.00401	0	0	0	0	0	0	0	0	0	0	0.02917	0	0	0	0	0	0	0.00192	0	0	0	0	0	0	0	0	0	0	0	0	0	0	0	0	0	0	0	0	0	0	0.00059	0	0	0	0	0	0	0	0	0.01688	0	0.00236	0	0	0	0	0	0	0	0	0	0	0	0	0	0	0	0	0	0	0	0	0	0	0	0	0	0	0	0	0	0	0	0	0.02473	0	0	0	0	0	0	0	0	0	0	0	0	0.01119	0	0	0	0	0	0	0	0	0	0	0	0	0	0	0	0	0	0	0	0	0	0.01624	0	0	0	0	0.05177	0	0	0	0	0	0	0	0	0	0	0	0	0	0	0	0	0	0	0	0	0	0	0	0	0	0	0	0	0	0	0	0	0	0	0	0	0	0	0	0	0	0	0	0	0	0	0	0	0	0	0	0	0	0	0	0.01637	0	0	0	0	0	0.00865	0	0	0	0	0	0	0	0	0	0	0	0	0	0	0	0	0	0	0	0	0	0	0	0.0504	0	0	0	0	0	0	0	0.01003	0	0	0	0	0	0	0	0	0	0	0	0	0	0	0	0	0	0	0.00794	0	0	0	0	0	0	0	0	0.14741	0	0	0	0	0	0	0	0	0	0	0.09419	0	0	0.00305	0	0	0	0	0	0	0	0	0	0	0	0	0	0	0	0	0	0	0	0	0	0	0	0	0	0.07965	0.0039	0	0	0	0	0	0	0	0	0	0	0	0	0	0	0	0	0	0	0	0	0	0	0.00573	0	0	0	0	0	0	0	0	0	0	0	0	0	0	0	0	0	0	0	0	0	0	0	0	0	0	0	0	0	0	0	0.18305	0	0	0	0	0	0	0.05136	0	0	0	0	0.01013	0	0	0	0	0	0.00417	0	0	0	0.00761	0	0	0	0	0	0	0	0	0	0	0	0	0	0	0	0	0	0.0281	0	0	0	0	0	0	0	0	0.01499	0	0	0	0	0.06353	0	0	0	0	0	0	0	0	0
"Adlercreutzia_equolifaciens"	0.13011	0.06429	0	0.03064	0.00548	0	0.1316	0.12547	0.06666	0	0	0	0.03748	0.0417	0	0	0	0	0.03357	0.09094	0	0	0	0	0.22951	0	0.32521	0	0	0.05293	0	0	0	0.02438	0.18275	0.35277	0.0378	0	0.02747	0.05063	0.08313	0	0.3166	0.28267	0.02974	0	0.01431	0.09171	0.37733	0.33409	0.32148	0.23158	0.68109	0.05471	0.10893	0	0	0	0	0	0	0.06966	0	0.00085	0.09256	0	0.04123	0	0	0	0	0	0	0.03595	0.01864	0.03792	0	0	0	0	0.03828	0	0	0	0	0	0	0	0.07785	0.00256	0.01279	0	0	0.0558	0.11585	0	0	0.02607	0.01468	0.02094	0	0.09087	0.00537	0.18269	0.08018	0	0	0.53452	0.38598	0	0.00885	0	0	0.31131	0.05643	0	0	0.25228	0	0	0	0.01995	0	0	0	0.10916	0.22083	0	0	0.27558	0.10346	0	0	0	0	0	0	0	0	0.03887	0	0	0	0	0	0	0.04926	0	0.04984	0	0	0	0	0	0.02643	0	0	0.01025	0.16071	0	0.01862	0	0	0.04014	0	0	0	0	0	0.03933	0	0	0	0.1094	0.02269	0	0	0.02858	0.02082	0	0	0.22489	0	0	0	0	0	0	0.0879	0	1.66955	0.06078	0	0	0	0.11026	0	0	0	0.05909	0	0.328	0.19978	0.03551	0.06567	0.22717	0.02208	0.10909	0	0.03453	0.13978	0.03679	0.10393	0.0061	0.43686	0.15353	0	0.17055	0.0026	0.2275	0.0335	0	0	0	0.14644	0.026	0	0	0	0.05492	0	0	0.10783	0	0.27815	0.12087	0.10531	0.17649	0	0	0.09878	0.09041	0	0.1896	0.37456	0	0	0	0	0.00352	0	0.3281	0	0.01099	0	0	0.26904	0.00731	0	0	0	0.01707	0	0	0	0	0.25684	0	0	0	0	0.26609	0.04574	0.04452	0	0	0	0.17184	0.05677	0.16169	0.05005	0	0	0.09749	0.01338	0	0	0.49364	0.00201	0.0658	0	0.88262	0.12105	0	0	0.40629	0	0	0	0	0	0.0241	0	0.00675	0.02282	0.59	0.07595	0.52731	0.07897	0.6109	0	0	0	0	0	0	0	0.01303	0.27969	0.11206	0	0.00837	0	0.27083	0	0	0	0	0.13216	0	0	0.13036	0	0	0.11878	0.07202	0	0.2355	0.04091	0.04129	0	0	0	0	0	0	0	0	0.15505	0.00651	0	0	0	0	0	0	0	0.01319	0	0.05303	0	0	0.06809	0.11431	0.02261	0.00595	0.03024	0.01301	0	0.0306	0	0	0.02282	0	0	0	0.00593	0.09063	0	0	0	0	0.00782	0.02427	0.05216	0.02356	0.13602	0	0.07366	0	0	0	0	0.12778	0	0	0	0	0	0	0	0	0	0	0	0.18664	0	0	0.12471	0	0	0	0	0	0.18787	0	0.17441	0	0.27809	0	0	0	0	0	0	0	0	0	0
"GGB2653_SGB3574"	0	0	0.0172	0.01291	0.00038	0	0.35626	0.01719	0.00632	0	0	0	0	0.0277	0.03282	0	0	0	0	0	0	0	0	0	0.05578	0	0.02532	0	0.00156	0.0137	0.02082	0.00903	0.09931	0	0.0075	0.02102	0	0	0.01111	0.01662	0.00609	0	0	0.0566	0	0	0	0.01593	0.03192	0.027	0.06763	0	0.0698	0.0161	0.0246	0	0	0	0	0.24262	0	0	0	0.01634	0.04185	0.01533	0.06124	0	0	0	0.01356	0.08488	0	0.00415	0.03119	0.01442	0	0	0	0	0.11698	0.0379	0	0	0	0.0196	0	0	0.0391	0.04379	0	0	0	0	0	0	0	0	0	0	0	0	0.09517	0	0.01457	0.00106	0	0.01377	0	0	0	0	0	0.15425	0.03739	0	0.0187	0.0851	0	0.01692	0.017	0	0.02821	0	0	0.03708	0.0573	0.05214	0	0.01402	0.02714	0	0	0	0.04187	0	0.02063	0	0.03037	0	0	0	0.1254	0	0	0	0	0.0881	0.06113	0	0	0.0183	0	0	0.01068	0	0	0.03174	0.00504	0.02961	0.02195	0	0	0.00402	0.02555	0.01579	0.055	0	0	0.01903	0	0.0096	0.21016	0.02042	0.00483	0	0.01647	0.0644	0	0.03467	0	0	0	0	0.03928	0	0.00999	0.00547	0.01946	0	0.01489	0	0.00631	0	0	0.04328	0	0	0	0	0	0.02855	0.08889	0.02381	0.03376	0.05485	0.02521	0.00613	0	0.04491	0.07547	0	0	0	0.07161	0	0	0	0.0236	0.05701	0.02628	0	0	0.82978	0.03344	0	0	0	0	0.01275	0	0	0.02397	0.00892	0	0.00337	0.01318	0.04159	0	0.00358	0	0.08299	0	0.05322	0.4574	0	0.08933	0	0	0.01085	0.0319	0.17174	0	0.04243	0.03238	0	0.08199	0.04917	0.0437	0	0	0.02591	0.01589	0	0.07	0	0.11433	0	0	0.01398	0.00842	0.06257	0	0	0	0.05849	0	0.01738	0	0	0.02368	0.03021	0.00242	0.01393	0	0	0	0	0	0	0.06059	0.05544	0.06394	0	0	0.25524	0	0	0.04052	0	0	0.01	0	0	0.00936	0	0	0	0	0.01599	0.02868	0	0.00781	0	0	0	0.03312	0	0	0.02833	0	0.03844	0	0.0079	0.0207	0	0	0	0	0.00568	0	0	0.03139	0	0.14843	0.02406	0	0.00186	0.00601	0.54971	0	0	0	0.02958	0	0	0	0	0.01409	0.00415	0	0	0	0	0	0	0	0	0.0216	0	0	0.00117	0	0	0.01625	0.16615	0.09713	0.01793	0	0.008	0	0	0.00071	0	0	0	0.00035	0.19701	0	0	0	0	0	0.01055	0	0.00198	0	0.0051	0.01461	0	0.014	0	0	0	0	0.02203	0	0	0	0	0.02607	0	0	0	0	0.04547	0.01674	0	0	0.02351	0	0	0.02407	0.05397	0	0	0.01798	0	0.02593	0.04092	0	0	0	0	0	0	0	0	0
"Clostridium_sp_1001270J_160509_D11"	0	0	0	0	0	0	0	0	0	0	0	0	0	0	0	0	0	0	0	0.00645	0.00275	0	0	0	0	0	0	0	0	0	0	0.04385	0	0	0	0	0	0	0.0019	0.01105	0.01812	0	0	0	0	0	0	0	0.05333	0.01499	0.03614	8e-04	0.02228	0	0.06293	0	0	0	0	0	0.04593	0	0	0	0.00209	0	0	0	0	0	0	0	0	5e-04	0.00021	0.00965	0	0	0	0.02606	0.06276	0	0	0	0.00821	0	0	0	0	0	0.042	0	0	0	0	0	0	0	0	0	0	0	0	0	0	0	0.00167	0	0.01089	0	0	0	0	0	0	0	0	0	0	0	0	0	0	0.19161	0	0	0	0	0	0	0	0	0	0	0	0	0	0	0	0	0	0	0	0	0.00094	0	0	0	0	0	0	0	0	0	0	0	0	0	0	0	0	0	0	0	0	0	0	0	0.0062	0	0	0	0	0	0	0	0	0	0	0	0	0	0	0	0	0	0.0035	0	0	0	0.0549	0	0	0	0	0	0	0	0	0	0	0.00506	0	0	0	0.00856	0	0	0	0	0	0	0	0	0.18776	0	0	0	0.44584	0	0	0	0	0	0	0	0	0	0	0.12019	0	0.00615	0	0.01183	0	0.10395	0	0	1.32432	0	0	0	0.10288	0	0	0	0	0	0	0	0	0	0	0.02676	0	0	0	0	0	0.16008	0	0	0	0	0.01999	0	0	0	0.07434	0	0	0	0.00933	0	0	0	0	0.08296	0	0	0	0.02726	0.03905	0.25678	0	0	0	0	0	0	0	0	0	0	0	0	0	0	0	0	0	0	0	0	0	0	0	0	0	0	0.0966	0	0.05206	0.01201	0	0	0	0	0.00756	0	0.00035	0.05181	0.01271	0.0079	0	0	0	0	0	0	0.01965	0	0	0	0	0	0	0.02477	0	0	0	0	0	0	0	0	0	0	0	0.01892	0	0	0.41432	0	0.04784	0	0	0	0	0.02709	0	0	0	0.34807	0	0	0	0	0	0	0	0	0.01084	0	0	0	0	0	0	0	0	0	0	0.34197	0	0	0	0.00901	0.00401	0	0	0	0	0	0	0	0	0	0	0	0.04122	0	0	0	0	0	0	0.00209	0	0.28958	0	0	0	0	0.00851	0	0	0	0	0.01921	0	0	0	0.04615	0	0	0	0	0.01836
"Candidatus_Avimonas_narfia"	0	0	0.08358	0.04038	0	0	0	0	0	0	0	0	0	0	0	0	0.00017	0	0	0	0	0	0.04135	0	0	0	0.09646	0	0.00379	0.00825	0	0	0	0	0	0.0353	0	0	0.00057	0.00251	0.00112	0	0	0	0	0	0	0	0.06512	0.12098	0.0078	0	0.07198	0	0	0	0	0	0	0	0	0	0	0	0	0.01641	0.01219	0	0	0	0	0	0	0.00299	0.01625	0.01706	0	0	0	0	0	0.00511	0	0	0	0.00426	0	0	0	0.01959	0	0	0	0	0	0	0	0	0.00431	0	0	0	0	0	0.03438	0	0	0	0	0	0	0	0	0	0.00685	0	0	0.00234	0	0	0.01216	0	0	0	0	0	0.0109	0	0	0.02191	0.00539	0	0	0	0	0	0	0	0	0	0	0	0.02674	0	0	0	0	0.0013	0	0	0	0	0	0	0.00879	0	0	0.03114	0.00701	0	0.00203	0	0	0	0.00621	0	0	0	0	0.01581	0	0	0.15835	0.01423	0	0	0	0.03193	0.02047	0	0	0.02368	0	0	0	0	0	0	0.04223	0	0.05171	0	0	0	0	0	0	0	0	0	0	0.01122	0.01561	0	0	0.07601	0	0.04549	0	0.01302	0.00166	0	0	0.02434	0.03874	0	0	0	0.01288	0.06344	0	0	0	0	0	0	0	0	0	0.00199	0	0	0.00071	0.09736	0	0	0.04348	0.00487	0	0	0.05621	0	0	0	0	0	0.06024	0	0	0	0	0	0	0	0	0	0	0.03581	0	0	0	0	0.00418	0	0	0	0	0	0	0.06922	0	0	0	0.00181	0	0	0	0.01529	0	0	0.1394	0	0.00277	0	0	0	0	0	0	0	0	0	0	0	0	0.0064	0	0	0	0	0	0	0	0	0	0	0	0	0	0.02896	0.00504	0	0.02378	0	0	0	0	0	0	0	0	0	0	0.0341	0	0	0	0	0	0	0	0	0	0.0147	0.03555	0.00435	0	0	0.06571	0	0	0	0	0.01079	0	0	0	0	0	0	0	0	0	0	0	0	0	0	0	0	0	0	0	0	0	0.25202	0	0	0	0	0	0	0	0	0	0	0.00584	0.01809	0	0	0	0	0	0.00468	0	0.01139	0	0.02521	0.00121	0	0.01002	0	0	0	0	0.05722	0	0	0	0	0.00401	0	0	0	0	0.02037	0.01252	0	0.08365	0	0	0	0	0	0	0	0	0	0	0	0	0	0	0	0	0	0	0	0
"GGB9781_SGB15402"	0	0	0	0	0	0	0.03607	0.00641	0	0	0	0	0	0	0	0	0	0	0	0	0	0	0	0	0.00608	0	0.0146	0	0	0	0	0	0	0	0	0	0	0	0	0.00111	0	0	0	0	0	0	0	0	0.00939	0.04212	0	0	0	0	0	0	0	0	0	0	0	0	0	0	0.00521	0	0	0	0	0	0	0	0	0	0	0	0	0	0	0	0.16695	0	0	0	0	0	0	0	0.01714	0	0	0	0	0	0	0	0	0	0	0	0	0	0	0	0	0	0	0	0	0	0	0	0	0	0	0	0	0	0	0	0.00921	0	0	0	0	0	0.0456	0	0	0	0	0	0	0	0	0	0	0	0	0	0	0	0	0	0	0	0	0	0	0	0	0	0	0	0	0	0	0	0	0	0	0	0	0	0	0	0.00248	0	0	0	0	0	0	0	0	0	0	0	0	0	0	0	0	0	0	0	0	0	0	0	0.01807	0	0	0	0	0	0	0	0	0	0	0	0.00249	0	0	0.00663	0	0	0	0	0.0123	0	0	0	0	0	0	0	0	0	0	0	0	0.00045	0	0	0	0	0	0.02978	0	0	0	0	0	0	0.04641	0	0	0	0	0	0	0	0.00365	0	0	0	0	0	0	0	0	0	0	0	0	0.00209	0	0	0	0	0	0	0	0	0	0	0	0	0	0	0	0	0	0	0	0	0	0	0.19349	0	0	0	0	0	0	0	0	0	0	0	0.12811	0	0	0	0	0	0	0	0	0	0	0	0	0	0	0	0	0	0.01289	0	0	0	0	0	0	0	0	0	0	0	0	0	0	0	0	0	0	0	0	0	0	0	0	0	0	0	0	0	0	0	0	0.00136	0	0	0	0	0	0	0	0	0	0	0	0	0	0	0	0	0	0	0	0	0	0	0	0	0	0	0	0	0	0	0	0	0	0	0	0	0	0	0	0.00087	0	0	0	0	0	0	0	0	0	0	0	0	0	0	0	0	0	0	0	0	0	0	0.00132	0	0.03469	0	0	0	0	0	0	0	0	0	0	0	0	0	0	0	0	0	0	0	0
"GGB9537_SGB14940"	0	0	0.01875	0	0	0	0.06093	0	0	0	0	0	0	0	0	0	0	0	0	0	0	0	0	0	0.00614	0	0	0	0	0	0	0	0	0	0	0.00379	0	0	0	0	0	0	0	0	0	0	0	0	0.01572	0.0403	0.00148	0	0.01048	0	0	0	0	0	0	0	0	0	0	0.01967	0	0.03066	0.0223	0	0	0	0	0	0	0.00035	0.01758	0	0	0	0	0	0.00718	0	0	0	0	0	0	0	0	0	0	0	0	0	0	0	0	0	0	0	0	0	0	0	0	0	0	0	0	0	0	0	0	0	0	0	0	0	0	0	0	0	0	0	0	0	0	0.05269	0	0.00103	0	0	0	0	0	0	0	0	0	0	0	0	0.05337	0	0	0	0	0	0	0	0	0	0	0	0	0	0	0.00392	0	0	0	0	0	0	0	0	0	0	0	0	0	0	0	0.00079	0	0	0	0	0	0	0	0	0	0	0	0	0	0	0	0	0	0	0	0	0	0	0	0	0	0	0	0.03164	0	0	0	0.19678	0.02323	0	0	0	0.00115	0	0	0	0.01287	0	0	0	0	0	0	0	0	0	0	0	0	0	0	0	0	0	0.00567	0	0	0	0.00874	0	0	0	0	0	0	0.00179	0.00043	0	0	0	0	0	0	0.00472	0	0	0	0	0	0	0	0	0	0	0	0	0	0	0	0	0	0	0	0	0	0	0	0	0	0	0	0	0.0572	0	0	0.00067	0	0	0	0	0	0	0	0	0	0	0	0	0	0	0	0	0	0	0	0	0	0	0	0	0	0.05364	0	0	0	0	0	0	0	0	0	0	0	0.01622	0	0	0	0	0	0	0	0	0	0.03535	0.00329	0	0	0	0	0	0	0.00049	0	0	0	0	0	0	0	0	0	0	0	0	0	0	0	0	0	0	0	0	0	0	0	0	0	0	0.01114	0	0	0	0	0	0	0	0	0	0	0	0	0	0	0	0	0	0	0.54894	0	0.01298	0	0	0	0	0	0	0	0	0	0	0	0	0.07398	0	0	0	0	0	0.00028	0	0.1115	0	0	0	0	0	0	0	0	0	0	0	0	0	0	0	0	0	0	0	0
"Lachnoclostridium_sp_An131"	0	0	0.00192	0	0	0	0.05041	0.00256	0	0	0	0	0	0	0	0	0	0	0.00088	0	0	0	0	0	0.00251	0	0.0025	0	0.00059	0.00441	0	0.00286	0.00403	0	0	0.00657	0	0	0.0017	0.0026	0.00047	0	0	0	0	0	0	0.00584	0	0	0	0	0.00093	0	0	0	0	0	0	0	0	0	0	0.00089	0.00461	0.01525	0	0	0	0	0	0	0	0.00026	0.00082	0.00355	0	0	0	0	0	0	0	0	0	0.00236	0	0	0.01245	0.01533	0	0	0	0	0	0	0	0	0	0	0	0	0	0	0	0	0	0.00584	0	0	0	0	0	0.01043	0.00587	0	0	0	0	0	0.00328	0	0.00341	0	0.00292	0	0.00661	0	0	0	0	0	0	0	0	0	0	0	0	0	0	0	0	0	0	0	0	0	0.00219	0	0	0	0	0	0	0	0	0.00146	0	0	0.00472	0	0	0.00037	0	0.00169	0	0	0	0	0	0	0	0	0	0	0	0	0	0	0	0	0	0	0	0	0.00031	0	0	0	0	0	0	0	0	0	0	0	0	0	0	0	0.03445	0	0	0	0.01269	0.01408	0	0	0.00629	0	0	0	0.01541	0.01452	0	0	0	0.00354	0	0	0	0.00538	0	0	0	0	0	0.00297	0	0	0	0	0	0	0.01484	0	0	0	0	0	0	0	0	0	0	0	0	0	0	0.00675	0	0	0	0	0.00614	0	0	0	0.00162	0	0.00857	0	0	0	0	0	0	0	0	0	0	0	0	0	0	0	0	0.00252	0.01017	0	0.00889	0	0	0	0	0	0	0	0	0	0.02853	0	0	0.00118	0	0	0	0	0	0	0	0	0	0	0	0	0	0.00999	0.00517	0	0.00149	0	0	0	0.00826	0	0	0	0	0	0	0	0	0	0.00417	0	0	0	0	0	0	0	6e-05	0.00112	0	0.01118	0	0	0	0	0	0	0	0	0	0	0	0.00107	0	0	0	0	0	0	0	0	0.00249	0	0	0	0	0	0	0	0.00417	0	0	0.02019	0	0	0	0	0	0	0	0	0	0	0	0	0	0.00217	0	0	0	0	0.00252	0	0	0	0	0	0	0	0	0	0	0	0.00327	0	0	0	0	0	0.00601	0	0.01252	0	0	0	0	0	0	0	0.00608	0	0	0.02334	0	0	0	0	0	0	0	0	0
"GGB3000_SGB3991"	0	0	0	0	0	0	0	0	0	0	0	0	0	0	0	0	0	0	0	0	0	0	0	0	0.00635	0	0.03942	0	0	0	0	0	0	0	0	0	0	0	0	0.00013	0	0	0	0	0	0	0	0	0	0	0	0	0.11448	0	0	0	0	0	0	0	0	0	0	0.01131	0.03954	0	0	0	0	0	0	0	0	0	0	0.00683	0	0	0	0	0.00288	0	0	0	0	0	0	0	0.00368	0	0	0	0	0	0	0	0	0	0.00111	0	0	0	0.02515	0	0	0	0	0	0	0	0	0	0	0	0	0	0	0	0	0	0	0	0	0	0	0	0.04889	0	0	0	0	0	0	0	0.01505	0	0	0	0	0	0	0	0	0	0	0	0	0	0	0	0	0	0	0	0	0	0	0.01586	0	0	0	0	0	0	0	0	0	0	0	0	0	0	0	0	0	0	0	0	0	0	0	0	0	0	0	0	0	0	0	0	0.09036	0	0	0	0	0.00512	0	0	0	0	0	0	0.00895	0	0	0.01869	0.05	0.00746	0	0	0.01625	0	0	0	0.01847	0	0	0	0	0.12078	0	0	0	0	0	0	0	0	0	0.01182	0	0	0	0	0	0	0	0.2146	0	0	0	0.01046	0	0.02184	0	0	0	0	0	0	0	0	0	0	0	0	0.02353	0.00862	0	0	0	0	0	0	0	0	0	0	0	0.00683	0	0	0	0	0	0	0	0	0	0	0	0	0	0.03622	0	0	0	0	0	0	0	0	0.03471	0	0	0	0	0	0.0066	0	0	0	0	0	0	0	0	0	0	0	0.0184	0	0.60978	0	0	0	0	0	0	0.00301	0	0.01267	0	0	0	0	0	0	0	0	0	0	0	0	0	0	0	0	0	0	0	0	0	0	0	0	0	0	0.0237	0.00555	0	0	0	0	0	0	0	0	0	0	0	0	0	0	0	0	0	0	0	0.0041	0	0	0.00134	0	0	0	0	0	0	0	0	0	0	0	0	0	0.01385	0	0	0	0	0	0	0	0	0	0	0	0	0	0	0	0	0	0	0	0.0045	0	0.00819	0	0	0	0	0	0	0	0	0	0	0	0	0	0	0	0	0	0	0	0
"Intestinimonas_butyriciproducens"	0	0	0.15464	0.17088	0	0	0.05536	0.00653	0	0	0	0.01249	0	0	0.0213	0	0	0	0	0.02273	0	0	0	0	0.00373	0	0	0	0	0.00934	0	0	0	0	0	0	0	0	0.02192	0.01822	0.00659	0	0	0	0	0	0	0	0.02254	0.01119	0	0	0.00455	0	0	0	0	0	0	0.00623	0	0	0	0.00594	0	0.03204	0.01566	0	0	0	0.05562	0	0	0.0064	0.04087	0.008	0	0.37836	0	0	0.16234	0	0	0	0	0.02517	0	0	0.02412	0	0	0	0	0	0	0	0	0	0.04252	0	0	0	0	0	0	0.05266	0	0	0	0	0	0	0	0.14333	0.05375	0	0	0	0	0.02903	0.01619	0	0.09286	0	0	0.0535	0.02513	0.01247	0	0.12721	0.01225	0	0	0	0.00194	0	0	0	0	0	0	0	0.4197	0	0	0	0	0	0.18439	0.02584	0	0	0	0	0.06953	0	0	0	0	0.01258	0	0	0	0	0	0	0.00118	0.00581	0	0.01576	0	0.02276	0.01632	0.00115	0	0	0	0.00242	0	0	0	0	0	0	0	0	0	0	0	0	0.00132	0	0	0	0	0	0	0	0.01219	0.03532	0	0.03059	0	0.03644	0	0	0.02442	0.05472	0	0	0.01235	0	0.01613	0.00193	0.00377	0.01173	0	0	0	0.04648	0.05081	0	0	0	0	0	0	0	0	0.01105	0	0	0.03273	0	0	0	0.24688	0	0	0	0	0	0	0.02474	0.0015	0	0	0	0	0	0	0.06657	0	0.04454	0	0	0.04849	0.02019	0.02728	0	0	0	0	0	0.01721	0	0	0	0	0	0	0.01296	0	0	0	0	0	0.07551	0.02421	0	0	0.10752	0.01857	0.0451	0	0	0	0.03126	0	0	0	0	0.00616	0	0	0.08719	0	0	0	0	0	0	0.00142	0	0.04487	0.07787	0.15729	0	0.02437	0	0.25144	0	0.03684	0	0	0	0.00345	0	0.01024	0	0	0	0	0.16677	0	0	0	0	0	0	0	0.01081	0	0.0689	0.00145	0.00101	0	0.01281	0.07137	0.04183	0	0	0	0	0	0	0	0	0	0.00625	0	0	0	0	0	0	0.08796	0	0	0	0	0	0.53082	0	0	0	0.02255	0.38968	0	0	0	0	0.06701	0	0.01146	0	0	0	0	0	0	0	0	0.01024	0	0.02237	0	0.21258	0	0	0	0	0	0.12951	0	0.05964	0	0	0	0	0	0	0	0	0	0	0	0	0.0087	0	0	0	0	0.09778	0	0	0	0	0	0.00254	0	0	0.0076	0	0	0.0066	0	0.01151	0
"Faecalicatena_contorta"	0	0.02363	0	0.00184	0.00122	0	0.02056	0.00456	0	0	0.00481	0	0	0	0.03396	0.01024	0.03815	0.04877	0	0	0	0	0.06808	0	0	0	0	0	0	0	0.0014	0	0.00067	0.06736	0	0	0	0	0.01964	0.01231	0.01366	0	0.04175	0.00391	0	0	0	0.01684	0	0	0.00554	0.01218	0.0213	0	0.0182	0	0	0	0	0.01444	0.01622	0.00656	0	0	0.01035	0.01276	0.02866	0.02671	0.04249	0.00498	0.05279	0.04198	0.03519	0.00751	0.03011	0.00544	0.03564	0	0	0	0.0112	0	0	0	0	0	0.00952	0	0	0.01183	0	0	0	0	0	0.02888	0	0	0	0.0398	0.01287	0.02752	0.0101	0.04284	0	0.00186	0	0.01441	0	0.00017	0	0.00582	0.01092	0.00171	0	0.01482	0.02422	0	0	0	0.00331	0	0	0	0	0	0.00647	0.0242	0.01093	0.00097	0.00044	0	0.01992	0	0.00937	0.02274	0.14972	0	0	0	0	0.06187	0	0	0.00054	0.01345	0	0	0.00174	0.04847	0.02694	0.00504	0	0	0	0	0.02845	0	0.02923	0.17761	0	0	0	0	0.02828	0.07006	0	0.00175	0.007	0	0.49722	0.00121	0.04008	0	0	0	0.00606	0.14535	0	0.02633	0	0	0.00274	0	0.0079	0	0.03258	0.00208	0.02798	0	0.01939	0	0.0015	0.00655	0.01786	0.00647	0	0	0.00695	0.0071	0	0.00584	0.02004	0.00597	0	0	0.01626	0.00605	0	0.00536	0.00284	0	0	0	0	0	0	0	0	0	0	0.38149	0.02142	0.01501	0.00286	0	0.00427	0.03133	0.00709	0	0	0	0	0.27084	0	0	0.00379	0.02535	0	0	0.08528	0.04169	0.00736	0.01347	0.00647	0	0.02531	0	0	0	0.02426	0.00338	0	0.08336	0.00689	0.03999	0.00026	0	0	0.10873	0.01551	0.0202	0	0	0	0	0.0084	0	0	0	0	0	0	0	0.01047	0.01522	0.0286	0.00339	0	0.00216	0.06241	0	0	0	0	0	0	0	0	0	0.00385	0.00017	0.01329	0	0	0.02809	0.00213	0	0.00821	0.06436	0.2316	0	0	0	0.02175	0.06684	0.15601	0.07059	0.02214	0.04531	0.01919	0.00681	0.42364	0.03329	0	0.12639	0	0	0	0.05068	0	0	0.00106	0.00085	0	0	0.67955	0	0.02044	0	0.02315	0	0	0.01081	0.01101	0	0	0	0.00479	0.01732	0	0.01078	0	0.00536	0	0.00018	0	0	0	0	0	0.02802	0	0.00094	0.00511	0	0	0.07194	0	0	0	0	0	0.00464	0.11316	0.03841	0.04559	3e-04	0.02685	0.00782	0	0.00769	0.01861	0	0	0	0	0.00162	0	0.02459	0	0	0.01131	0.00629	0.01443	0	0.03174	0.34141	0.01442	0	0.00418	0	0	0.0032	0	0.03712	0.00793	0	0	0.99084	0	0	2.07385	0.00915	0.01971	0.01023	0.02435	0	0	0.01464	0	0.02418	0	0	0	0	0.00207	0.00241	0	0	0	0.00423	0.0247	0	0	0	0.01841	0.05833	0.03621
"Faecalimonas_umbilicata"	0.14434	0	0	0	0	0.10622	0	0	0	0	0	0	0	0	0	0	0	0	0	0	0.10556	1.09477	0	0	0	0	0	0	0	0	0	0	0	0	0	0	0	0	0.10435	0.01778	0.28591	0	0.02961	0.00576	0	0	0	0	0	0	0	0.22841	0	0	0	0	0	0	0	0	0	0	0	0.00634	0	0	0	0.96162	0	0	0	0	2.21131	0.18869	0.06681	0.12123	5.24152	0	0	0	0	0	0	0	0	0	0	0	0	0	0	0	0.25146	0	0	0	0	0	0	0	0.59729	0	0	0	0	0	0	0	0	0.42217	0	0.34783	0.14602	0	0	0.06893	0	0	0	0.0193	0	0	0	0	0	0.11246	0.13967	0.19356	1.14843	0	0	0.20781	0.79334	0	1.15351	0	0.1856	0.8129	0	0	0.33679	0	0	0.16314	0.05803	0	0	0	0	0	0	1.27211	0	0	0	0.04243	0.17684	0	0	0	0	0	0.35011	0	0	0	0.65338	0	0	0	0	0.01686	0	0	0	0	0	0	0.08165	0	0	0.00902	0.097	0.16073	0	0	0	0.56179	0	0	0	0	0	0	0.09967	0	2.00125	0	0	0	0.75361	0.01061	0	0	0	0	0	0	0	0	0	0	0	0	0	0.27469	0	0	0	0.21003	0	0	0	0	0	0	0	0.38741	0	0	0	0	0	0.84593	0	0	0	0	0.04276	0	0	0	0	0	0	0.22942	0	0	0.13495	0	0	0	0.01841	0.29637	0.00304	0	0	0	0.0936	2.23746	0	0	0	0	1.27495	0.83999	0	0.02941	0	0.43031	0.1961	0	0	0	0	0.5637	0	0.02369	0.31856	0	0	0	0	0	0	0	0	0	0.85164	0	0.10085	0.0214	0	0	0.36257	0.0402	0	0	0.45681	0.17901	0.50366	0	0	0	0	0.00888	0.00968	0	0	1.59333	0	0	0	1.72304	0	0	0.0326	0	0	0	0	0	0.5293	0	0	0	0	0	0	0	0	0	0	0	0	0	0	0	0	0	0	0	1.42384	0	0	0	0.57986	0.79748	0.03116	0	0.1525	0.29195	0	0.04198	0	0	0.02975	0	0	0.0982	0	4.86869	0	0	0	0	0	0	0	1.89683	0.5132	0	0	0	0	1.12509	0	0	0	0	0	1.96624	1.46163	0	0	0	0	0	0	0	0	0	0	0	0	0	0.13246	0	0.97946	0	0.45018	1.92682	0	6.24293	0	0	0	0	0	0	0	0	0	0	0.21331	0	0.07749	0.68268	0	0	0	0	1.10601	0.06913	0	0	0.07365	0	0.16935
"GGB3817_SGB5182"	0	0	0.01084	0	0.02375	0.00133	0	0	0	0	0	0	0	0	0	0	0	0	0	0	0	0	0	0	0	0	0.01118	0	0.03547	0.04924	0.04156	0	0	0.07825	0.00934	0	0	0	0.0127	2e-05	0	0	0	0	0	0	0	0	0.05895	0.07403	0.04126	0	0.08551	0	0	0	0	0	0	0	0	0	0	0.07874	0	0.02557	0.09371	0	0	0	0	0	0	0.02467	0.03349	0.01419	0.02007	0.07525	0	0	0.00524	0	0	0	0	0.0108	0	0	0.09745	0	0	0	0	0	0	0	0.01993	0	0	0	0	0	0	0.51306	0	0	0	0	0	0.01515	0	0	0	0.15087	0	0	0	0	0	0.03468	0	0	0	0	0.15851	0.01861	0	0	0	0.07421	0	0	0	0	0	0	0	0	0	0	0	0.04408	0	0	0	0	0	0	0	0.08876	0	0	0	0	0	0	0.02545	0.04832	0.02374	0.03305	0	0	0.01499	0	0.00924	0	0	0	0.00589	0	0	0	0	0.04792	0	0	0	0	0.07194	0	0	0	0	0	0.02617	0	0.00594	0	0	0	0	0	0	0	0.00559	0	0	0.08041	0	0.03194	0	0	0	0.04053	0	0	0.10157	0	0	0.02122	0	0	0	0	0.12512	0	0	0	0	0	0.04578	0	0	0.03782	0	0	0	0	0	0	0	0	0.02688	0	0	0	0.07217	0.02267	0	0	0	0	0	0.03679	0	0	0	0	0	0	0	0.29537	0	0.05777	0	0	0	0	0	0	0	0	0	0	0	0	0	0	0	0.35303	0	0	0	0	0.01946	0	0.03959	0	0.03884	0	0.05557	0	0.00037	0.02435	0	0	0	0	0	0	0	0.03446	0.04779	0	0	0	0	0	0	0	0	0	0.01783	0	0	0	0	0	0.01283	0.01492	0.05705	0	0.22168	0	0	0	0.03849	0	0.00593	7e-04	0	0	0.01236	0	0	0	0	0	0	0	0	0	0	0.06634	0	0.0018	0	0.05022	0	0	0	0.11566	0	0.06759	0	0	0.10567	0	0	0	0	0	0	0	0	0	0	0.06662	0	0	0	0	0	0	0.01713	0	0.0298	0	0	0	0	0.02072	0	0	0	0	0.02875	0	0	0.26133	0	0	0	0	0	0	0	0.02449	0.01118	0	0	0	0	0.09554	0	0.14576	0	0	0	0	0.04275	0	0	0	0	0.24608	0	0.01071	0.03275	0	0	0	0.32315	0.04761	0	0	0.12919	0	0	0.02996	0	0	0.05027	0	0	0	0	0.04271	0
"Alistipes_indistinctus"	0	0.09993	0.20023	0.14866	0	0	0	0	0	0	0.03951	0.03294	0	0	0	0.02406	0	0	0	0.0056	0	0	0	0	0.23385	0	0.25793	0	0	0	0	0	0	0.12193	0.14028	0.17919	0	0.06998	0.01581	0.0186	0.01248	0	0	0	0	0	0.02031	0	0.19174	0.04251	0.08173	0	0.05433	0.01473	0.01481	0.08826	0	0	0	0	0	0.01463	0	0.01404	0.00663	0.30128	0.04848	0	0	0	0.08621	0	0	0.00639	0.00641	0.09128	0	0	0	0.01426	0.02072	0	0	0	0	0.03793	0	0	0	0.15619	0.01176	0	0	0	0	0	0.01711	0	0	0	0	0	0.2583	0	0	0.05878	0.03747	0	0	0	0	0.01722	0	0.11402	0.04111	0.23473	0	0.22687	0.05132	0	0	0.20279	0.13727	0	0	0.00266	0	0.42628	0	0.11092	0.01082	0	0	0	0.51038	0	0	0	0	0	0	0	0	0	0.15318	0	0.01485	0	0.52866	0.01199	0	0.08999	0	0	0.02983	0.00401	0.07772	0	0	0	0	0.00845	0.01504	0.04412	0.25093	0	0.11818	0.44347	0	0.01726	0.4337	0.2306	0	0.06894	0	0	0	0	0.01686	0	0	0.09532	0	0	0	0.00027	0	0	0	0	0	0.06432	0	0.00264	0.15438	0.01107	0	0	0	0	0	0.16929	0.04247	0	0.83398	0	0.05419	0.08584	0	0	0.20357	0	0.06611	0.7331	0	0.00364	0	0	0.02132	0.03973	0.05405	0	0	1.15147	0	0.27755	0	0	0	0.04454	0	0.05083	0	0.23809	0.0084	0	0.05935	0.00274	0	0	0.43501	0.11067	0	0.16969	0	0	0.04734	0	0	0	0	0	0	0.37819	0	0	0	0.38021	0.07129	0	0	0.33895	0.0616	0	0	0	0	0	0.0063	0	0	0.98805	0	0.00096	0	0.32259	0	0.11346	0	0	0	0	0.0023	0.00117	0.02263	3e-04	0.02535	0	0	0	0	0	0	0	0	0	0	0	0	0	0	0	0	0	0	0	0	0	0	0	0	0.02153	0.95859	0	0	0	0.04115	0.01326	0.00345	7e-04	0	0.00375	0	0	0	0	0	0	0	0	0	0	0.08157	0.19962	0.01818	0.00805	0	0	0.06983	0	0	0.03124	0	0	0	0	0	0	0	0	0	0	0	0	0	0.2277	0	0	0.05296	0	0	4e-04	0	0.01198	0	0.06285	0.2389	0.02343	0.23708	0.0779	0	0	0	0.04837	0.02703	0.01026	0	0	0	0.0658	0	0	0	0.01407	0	5e-04	0	0	0	0	0	0	0	0.06404	0	0.52884	0	0	0	0.45295	0.08675	0	0	0	0	0	0	0	0	0	0	0	0	0.02208	0	0	0.11785	0	0.02768	0	0	0	0.04563	0	0	0	0.06668	0	0
"GGB3061_SGB4063"	0	0	0	0	0	0	0.02219	0	0	0	0	0	0	0	0	0	0	0	0	0	0	0	0	0	0.00625	0	0.00204	0	0	0	0	0	0	0	0	0.0016	0	0	0	0.00044	0	0	0	0	0	0	0	0	0.02274	0.02981	0	0	0.00373	0	0	0	0	0	0	0	0	0	0	0	0.00807	0.00257	0	0	0	0	0	0	0	0	0	0.00097	0	0	0	0	0	0	0	0	0	0	0	0	0.00303	0	0	0	0	0	0	0	0	0	0	0	0	0	0	0	0	0	0	0	0	0	0	0	0	0	0	0	0	0	0	0	0.00376	0	0	0	0	0	0.02774	0	0	0	0	0	0	0	0	0	0	0	0	0	0	0	0	0	0	0	0	0	0.01723	0	0	0	0	0	0	0	0	0	0	0	0	0	0	0	0	0	0	0	0	0	0	0	0	0	0	0	0	0	0	0	0	0	0	0	0	0	0	0	0	0	0.01138	0	0	0	0	0	0	0	0	0	0	0	0.02558	0	0	0.01181	0	0	0	0	0.00166	0	0	0	0	0	0	0	0	0	0	0	0	0.00297	0	0	0	0	0	0.00824	0	0	0	0	0	0	0.01705	0	0	0	0	0	0	0	0.00485	0	0	0	0	0	0	0	0	0	0	0	0	0	0	0	0	0	0	0	0	0	0	0	0	0	0	0	0	0	0	0	0	0	0	0	0.01845	0.00183	0	0	0	0	0	0	0	0	0	0	0.01689	0	0	0.00486	0	0	0	0	0	0	0	0	0	0	0	0	0	0	0.01616	0	0.03235	0	0	0	0	0	0	0	0	0	0	0.00798	0	0	0	0	0	0	0	0	0	0	0	0	0	0	0	0.03485	0	0	0	0	0	0	0	0	0	0	0	0	0	0	0	0	0	0	0	0	0	0	0	0	0	0	0	0	0	0	0	0	0	0	0	0	0	0	0	0	0	0	0	0.00845	0	0	0	0.00169	0	0	0	0	0	0	0	0	0	0	0	0	0	0	0	0	0	0	0.01574	0	0.01884	0	0	0	0	0	0	0	0	0	0	0	0	0	0	0	0	0	0	0	0
"Desulfovibrio_SGB5076"	0	0	0	0	0.02788	0.19695	0.11936	0.08831	0.06237	0.12734	0	0	0.10614	0.02404	0	0	0	0	0	0	0	0	0.40075	0.01802	0.04674	0	0	0	0	0	0	0	0	0	0.15955	0	0	0	0.02919	0.05169	0.96401	0	0	0.53815	0	0	0	0	0	0	0	0.01918	0	0	0.24171	0	0	0	0	0	0	0	7.81283	0	0	0.14022	0.1819	0	0	0	0	0	0	0.44043	0.12753	0.08426	0.22112	0	0	0	0	0	0	0	0	0	0	0	0	0	0	0	0	0.4438	0	0	0	0	0.86394	0	0	0.00888	0.18945	0	0.26496	0.37684	0	0	11.54713	0	0	0	0	0	0	0	0	0	0	0.15116	0.55852	0	0	0	0	0.60129	0	0	0	0	0	0	0	0	0	0	0	0	0	0	0	0	0	0	0	0	1.41118	0	0	0	0	0	0	0	0.01869	0	0.10968	0	0	0	0.10073	5.63505	0	0	0	0	0	0	0	0.01566	0	0	0	0.29774	0	0	0	0	0	0.07643	0	0	0	0	0	0	0	0	0	0	0	0	0	0	0	0.09341	0	0	2.23397	0	0	0	0	0	0	0	0	0	0	0	0	0	0	0	0	0	0	0	0	0	0	0	0	0	0	0	0	0	0.00475	0	0	0.40657	0	0	0.08668	0	0	0	3.54365	0	0	0	0	0	0.01352	0	0	0.77427	0	0	0.0506	0	0	0	0	0	0.15419	0.10929	0	0	0	0	0	0.00597	0	0.35588	0	0	0	0.05475	0.06309	0	0.00998	0.06259	0.13675	1.08037	0	1.04223	0	1.88626	0	0	0	0	0	0	0	0	1.15919	0.0715	0	0	0	0	0	0	0	0	0	0.48206	0	0	0	0.02159	2.10158	0	0	0	0	0	0	1.3487	0	0	0	0	0.01801	0	3.26213	0	0	0.30487	0	0	0	0	0	0	0	0	0	0	0	0.46396	0.09931	0.40921	0	0.06207	0	0	0	0	0	0.44649	0.70364	0	4.84681	0	0	0	0	0	0	0	0.03911	0.05936	0.10001	0	0	0	1.75318	0	0	1.01252	0.20682	0.00802	0	0	0	0	10.39018	0	0	0	0	0	0	0	0	0	0	0	0	0	0	0	0	1.82025	0	0	0	0	0	0	0	0	0	0	0	0	0	0	0	0	0	0	0	0	0.2297	0	0	0	0	0	0	0	0	0	0	0	0	0	0	0	1.34548	0	0	0	3.82257
"Clostridiales_bacterium_Choco116"	0	0	0	0	0	0	0	0	0	0	0	0	0	0	0	0	0	0	0	0	0	0	0	0	0	0	0	0	0	0	0	0	0	0	0	0	0	0	0	0	0	0	0	0	0	0	0	0	0	0	0	0	0	0	0	0	0	0	0	0	0	0	0	0	0	0	0	0	0	0	0	0	0	0.00429	0	0	0	0	0	0	0	0	0	0	0	0	0	0	0	0	0	0	0	0	0.04875	0	0	0	0.02014	0	0	0	0	0	0	0	0	0	0	0	0	0	0	0	0	0	0	0	0	0	0.05968	0	0	0	0	0	0	0	0	0	0	0	0	0	0	0	0	0	0	0	0	0	0	0	0	0	0	0	0	0	0	0	0	0	0	0	0	0	0	0	0	0	0	0	0	0	0	0	0	0	0	0	0.79965	0.27459	0	0	0	0	0	0	0	0	0	0	0	0	0	0.01753	0	0	0.11162	0	0	0	0	0	0	0	0	0	0	0	0	0	0	0	0	0	0	0	0	0	0	0	0	0	0	0	0	0	0	0	0	0	0	0	0	0	0	0	0	0	0	0	0	0	0	0	0	0	0	0	0	0	0	0	0	0	0	0	0	0	0	0	0	0	0	0	0	0	0	0	0	0	0	0	0	0	0	0	0	0	0	0	0	0	0	0	0	0	0	0	0.01846	0	0	0	0	0	0	0.34939	0	0	0	0.08829	0	0	0	0	0	0	0	0	0	0	0	0	0	0	0	0	0	0	0	0	0	0	0	0	0	0.01517	0	0	0	0	0	0	0	0	0	0	0	0	0	0	0	0	0	0	0	0.00637	0	0	0	0.08632	0	0	0	0	0	0	0	0	0	0	0	0	0	0	0	0	0	0	0	0	0	0	0	0	0	0.2514	0	0	0	0	0	0	0	0.05623	0	0	0	0	0	0	0	0	0	0	0	0	0	0	0	0	0	0	0	0	0.45912	0	0	0	0	0	0	0	0	0	0.91566	0	0	0	0	0	0	0	0	0	0.11395	0	0	0	0	0	0	0	0	0	0
"Emergencia_timonensis"	0	0	0.03467	0	0	0	0.02681	0.00688	0	0	0	0	0	0	0.15225	0	0	0	0	0	0	0	0	0	0	0	0	0	0	0.01065	0	0	0	0	0	0.0383	0	0	0	0.00116	0	0	0	0	0	0	0	0	0	0	0	0.01326	0.14371	0	0	0	0	0	0	0.02168	0	0	0	0	0.02747	0.01076	0.01488	0	0	0	0	0	0	0	0.00965	0	0	0	0	0	0	0	0	0	0	0	0	0	0.00335	0.01811	0	0	0	0	0	0	0	0	0	0	0	0	0	0	0	0	0	0	0	0	0	0	0	0.02792	0	0	0	0	0	0	0	0	0	0	0	0	0.01157	0	0	0.02332	0.00304	0	0	0	0	0	0	0	0	0	0	0	0.02969	0	0	0	0	0	0	0	0	0	0	0	0	0	0	0	0.09431	0	0	0	0	0	0.01343	0	0	0	0	0	0	0	0	0	0	0	0	0	0	0	0	0	0	0	0	0	0	0	0	0	0.01076	0	0.00868	0	0	0	0	0	0	0	0	0	0.00391	0	0	0.08696	0	0	0	0	0	0	0	0	0	0	0	0	0.00519	0	0	0	0.01821	0	0	0	0	0	0	0	0	0	0	0.43976	0	0	0	0.02861	0	0	0	0	0	0.02683	0.00872	0	0.01501	0	0	0	0	0.04836	0	0	0	0	0	0	0	0	0	0	0	0	0	0	0	0	0	0	0.10505	0	0	0	0	0	0	0	0	0	0.08662	0.08128	0	0	0	0	0	0	0	0	0	0.00399	0	0	0	0.06527	0	0	0	0	0	0	0	0	0	0	0	0	0	0.05971	0.10191	0	0.36646	0	0	0	0	0	0	0	0	0	0	0	0	0	0	0	0	0	0	0	0	0	0.0216	0	0	0.00463	0	0	0	0	0	0.01192	0	0	0	0	0.00118	0	0	0	0	0	0	0	0	0	0	0	0	0	0	0	0	0	0.01291	0.00454	0	0	0	0	0	0	0	0	0	0.02251	0	0	0	0	0	0.00403	0	0	0	0	0	0	0	0	0	0	0	0.31742	0	0	0	0	0	0	0	0	0	0	0	0	0.07923	0	0	0	0	0	0	0	0.00145	0	0	0	0	0	0	0	0	0	0	0	0
"Eubacteriaceae_bacterium_Marseille_Q4139"	0	0	0	0.03096	0	0	0.00398	0	0	0	0	0	0	0.06492	0	0	0	0	0	0	0	0	0	0	0.02559	0	0	0	0	0	0	0	0	0.67602	0.19802	0	0	0	0.07653	0.10125	0.00436	0	0	0	0	0	0	0.59024	0.00217	0	0	0	0.47071	0	0.00575	0	0	0.01398	0	0.00163	0	0	0	0	0	0.06679	0.00146	0	0	0	0	0	0	0.10679	0.05393	0.15566	0	0	0	0	0	0.26722	0.91145	0	0	0.22724	0	0	0	0	0.01823	0	0	0	0	0	0	0	0.01156	0.58831	0.34545	0	0.27418	0.13007	0	0	0.01602	0	0	0	0	0	0.04113	0	0	0	0	0	0	0	0.02283	0.23952	0.46977	0	0	0.09812	0	0	0	0.00422	0	0	0	0	0	0	0	0	0	0	0	0	0	0	0	0	0	0	0.00181	0	0	0	0	0	0	0	0	0.05385	0	0	0	0.01924	0	0	0	0	0	0	0	0	0	0	0.71247	0	0.07828	0	0	0.14272	0.17131	0	0	0.0514	0	0	0.00523	0	7e-04	0	0	0	0	0	0	0	0	0	0.08563	0	0	0	0	0	0	0	0	0.19265	0	0	0	0	0	0	0	0	0	0	0	0	0	0	0	0.51659	0.02282	0	0	0	0	0	0	0	0	0	0	0.2313	0	0.01056	0.04131	0	0	0	0	0.05267	0	0	0	0	0.04157	0	0	0	0	0	0	0	0	0	0	0	0	0	0	0	0	0	0	0	0	0	0	0	0	0.13164	0	0	0.16182	0	0	0.04507	0	0	0.18604	0	0	0	0	0	0	0	0	0	0.11899	0	0	0	0	0.07026	0	0.29691	0	0	0.33045	0	0	0	0.0055	0	0	0	0	0	0.04209	0	0	0	0	0	0	0	0	0	0	0	0	0.00398	0	0	0.22385	0	0	0	0	0	0.02597	0.35734	0	0	0	0.06337	0	0	0	0	0	0.00848	0	0	0.22508	0	0	0.08697	0	0	0	0	0	0	0.95068	0.05837	0	0	0	0.2495	0	0.11472	0	0.13001	0.0049	0	0	0	0.01185	0	0	0	0	0	0	0.01127	0	0	0	0	0.24302	0	0	0	0	0	0	0	0	0	0.02117	0.07077	0	0.74089	0	0	0	0	0.00862	0	0	0	0	0.00412	0	0.3666	0.14973	0	0	1.50219	0	0	0	0	0	0	0	0.17341	0	0	0	0	0	0	0	0	0
"GGB2980_SGB3962"	0	0	0	0	0	0	0.02583	0.00534	0	0	0	0	0	0	0.04512	0	0	0	0	0	0	0	0	0	0.02763	0	0.00206	0	0.00273	0	0	0	0	0	0	0.00263	0	0	0.00043	0.00239	0	0	0	0	0	0	0	0	0	0	0.00661	0	0.01151	0.00027	0	0	0	0	0	0	0	0	0	0.00841	0	0	0	0	0	0	0	0	0	0	0.00824	0.00587	0	0	0	0	0.0105	0	0	0	0	0	0	0	0	0	0	0	0	0	0	0	0	0	0	0	0	0	0.00169	0	0	0	0	0	0	0	0	0	0	0	0	0	0	0	0	0	0	0	0	0	0	0	0.00776	0	0	0	0	0	0	0	0.01022	0	0	0	0	0	0	0	0	0	0	0	0	0.00358	0.02979	0	0	0	0	0	0	0	0	0.03516	0.00542	0	0.00033	0	0	0	0	0.03641	0	0.01371	0.00176	0	0	0	0	0.00429	0	0	0	0	0	0	0	0	0	0	0	0	0.01054	0	0	0	0	0	0	0	0	0.03697	0	0	0	0	0	0	0.15406	0	0	0	0.05465	0	0	0.00082	0.01251	0	0	0	0.02596	0	0	0	0.00931	0	0	0	0	0.02219	0	0	0	0	0	0.10717	0	0	0	0.07356	0	0	0.0167	0.09788	0	0	0.02954	0.11517	0	0.00937	0.15203	0	0	0	0	0	0	0.00835	0	0.01797	0	0	0.00788	0	0	0	0.01226	0.03179	0.02721	0	0	0	0.00223	0	0	0	0	0	0	0	0	0	0	0	0	0	0.03164	0.00468	0	0.00018	0	0	0	0	0	0.0095	0	0.03222	0	0	0	0	0	0	0	0	0	0	0	0	0	0.00541	0	0	0	0.07271	0.05126	0	0.13019	0	0	0	0	0	0	0.01165	0	0.00451	0	0.00054	0	0	0.00018	0	0.04192	0	0	0	0.03541	0	0.01246	0	0	0.01189	0.01506	0.01498	0	0	0	0	0	0	0	0	0	0	0	0	0	0	0	0	0	0	0	0	0	0	0	0.00253	0	0	0	0	0	0.01256	0	0	0	0	0	0	0.00453	0	0	0	0	0	0	0.00756	0	0	0	0.00777	0	0	0	0	0	0	0	0	0.00488	0	0	0	0	0	0	0	0	0.04295	0	0	0.03445	0	0	0	0	0	0	0	0	0	0	0	0	0	0	0	0	0	0	0	0
"Bifidobacterium_breve"	0.02255	0	0.05545	0	0.02045	0.01392	0.13102	0.23027	0	0	0	0	0	0	2.24669	0	0	0	0.05168	0.12773	0	0	0	0	0	0.67523	0	0	0	0	0.0325	0	0	0	0	0	0	0	0.14434	6.72137	0.03029	0	0	0	0	34.6327	1.41916	1.54017	0	0	0	0.01913	0.04999	0	0.00583	0	0	0	0	0.00014	0.18412	0	0	0	0	0	0	10.15778	7.25338	0	0.00339	0.37916	0.19088	0.01112	0.01341	0.10305	0.00583	0	0	0.08398	0	0.29943	0.43446	0.24894	10.35911	0.07103	0.78247	1.58459	0.08311	0.01678	0	0	0	0	0	0.09065	0.12067	0	0	0	0	2.58185	0.00495	0	0.00589	0	0	0	0	0.09156	0	0	0	0	0	0.06951	0.01429	0.10361	0	0.01014	0	0	0.02307	0	0.03213	0	0	0	0	0	0	0	0	0	0	0.0039	0.04873	0	0	0.01001	0.18573	0.03758	0.01824	0	0	0	0.02858	0.22932	0	0.00386	16.91561	0	0.07551	0	0.55701	0	0	0	0	0	0.08645	0.02852	0.02699	0	0.00209	7.62896	0.02265	0	0.05614	0	0	0	0.16209	0	0.34417	0	0	0.71126	0.05943	0.21535	0	0.00335	0.05702	0.00539	0	0	0.01204	0	0.15446	0.13239	0	0	1.09105	0.38914	0.03405	0.01977	0	0.01038	0	0	0	0	0	0	0	0	0	0.11242	0	0	0	0	0	0	0.00337	0	0.31772	0.30443	0	0.01652	0.11894	0.23113	0.02522	0	0	0	0	1.27871	0.01076	0	0	0	0	0	0	0	0.03808	0	0	0	0	0.30964	0	0	0	0	0	0.0174	0.00082	0	0.26588	0	0	1.60431	0.25806	0	0.00888	0	0	0	0	0	0	0	0	0.00171	0.01119	0	0	0	0	0.02633	0	0	0.03179	0	0.48857	0.01773	0	0	0.1945	0.04795	0	0.01329	0	0	0.01663	0.01074	0	0.00773	0.02206	0	0	0.22791	0.01081	0	0.04702	0.70747	0	0.06679	0	0.01102	0.00733	0	0.16027	0	0	0	0	0	0	0.00939	0	0.29508	0.14819	0	0	0	0	0	0	0.00027	0	0.0177	0	0	0.10729	0	0.13088	1.45063	0	0	0.41345	0.04473	0	0.0054	0	0	0	0	0.11394	0	0	0	0	0	0	0	0	0	0	0.01825	0	0	0	0.03427	0	0	0.20598	0.00749	0	1.08519	0	0	0.01313	0.13875	0.05158	0	0	0	0	0	0	0	0	0	0	0	0.32777	0	6.61803	0.7105	0	0	0	0	0	0	0	0	2.08644	0.1889	0	0	0.00491	0	0	0.66393	0	4.50654	0	0.1657	0	2.56347	0.22193	0	0	0	0	1.49361	0	0	0.00182	0.11407	0	0	0	0	0	0.01123	0.01398	0.35822	0	0	0	0	5.93255	0.91898	0.0727
"Anaerotruncus_colihominis"	0.00591	0.17341	0.09511	0.01964	0.01233	0.00402	0.13272	0.035	0	0	0	0	0.2146	0.01222	0.19121	0.05078	0.02706	0	0.00025	0.02064	0	0	0.05737	0	0	0.0157	0	0	0.00338	0.00159	0.22986	0	0.01005	0.13084	0	0.01038	0	0	0.05798	0.04822	0.02003	0	0.25779	0	0	0	0	0.00173	0.05171	0.12373	0.02924	0.09314	0.2037	0	0.00106	0.00211	0	0.01078	0	0.15392	0.1379	0	0	0.01047	0	0.06428	0.00083	0.32783	0.04268	0.0131	0.40227	0.01178	0.01131	0.04921	0.05825	0.04398	0.17835	0.04226	0	0	0	0	0	0	0.05049	0.00572	0	0	0.22092	0.14093	0	0	0.00073	0	0	0	0.0047	0	0.00451	0.01537	0.06652	0.17583	0.15628	0.20441	0.34913	0.01836	0	0.06625	0	0	0.20875	0	0.03884	0.02681	0.01162	0.06055	0.04484	0.01276	0	0.04544	0.00629	0.01013	0.05219	0	0.03226	0	0.04093	0.39064	0	0.02335	0.0071	0	0	0	0.12764	0.24425	0.01165	0	0.03088	0	0.00055	0.19222	0.10761	0	0.24401	0	0	0.01305	0.08207	0.01803	0	0.0953	0	0.00756	0.02996	0	0.20642	0.00804	0.00325	0.04611	0	0.00111	0	0	0.06908	0.46455	0	0.02071	0.00775	0.00256	0.08594	0.02869	0.14998	0.00437	0.02023	0	0.00353	0.10463	0.03188	0.08403	0	0.04485	0.01315	0.01054	0	0	0.00119	0.01958	0.06904	0.05607	0.00236	0	0.12629	0.01795	0.0159	0	0.01104	0	0	0.00956	0	0.03619	0.04122	0.02235	0.02973	0.06035	0.0392	0.00146	0	0	0	0	0	0.03655	0.0259	0.03701	0	0.1709	0	0	0	0.27709	0.13011	0.00357	0.02554	0	0	0.03337	0.00381	3e-04	0	0	0.00443	0.07762	0.00774	0	0.0413	0.00851	0	0	0.61424	0.04553	0	0.03265	0	0	0.07719	0.011	0	0.00576	0.17195	0.08529	0	0.12006	0.00856	0	0.05084	0.00205	0.60749	0.08359	0.06162	0.06037	0	0	0.014	0	0	0.49555	0	0.20614	0.08764	0.12883	0	0	0.01521	0.12916	0.06535	0.03569	0.00726	0	0.06967	0.25462	0.00137	0.00397	0	0.01008	0	0	0	0.03544	0.05716	0.00841	0.00858	0	0	0.01211	0.0028	0	0.28108	0.01067	0.00853	0	0	0	0	0	0.00073	0.01383	0	0.08405	0.0299	0	0.0222	0	0	0.01588	0.00449	0.00497	0.00602	0.01186	0	0.0071	0.02958	0.0761	0.07132	0	0.07523	0	0.1468	0.06166	0.3769	0.00278	0.0995	0.01068	0.01314	0.01902	0	0.03666	0.02261	0.05219	0	0	0	0.01083	0	0	0.00469	0.0018	0.02359	0	0	0	0	0.05626	0	0.04155	0.03074	0	0.00559	0.00029	0.02077	0.00862	0	0	0.01042	0.17409	0.02071	0.03968	0.49023	0.01281	0	0.00175	0.00993	0	0.01941	0	0	0.0257	0.00679	0.01897	0	0	0	0	0.02513	0.00195	0	0.03512	0.01446	0	0.04655	0	0	0.00237	0.01148	0.33592	0.00779	0	0	0.02217	0.0278	0	0.07516	0.00075	0.01419	0.09435	0.03191	0.0124	0.21762	0	0	0.35082	0.01703	0.16053	0.08213	0	0.01681	0.18135	0	0.00572	0	0	0.00038	0	0	0	0.25853	0.00677	0.02022
"GGB33512_SGB15201"	0	0	0	0	0	0	0.13849	0.01267	0	0	0	0	0	0	0	0	0	0	0	0	0	0	0	0	0.04994	0	0	0	0	0.00416	0	0	0	0	0	0	0	0	0	0.00906	0	0	0	0	0	0	0	0	0.01174	0.01537	0	0	0.10821	0	0	0	0	0	0	0	0	0	0	0.00478	0.04891	0.02418	0.00905	0	0	0	0	0	0	0	0.02199	0	0	0	0	0	0.17252	0	0	0	0	0	0	0	0	0	0	0	0	0	0	0	0	0	0	0	0	0	0	0.07731	0	0	0	0	0	0	0	0	0	0	0	0	0	0	0	0	0	0	0	0	0	0	0.08217	0	0	0.00097	0	0	0	0	0	0	0	0	0	0	0	0.02461	0	0	0	0	0	0	0	0	0	0	0	0	0	0	0	0	0	0	0	0	0	0	0	0	0.0138	0	0	0	0	0	0	0	0	0	0	0	0	0	0	0	0	0	0	0	0	0	0	0	0.00207	0	0	0	0	0	0	0	0	0	0	0	0.00458	0	0	0.01725	0.0287	0	0	0	0.00041	0	0	0	0.02063	0	0	0	0	0	0	0	0	0	0	0	0	0	0	0.07019	0	0	0	0	0	0	0.14818	0	0	0	0	0	0	0	0	0	0	0	0	0	0	0.04242	0	0	0	0	0.02451	0	0	0	0	0	0	0	0	0	0	0	0	0.09116	0.16094	0	0	0	0	0	0	0	0	0.00589	5.79207	0.16976	0	0	0	0	0	0	0	0	0	0	0.19066	0	0	0	0	0	0	0	0	0	0	0	0	0	0	0	0	0	0.12576	0	0.19287	0	0	0	0	0	0	0.01796	0	0	0	0.02144	0	0	0	0	0	0	0	0	0	0	0.00977	0	0	0.00873	0	0.01645	0	0	0	0	0	0	0	0	0	0	0	0	0	0	0	0	0	0	0	0	0	0	0	0	0	0	0	0	0	0	0	0	0	0	0	0	0	0	0	0	0	0	0	0.0082	0	0	0	0.00078	0	0	0	0	0	0	0	0	0	0	0	0	0.01758	0	0	0	0	0	0.06173	0	0.01791	0	0	0	0	0	0	0	0	0	0	0	0	0	0	0	0	0	0	0	0
"Mogibacterium_sp_BX12"	0.00068	0.02737	0.00831	0	0	0	0.01865	0.00157	0.03936	0	0	0	0	0.00815	0	0.01463	0	0	0	0	0	0	0	0	0.00521	0	0.01074	0	0	0	0.01053	0.01267	0	0.00507	0	0.00242	0	0	0.01162	0.00872	0.00243	0	0	0.00924	0	0	0	0.00597	0	0	0.01166	0.00452	0.03621	0.00233	0.0274	0	0	0	0	0.01597	0.07991	0	0	0.00144	0.11686	0.02574	0.10085	0	0	0	0.00619	0	0	0.00535	0.01157	0.01115	0	0.00175	0	0	0	0.00156	0.00498	0	0	0	0	0	0.00802	0.03532	0	0	0	0	0	0	0	0	0.00497	0.00283	0.00105	0	0.04117	0.04505	0.02758	0	0	0.00618	0	0	0	0	0	0	0.00604	0.00758	0	0.00645	0	0.00771	0.01234	0	0.02555	0	0.00519	0	0	0.0062	0	0	0.01716	0	0	0	0.09717	0	0	0	0	0	0	0	0.00452	0	0.06065	0	0	0.03694	0.02037	0	0	0.03967	0	0	0	0	0	0.02669	0.00374	0	0.01596	0	0.01545	0	0	0.34658	0.0088	0	0	0.00425	0	0	0.01142	0.01722	0.00508	0	0	0.0133	0	0	0	0	0	0	0.01313	0	0.03921	0	0.04038	0	0.12669	0	0.03179	0	0	0.02737	0	0	0	0.00375	0	0.00926	0.14025	0.00689	0	0	0.06511	0.00702	0	0.03041	0.01966	0	0	0	0.05605	0	0.06347	0	0.00417	0.02782	0	0	0	0	0	0	0	0	0	0.03184	0	0	0	0.0661	0.01522	0	0	0.13675	0	0.00293	0.09049	0.11968	0	0.03045	0.03136	0	0	0	0	0	0	0	0	0.01283	0	0	0.00123	0	0	0	0.01385	0.00724	0.02469	0	0.01721	0	0.05804	0.00641	0	0	0.00418	0	0	0	0	0	0	0.00316	0	0	0.02267	0.04778	0	0.06711	0	0	0	0	0	0.06713	0	0	0.02258	0	0	0.01349	0	0	0.00422	0	0.01291	0	0	0.00245	0	0	0	0.0373	0	0.04739	0	0	0.06918	0	0	0	0	0	0	0	0	0.02761	0	0.00872	0	0	0.00473	0	0.00182	0.00789	0	0.02797	0.0032	0	0.03045	0	0	0.00078	0.00714	0.00354	0	0	0	0.02842	0	0	0	0	0.00316	0.00105	0	0.01402	0	0	0	0	0	0	0.01244	0	0	0.0182	0	0.0084	0.11701	0.00045	0	0	0	0.01556	0	0	0	0	0	0	0.0106	0.06718	0	0	0	0	0	0.01024	0	0.00048	0.0071	0	0.01961	0	0.12971	0	0	0	0	0.02362	0.02647	0	0	0	6e-04	0	0	0.00095	0	0	0.00178	0	0.0037	0.00786	0	0.11142	0.00117	0	0.00836	0	0	0	0	0.02212	0	0	0.0347	0	0	0	0	0	0
"Massilimicrobiota_sp_An134"	0	0	0	0	0	0	0.00352	0	0.00553	0	0	0	0	0	0	0	0	0	0	0	0	0	0	0	0	0	0	0	0	0.03516	0	0	0	0.00126	0	0.02956	0	0	0.0054	0.00852	0.00317	0	0	0	0	0	0	0.04703	0	0	0	0.04098	0	0	0	0	0	0	0	0	0.00329	0	0	0	0	0	0.00244	0	0.19723	0	0	0	0	0.00995	0.00501	0.01411	0	0.01339	0	0	0	0.01355	0	0	0	0	0	0	0	0	0	0	0	0	0	0	0	0	0	0	0.09711	0	0	0	0.01719	0	0	0.00087	0	0	0	0.05244	0.06458	0	0	0	0	0.04596	0	0	0	0	0.02739	0	0	0	0	0	0	0.03548	0	0	0	0	0	0	0.01361	0	0.01766	0	0	0	0	0	0	0.60506	0	0.10256	0	0	0	0.01683	0	0	0	0	0	0	0	0.00626	0.00849	0	0.00444	0	0	0	0	0	0	0	0	0.00685	0	0.07509	0	0	0	0	0	0.00353	0	0	0	0	0	0	0	0.00147	0.00774	0	0	0	0	0	0	0	0	0	0	0	0	0	0.03964	0	0	0	0	0.03634	0	0	0.00042	0	0	0	0	0	0.04032	0	0	0.06519	0.01578	0	0	0	0	0	0	0	0	0	0	0	0	0.15228	0	0	0.03254	0.05438	0	0	0.20505	0.00752	0	0.02343	0	0	0	0	0	0	0	0.02129	0	0	0	0	0.02696	0	0.0297	0	0	0	0	0	0	0	0	0	0	0	0	0.00372	0	0	0	0	0.00336	0.01136	0	0	0	0	0	0	0	0	0	0	0.00528	0	0.00212	0	0.00268	0	0	0	0	0	0	0	0.18495	0	0	0	0	0	0	0	0	0.06104	0	0	0	0	0.00105	0	0	0	0	0	0.0083	0.0015	0	0	0	0	0.02925	0	0	0	0	0	0	0	0.02977	0.00919	0	0	0	0	0	0	0	0.06499	0	0.3035	0.02492	0.00698	0	0	0	0	0	0.00319	0.06611	0	0.00524	0	0	0	0	0.16222	0	0	0.0185	0	0	0	0	0.06325	0	0	0	0	0	0.10608	0.01448	0	0	0	0	0	0	0.00591	0	0	0	0	0	0	0	0	0	0	0	0.0151	0	0	0	0.03471	0	0.00559	0	0	0	0	0	0.00454	0	0	0	0	0	0	0	0.12219	0	0.20919	0	0	0	0	0	0	0	0	0	0.06898	0
"Christensenellaceae_bacterium_NSJ_63"	0	0	0	0	0.00373	0	0.00554	0.00738	0	0	0	0	0.0505	0.00164	0	0	0	0	0	0	0	0	0	0	0	0	0.01289	0	0	0.00036	0.00484	0	0.04919	0.02402	0	0.05248	0	0	0.00292	0.00334	0.00293	0	0.00855	0.00666	0	0	0	0	0.00911	0.03613	0.00312	0	0.0233	0.00249	0	0	0	0	0	0.00282	0.00341	0	0	0.00737	0.01179	0.00085	0.00456	0	0	0	0.01288	0	0	0.00092	0.00967	0.00284	0	0	0	0	0.00871	0	0	0	0	0.00161	0	0	0.01274	0.00888	0	0	0	0	0	0	0	0	0	0	0	0.02269	0.00861	0.01385	0.00472	0	0	0.01146	0	0	0	0	0	0.00706	0	0	0	0.0018	0	0	0.01948	0	0	0	0	0	0.0206	0.01108	0	0.00517	0	0	0	0	0	0	0	0	0	0	0	0	0.00551	0	0	0	0	0.01305	0.01746	0	0	0	0	0	0	0	0	0.00436	0	0	0.00255	0	0.00265	0	0	0	0.00293	0	0.00727	0.00344	0	0	0.01096	0.00976	0	0	0	0.0102	0	0.00143	0	0	0	0	0	0	0	0	0	0	0.00859	0	0	0	0	0.0014	0	0	0	0	0	0.00584	0.00965	0	0.00792	0.02239	0.00278	0.00357	0	0.00801	0.00543	0	0	0.01025	0.05088	0	0	0	0	0.00355	0	0	0	0.00566	0	0	0	0.00126	0	0.00344	0	0	0.00454	0.00709	0	0	0.01264	0.01384	0	0	0	0	0	0.0118	0.00422	0	0.00075	0	0	0	0.00312	0.00579	0	0.00619	0	0	0.00111	0	0	0	0.00135	0	0.00141	0	0.01086	0	0.00681	0	0	0	0.00484	0.00216	0	0	0	0	0	0.00375	0	0	0.00762	0.00738	0.00272	0.00489	0	0	0	0	0	0.00594	0.02985	0	0.01958	0	0	0.00276	0	0	0	0	0	0	0	0	0	0	0	0	0	0.00483	0.00021	0	0.07237	0	0	0	0.0013	0	0	0.01984	0	0.09921	0	0.0122	0	0	0.01362	0	0	0	0	0.00144	0.02164	0	0.00974	0.00504	0	0	0.01154	0.01523	0	0	0	0.00121	0	0	0	0	0	0	0	0	0	0.01465	0	0	0	0	0	0	0	0	0	0.0116	0.00172	0.0398	0.02168	0	0	0	0	0	0	0	0	0	0	0.07964	0	0.00036	0	0	0	0.00119	0	0	0.00051	0	0.00262	0	0.00291	0	0	0	0	0.00557	0	0	0	0.00238	0.00164	0	0	0	0	0	0.00517	0	0.00642	0	0	0	0	0	0	0	0.01312	0	0.00168	0.01718	0	0	0	0	0	0	0	0	0
"Prevotella_timonensis"	0	0	0	0	0	0	0	0	0	0	0	0	0	0	0	0	0	0	0	0	0	0	0	0	0	0	0.00343	0	0	0	0	0	0	0	0	0	0	0.00383	3e-04	0.00316	0.00103	0	0	0	0	0	0	0	0	0	0	0.09967	0	0	0	0	0	0	0	0.00404	0.0176	0	0	0.00458	0	0	0	0	0	0	0	0	0	0	0.00583	0	0	0	0	0	0	0	0	0	0	0	0	0	0	0	0	0	0	0	0	0	0	0	0	0	0	0.01285	0	0.00942	0	0	0	0	0	0	0	0	0	0	0	0	0	0	0	0	0	0	0	0.00144	0	0	0	0	0	0	0	0	0	0	0.01856	0	0.0053	0	0	0	0.00302	0.00798	0	0	0.00666	0	0	0	0.00886	0	0.0029	0	0	0	0	0	0	0.04002	0	0.00706	0.00905	0	0	0	0.02974	0	0	0	0	0	0	0	0	0	0	0	0	0	0	0.00213	0	0	0	0	0	0	0	0	0	0	0	0	0	0	0	0	0	0	0	0	0	0	0	0	0	0	0	0	0	0	0	0	0	0	0	0	0	0.00557	0	0	0	0	0.0266	0	0.0141	0	0	0	0	0.00676	0	0	0	0	0	0	0	0.00951	0	0	0	0	0	0	0	0	0	0	0	0	0	0	0	0	0	0.00886	0	0	0.04069	0	0	0	0	0	0.00141	0	0	0	0	0.00811	0	0	0	0	0	0	0	0	0	0	0.03111	0	0	0	0	0	0	0	0	0	0	0	0	0	0	0	0	0	0	0	0	0	0	0	0	0	0	0	0	0	0	0	0.01137	0	0	0	0	0	0	0.00223	0	0	0	0	0	0	0	0	0	0	0.00908	0	0	0	0	0	0	0	0	0	0	0	0	0	0	0	0	0	0	0	0	0	0	0	0	0	0	0	0	0	0	0	0.00177	0	0	0	0	0	0	0	0	0	0	0	0	0	0	0	0.00788	0	0	0	0	0	0	0	0	0	0	0	0	0	0.01135	0	0	0	0	0	0	0	0.0013	0	0	0	0	0	0	0	0	0	0	0	0	0	0	0	0	0.00247	0	0	0	0	0	0	0	0	0	0	0.00162
"GGB3534_SGB4722"	0	0	0	0.00455	0	0	0	0	0	0	0	0	0	0	0	0	0	0	0	0	0	0	0	0	0	0	0.01735	0	0	0.00083	0	0.01725	0	0	0	0	0	0	0.00363	0.05278	0.00211	0	0	0	0	0	0	0	0	0	0	0	0.00262	0.02486	0	0	0	0	0	0	0	0	0	0.00222	0	0	0.00568	0	0	0	0	0	0	0.00595	0.00095	0	0	0.1509	0	0	0	0.42346	0.06696	0	0.51443	0.03609	0	0	0	0	0	0	0	0	0	0	0	0	0	0	0.0797	0	0	0	0	0	0.00543	0.0082	0	0	0	0	0	0	0	0	0	0	0	0	0.04886	0	0	0	0	0	0	0	0	0	0	0	0	0	0	0	0	0	0	0	0	0	0	0	0	0	0	0.01344	0.00847	0	0	0	0	0	0	0	0	0	0	0	0.00575	0.00655	0	0	0	0	0	0	0	0	0	0	0	0.05673	0	0	0	0.1796	0	0	0	0	0	0	0.02317	0	0	0	0	0	0	0	0	0	0	0	0	0	0	0	0	0	0	0	0	0	0	0.00304	0	0	0	0	0	0	0.01651	0	0	0	0	0	0.00232	0	0	0	0	0	0	0	0	0.00369	0	0	0	0	0	0	0.00071	0	0	0	0	0	0	0	0	0	0	0	0	0	0.16622	0.00915	0	0	0	0	0	0	0	0	0	0	0.02234	0	0	0	0	0	0	0	0	0	0	0	0	0	0	0	0	0	0	0	0.01056	0	0	0	0	0	0	0	0	0	0	0.01263	0	0	0	0	0	0	0	0	0	0	0	0	0	0	0	0	0	0	0	0	0	0	0.00727	0	0	0	0	0	0	0	0	0	0.06205	0	0.00825	0.09378	0	0	0	0.3019	0	0	0	0	0	0	0	0	0	0	0	0	0	0	0	0	0	0	0	0	0	0	0	0	0	0	0	0.01326	0	0	0	0	0	0	0	0	0.0382	0	0	0	0.00222	0	0	0	0	0	0	0	0	0.00885	0	0	0	0	0	0	0	0	0	0	0	0	0	0	0	0	0	0	0	0	0.05191	0.01145	0	0	0	0.01121	0	0	0	0	0	0	0.05504	0	0	0	0	0	0	0	0	0	0	0	0
"GGB3538_SGB4728"	0.02938	0	0	0.00516	0	0	0.01861	0	0	0	0	0	0	0	0	0	0	0	0	0	0	0	0	0	0	0	0.00015	0	0	0.01709	0	0	0	0	0	0	0	0	0.00046	0.10777	0.00466	0	0	0	0	0	0	0	0	0	0	0	0	0	0	0	0	0	0	0	0	0	0	0.00054	0	0	0	0	0	0	0	0	0	0	0.0029	0.00299	0	0.16644	0	0	0.0085	0.85234	0	0	0	0.00478	0	0	0	0	0	0	0	0	0	0	0.02317	0	0	0	0	0	0	0	0	0.02433	0	0.01822	0	0	0	0	0	0	0.02655	0	0	0.00762	0	0	0.06833	0.0144	0	0	0	0	0.00289	0	0	0.00172	0	0	0	0	0.03213	0	0	0	0	0	0	0	0	0	0	0	0	0.04664	0.04907	0	0	0	0	0	0	0	0	0	0	0	0	0	0	0	0	0	0	0	0.01234	0	0	0	0.01761	0	0.00735	0	0	0.22126	0	0	0	0	0	0	0	0	0	0	0	0	0	0	0	0	0	0	0	0	0	0	0	0	0	0	0	0	0	0.01705	0	0	0	0	0	0	0	0	0	0	0	0	0	0	0	0	0	0	0	0.02674	0.01985	0.00065	0	0	0	0	0	0	0	0.00343	0	0	0	0.01332	0.00075	0	0	0	0	0.0288	0	0	0.15935	0	0	0	0	0	0	0.00804	0	0	0	0	0.04614	0	0	0	0	0	0	0	0.00912	0	0	0	0	0	0	0	0	0	0	0	0.01159	0	0	0	0	0	0	0	0	0	0	0	0	0	0	0	0	0	0	0	0	0	0	0	0	0	0	0	0.00276	0	0	0	0	0	0	0	0	0	0	0	0	0	0	0	0.06407	0	0	0	0	0	0	0	0	0	0	0	0	0	0	0	0	0	0.00182	0	0.06052	0.10313	0	0	0	0	0	0	0	0	0	0	0	0	0	0	0	0	0	0	0	0	0	0	0	0	0	0	0	0	0	0	0	0	0	0	0	0	0	0	0	0	0	0	0	0	0	0	0	0.14556	0	0	0.0151	0	0.00259	0	0	0	0	0	0	0.01394	0	0	0	0.00271	0	0	0.05629	0	0.04597	0	0.00257	0.00858	0	0	0	0	0	0	0	0	0
"Eubacterium_maltosivorans"	0	0	0	0	0	0	0	0	0	0	0	0	0.1203	0	0	0	0	0	0	0	0	0.03782	0	0	0	0	0	0	0	0	0	0	0	0	0	0	0	0	0.00279	0	0	0	0	0	0	0	0	0	0	0	0	0	0	0	0	0	0	0	0	0	0	0	0	0	0	0	0	0	0	0.06613	0.43031	0	0	0	0	0.10681	0	0	0	0	0	0	0	0	0	0	0	0	0	0	0	0	0	0	0	0	0	0	0	0	0	0	0	0	0	0	0	0	0	0	0.0926	0	0.30188	0	0	0	0	0	0	0	0	0	0	0	0	0	0	0.03652	0	0	0	0	0	0	0	0	0	0	0	0.17924	0	0	0	0	0	0	0	0	0.01785	0	0	0	0	0	0	0	0	0	0	0	0	0	0	0	0	0	0	0	0	0	0	0	0	0	0	0	0	0	0	0	0	0	0.01757	0	0	0	0	0	0	0	0	0	0	0	0	0	0	0	0	0	0	0	0	0	0	0	0	0	0	0	0	0	0	0	0	0	0	0	0	0	0	0	0	0	0	0	0	0	0	0	0	0	0	0.822	0	0	0.00717	0	0	0	0	0	0	0	0	0	0	0	0	0	0	0	0	0	0	0	0	0	0	0	0	0	0	0	0	0	0	0	0	0	0	0	0	0	0	0	0	0	0	0	0	0	0	0	0	0	0	0	0	0	0	0	0	0	0	0	0	0	0	0	0	0	0	0	0	0.00424	0	0	0	0.0295	0	0	0	0	0	0	0	0	0	0	0	0	0	0	0	0	0	0	0	0	0	0	0.47164	0	0	0	0	0	0	0	0	0	0	0.00179	0	0.00656	0	0	0	0	0	0	0	0	0	0	0	0	0	0	0	0	0	0	0	0	0	0	0	0	0	0	0.07065	0	0	0.01833	0	0	0	0	0	0	0	0	0	0	0	0	0	0	0	0	0	0	0	0	0.12273	0	0	0.26176	0	0	0	0	0	0	0	0	0	0	0	0	0	0	0	0	0	0.13415	0	0	0	0	0	0	0	0	0	0.01621	0
"GGB9501_SGB14898"	0	0	0.0201	0	0	0	0.07715	0.07308	0	0	0	0	0	0	0	0	0	0	0	0	0	0	0	0	0.02333	0	0.05713	0	0	0.04792	0	0	0	0	0	0	0	0	0.00313	0.01101	0.00296	0	0	0	0	0	0	0.0048	0.03132	0.02107	0	0	0.10958	0	0	0.00098	0	0	0	0	0	0	0	0.03974	0.05363	0.02614	0	0	0	0	0	0	0	0.0034	0.00473	0	0	0	0	0	0.03666	0	0	0	0	0	0	0	0.04617	0	0	0	0	0.00372	0	0	0	0	0	0	0	0	0	0	0	0.00132	0	0	0	0	0	0	0	0	0	0	0	0	0	0	0	0	0	0	0	0	0.08964	0	0	0.04628	0	0	0	0	0	0	0	0	0	0	0	0	0	0	0	0	0	0	0.06077	0	0	0	0	0	0	0	0	0.01386	0	0	0	0	0	0.00453	0.02541	0	0	0	0.02488	0	0	0	0	0.04428	0	0	0	0	0	0	0	0	0	0	0	0	0	0	0	0	0	0	0	0	0	0.01184	0	0	0	0	0	0.03362	0.05435	0	0	0.07425	0.00829	0.02276	0	0	0.03874	0	0	0	0.1368	0	0	0	0.02927	0	0	0	0	0.02699	0	0	0	0	0.01084	0.06639	0	0	0	0.04065	0	0.00476	0.10233	0.03293	0	0	0	0	0	0.02209	0	0	0.02835	0	0	0	0	0.02229	0	0.00175	0	0	0.0177	0.03375	0	0	0	0	0.02299	0	0	0	0	0	0	0	0	0.02857	0	0	0	0	0	0	0	0.05547	0.0269	0.00786	0.01846	0	0	0	0	0	0	0	0	0	0.05947	0	0	0	0	0	0	0	0	0	0	0	0	0	0	0	0	0	0.05764	0	0	0	0	0	0	0	0	0	0	0	0	0.00446	0	0	0	0	0.03074	0	0	0	0	0	0.05121	0.00633	0	0.03404	0	0	0	0	0	0	0	0	0	0	0	0.00459	0	0	0	0	0	0	0	0.03429	0	0	0	0	0	0	0	0	0.09402	0	0	0.00327	0	0	0	0	0	0	0.01069	0	0	0	0	0	0	0	0	0.03368	0	0	0.01737	0	0	0	0	0	0	0	0	0	0	0	0	0	0	0	0	0	0.05801	0	0.08177	0	0	0	0	0	0	0	0	0	0.01942	0	0	0	0	0	0	0	0	0	0
"Dysosmobacter_sp_NSJ_60"	0	0	0.24108	0.10098	0.0294	0	0.0917	0.15305	0.02105	0	0.01404	0	0	0.14421	0	0	0.03773	0.16724	0.01397	0	0	0	0.05584	0	0.01334	0	0.03378	0	0.06641	0.0693	0	0	0.02577	0.02605	0.08996	0.01964	0.00339	0	0.04798	0.01352	0.01124	0	0.14994	0.01769	0	0	0	0.01995	0.01252	0.00546	0.03755	0.04502	0.11513	0.00839	0.15997	0.0823	0	0	0	0.13634	0	0.0022	0	0.04691	0.02166	0.26625	0.16933	0	0	0	0	0.09639	0.17132	0.00642	0.06502	0.01895	0	0.01806	0	0	0	0	0.22158	0	0	0	0	0	0.01775	0	0	0	0	0.0022	0	0	0	0	0.01773	0	0	0.2454	0.16065	0.0204	0	0	0	0	0.10158	0.04297	0	0.00477	0.04651	0	0.03081	0	0	0.01787	0	0	0.05383	0.36158	0.34434	0	0	0	0.06499	0	0	0.02975	0.03469	0	0	0	0	0	0	0	0	0	0	0.19745	0.23332	0.00595	0.13476	0	0.00452	0.03167	0.08973	0.03091	0	0.01403	0	0	0	0	0	0.00849	0	0.02531	0	0.01106	0.08929	0.00154	0.11533	0.02471	0.04811	0.22217	0.02308	0.0364	0	0.08982	0.08312	0.02048	0	0	0.00922	0	0.22929	0	0	0	0	0	0.02322	0	0.0291	0.01231	0.19485	0.17183	0.01921	0.00799	0.10952	0.02362	0.11093	0	0.00278	0	0	0	0	0.05938	0.03225	0	0.11259	0.20549	0.30981	0.04441	0	0.01976	0.03725	0.00571	0	0	0.05448	0.07202	0	0	0.034	0.04679	0.02236	0.05703	0.02343	0.05441	0.11287	0	0	0	0.0165	0.06347	0	0.00429	0.01529	0.02011	0	0	0.11642	0.00462	0	0	0.1879	0.03475	0	0.04399	0.02149	0	0.07929	0	0	0.04728	0	0.08574	0	0.02798	0.02214	0.02611	0.04894	0.01941	0.06479	0	0.11029	0.08549	0.00234	0	0	0	0.01542	0.03012	0	0.02311	0.03499	0	0	0	0	0.14094	0.10384	0.02232	0.10604	0.01225	0.02516	0.01862	0.01374	0.0427	0	0	0.00535	0	0	0.02506	0	0.00815	0.03854	0	0	0.07461	0.03599	0	0.07576	0.0716	0	0	0	0.01561	0.07175	0.0903	0	0.00969	0.00251	0	0.07918	0.05004	0.00068	0	0.00271	0	0	0.02281	0	0	0	0.02235	0	0.06568	0.1478	0	0	0	0.19374	0.05415	0	0	0.01024	0.19882	0.01081	0.05937	0	0.02039	0.06317	0.07464	0	0	0	0.08227	0	0	0.04841	0	0.08709	0.0118	0	0.13897	0	0.23081	0.28236	0	0	0	0.04276	0.0583	0.11451	0	0	0.00304	0	0	0.07432	0	0	0.06798	0	0.00166	0.0781	0.10331	0.0447	0	0.023	0.07946	0	0.05658	0	0	0	0.0426	0.01309	0.02209	0	0.04585	0.04304	0	0.03993	0	0	0.02055	0.02847	0.1287	0	0	0	0.08475	0.17007	0	0	0	0	0.25709	0.02922	0	0.09472	0	0	0	0.28841	0.07555	0.19969	0	0.06152	0	0.04047	0.02319	0	0	0.10871	0	0	0.00179	0.05045	0.02539	0
"GGB9063_SGB13982"	0	0	0	0	0	0	0.00529	0.0089	0	0	0	0	0	0	0	0	0	0	0	0	0	0	0	0	0	0	0.01517	0	0	0	0	0	0	0	0	0.00059	0	0	0	0	0	0	0	0	0	0	0	0	0.04773	0.03183	0	0	0	0	0	0	0	0	0	0	0	0	0	0	0.00025	0	0	0	0	0	0	0	0	0	0	0	0	0	0	0	0	0	0	0	0	0	0	0	0.00553	0	0	0	0	0	0	0	0	0	0.03479	0	0	0	0	0	0	0	0	0	0	0	0	0	0	0	0	0	0	0	0	0	0	0	0	0	0	0	0	0	0	0	0	0	0	0	0	0	0	0	0	0	0	0	0	0	0	0	0	0	0	0	0	0	0	0	0	0	0	0.03699	0	0	0	0	0	0	0	0	0	0	0	0	0	0	0	0	0	0	0	0	0	0	0	0	0	0	0	0	0	0	0	0	0	0	0	0	0	0	0	0	0	0	0	0	0.01278	0	0	0	0	0	0	0	0	0	0	0	0	0	0	0	0	0	0	0	0	0	0	0	0	0	0	0.03366	0	0	0	0	0	0	0	0	0	0	0	0	0	0	0	0	0	0	0	0	0	0	0	0	0	0	0	0	0	0	0	0	0	0	0	0	0	0	0	0	0	0	0	0	0	0	0	0	0	0	0	0	0	0	0	0	0	0	0	0	0	0	0	0	0	0.02575	0	0	0	0	0	0	0	0.00613	0	0	0	0	0	0	0	0	0	0	0	0	0	0	0	0	0	0	0	0	0	0	0	0	0	0	0	0	0	0	0	0	0	0	0.11492	0.09386	0	0	0	0	0	0	0	0	0	0.02237	0	0	0	0	0	0	0	0	0	0	0	0	0	0	0	0	0	0	0	0	0	0	0	0	0	0	0	0	0	0	0	0	0	0.07158	0	0.03048	0	0	0	0	0	0	0	0	0	0	0	0	0	0	0	0	0	0	0	0	0	0	0	0	0	0	0	0	0	0	0	0	0.0161	0	0	0	0	0	0	0	0	0	0
"GGB9534_SGB14937"	0	0	0.10651	0.01354	0	0	0.06677	0.00781	0.02658	0	0	0	0	0	0	0	0	0	0.00814	0	0	0	0	0	0.00034	0	0.0561	0	0.0663	0.02064	0	0	0.25439	0.01658	0.00516	0.10976	0	0	0.02093	0.01351	0.01029	0	0.52932	0.03074	0	0	0	0	0.005	0.00405	0	0	0.00484	0	0	0	0	0	0	0.17464	0	0	0	0.14071	0.04382	0.16794	0.00059	0.02666	0	0	0	0	0	0.01311	0.01836	0.01046	0	0	0	0	0.00297	0	0	0	0	0.09022	0	0	0.0955	0.4526	0	0	0	0	0	0	0	0	0.00215	0.05421	0	0	0.03176	0.0111	0.0334	0.00459	0	0.01277	0	0	0	0	0	0.05606	0.00638	0	0.04733	0.02335	0	0.00856	0.02731	0.00917	0.16998	0	0.00242	0	1.01936	0.1585	0	0	0.01808	0	0	0	0	0	0	0	0	0	0	0	0.06245	0	0	0	0.0035	0.00217	0.08258	0	0	0.01047	0	0	0.0046	0	0	0.00185	0	0	0	0	0	0	0.0318	0.17973	0.00144	0.01401	0	0.00201	0	0	0.02241	0.01083	0	0	0.00106	0.00752	0	0	0	0	0	0	0.01436	0	0	0	0.00631	0	0.02209	0	0	0	0.00521	0	0	0	0	0.00357	0	0.05151	0.00699	0	1.24417	0.0213	0.03762	0.04187	0	0.0024	0.03715	0	0	0	0.04028	0	0	0	0.00853	0	0	0	0	0.00733	0	0	0	0	0	0.01091	0	0	0.06984	0.09299	0	0	0.01742	0	0	0	0	0	0	0.04414	0.01147	0	0	0	0	0	0	0.00295	0	0.02352	0	0	0.08793	0.07688	0.11067	0	0	0	0	0	0	0	0	0	0.00146	0.05772	0.00967	0	0	0	0	0	0.08169	0.11412	0	0.03533	0.16521	0.04609	0	0.05309	0	0	0	0	0	0	0.0187	0.02116	0.18044	0	0	0	0	0	0	0	0	0	0	0	0.06502	0	0	0	0.02348	0.01022	0.01271	0	0.16746	0	0	0	0.08306	0	0	0.10806	0	0.01947	0	0.09601	0	0	0.00302	0	0	0.00769	0	0.01913	0.03294	0	0.17746	0.00302	0	0.03158	0.07022	0.02397	0	0	0	0	0	0	0	0	0	0	0	0	0	0.25211	0	0	0	0.00369	0	0.00742	0	0	0	0.02317	0.11246	0	0	0	0	0	0	0	0	0	0	0	0	0.00651	0	0	0	0	0	0.00971	0	0	0	0.11208	0.00571	0	0	0	0	0.00986	0	0	0	0	0	0	0.08783	0	0	0	0	0.27617	0	0	0.12587	0	0	0	0	0	0.00619	0	0	0	0	0.03957	0	0	0	0	0	0	0.11663	0	0
"Roseburia_intestinalis"	0	0	0.81713	0	0.6725	0	0	0	0.03102	0	0	0	0	0.00905	0.03863	0.05189	0	0	0.01384	0.83098	0	0	0	1.47586	0.31957	0	0.01835	0	0	0	0.61931	0	4.16793	0	0.00563	0.04599	1.36749	0	1.07333	0.26518	0.16364	0	0	0.0061	15.60418	0	0	2.2022	0	0	0	0.19503	0.9773	0.06072	0	0	0	0	0	0	0	0	0	2.04488	0.21104	0.02674	0.37311	0	0	0.02027	0	0.04852	0	0.89823	0.07986	0.67127	0.38058	0	0	0	0	0	0	0	0	1.44416	0	0	0.00224	0	0	0	3.6028	0	2.04616	0	0	0	0.03191	0	0	0.02137	0.09344	0.02701	0	0	0.33907	0	0	0	0	0.02485	0	0	0	0	0	0	1.24843	0	0.0899	0	0	0	0	0	0	0	0	0	0	3.3542	0	0	0	0	0	0	0	0	0	0.40978	0	2.85023	0	0	2.65128	0	0	0.19912	0	1.16793	0	0	0	0	0	0	0.02098	0	0.34989	0	0	0	0	0	0	0	0.79078	0.71426	0	0	0	0.35977	0.01078	0.33436	0.10457	0	1.35066	0	0	0	0	2.68297	0.01435	0	0.00447	1.11927	0	0	0.01148	0	0.04457	0	0.00278	0.11919	0	0	0	0	0	0	0	0	0	2.22708	0.11389	0.40255	0	1.29467	0	0	0.48647	0	0.06858	0.44615	0.97617	0	0	0.16445	0	0	0	0.00154	0	0	0	0	0	0.74297	3.87371	0	0.40228	0	0	0.05215	0	0	0.06661	0	0	0.01301	2.17285	0	0	1.9409	0	0	0.0073	0	0	0	0	0.01174	0	0	0.00915	0.17256	0.02627	0	0	0	0	0	0.41359	0.02959	0	0	0.93472	0	0	0	0	0.09519	0	0	0	0	0	0.7402	0	0.01547	0	0	0.01251	0	0.27697	4.96007	0	0	0.05312	0.49246	0	0.06445	1.16055	0	0	0	0.03423	0	0	0	0	0.11351	0	0.00075	1.25221	0.04528	0	0.06466	0.30395	1.16509	0	0	0.3318	0	2.55397	3.92663	0.0531	2.63433	0	1.3517	0.87716	0.05977	0	0	0	0	0.00378	0	0	0	0	0.69255	0	0.73703	0	0	0	0	2.02325	0	0	0.14379	0.26823	3.68653	0.02132	0	0.02461	0	0	0	0	0.00424	0	0	0	7.48861	0.15299	0	0.01926	0	0	0	0.04492	0	0.04514	0	0	0	0	0	0.0543	0	0	0	0.01273	0.01137	0	0.03341	0	0	0	0.66889	0.04421	0	0.00722	0	2.47208	4.88014	0	0	0	0	0	0.01117	0	0	0	0	0.57042	0	0	0	0	0	0.2518	0	0	0	0	0	0	0	0	0	0.87395	0	1.95969	0.01594	0	0	0	0	0	0	0	0	0.85727
"Lachnoclostridium_sp_An118"	0	0	0	0	0	0	0.29249	0	0	0	0	0	0	0	0.00398	0	0	0	0	0	0	0	0	0	0	0	0	0	0	0	0	0	0	0	0	0	0	0	0.0017	0.00182	0.00136	0	0	0	0	0	0	0	0	0	0	0	0	0	0.00197	0	0	0	0	0	0	0	0	0	0	0.01854	0	0.08041	0	0	0.91474	0	0	0	0.00989	0.00384	0	0	0	0	0	0.01034	0	0	0	0.01773	0	0	0.01223	0.04328	0	0	0	0	0	0	0	0	0	0	0	0	0	0	0	0	0	0.0176	0	0	0	0	0	0	0.03137	0	0	0.02095	0	0.00519	0.00607	0	0	0	0	0	0	0	0	0	0	0	0	0	0	0	0	0	0	0	0	0	0	0	0	0	0	0	0	0	0	0	0	0	0	0	0	0	0	0	0	0	0.00164	0	0	0	0.00698	0	0	0	0	0	0	0	0	0	0	0	0	0	0	0	0	0	0	0	0	0	0	0	0	0.02034	0	0	0	0	0	0	0	0	0	0	0	0	0	0	0	0.00836	0	0.01224	0	0	0	0	0	0	0	0	0	0	0	0	0	0.01752	0	0	0	0	0	0.00379	0	0	0	0	0	0.00333	0	0.1041	0	0	0	0	0	0	0	0	0	0	0	0	0	0	0	0	0	0	0	0	0	0	0.00187	0	0	0	0	0	0	0	0	0	0	0	0	0	0	0	0	0	0	0	0.02174	0	0	0.00289	0	0	0	0	0	0.02639	0	0	0	0	0	0	0	0	0	0	0	0	0	0	0	0	0	0	0	0	0.15319	0	0	0	0	0	0	0	0	0	0	0	0	0	0	0	0.01704	0	0.02979	0	0.15386	0	0.01204	0	0	0	0	0	0.00244	0	0	0	0	0	0	0	0	0	0	0	0	0	0	0	0	0	0	0	0	0	0	0	0	0	0	0	0	0	0	0	0	0	0	0	0	0	0	0	0	0	0	0	0	0	0	0	0.01383	0.00299	0	0	0	0	0	0	0	0	0	0	0	0	0	0	0	0	0	0.01137	0	0	0	0	0	0	0	0	0	0	0	0	0	0	0	0	0	0.04092	0	0	0	0	0
"Fenollaria_massiliensis"	0	0	0	0	0	0	0	0	0	0	0	0	0.00097	0	0	0	0	0	0	0	0	0	0	0	0	0	0	0	0	0	0	0	0	0	0	0	0	0	0.00345	0.00336	0.01933	0	0.02657	0	0	0	0	0	0	0	0	0.11358	0	0	0	0.00377	0	0	0	0	0.03105	0	0	0.01987	0	0.00378	0	0	0	0	0	0	0	0	0.03034	0.00015	0	0	0	0	0	0	0	0	0	0	0	0	0.00269	0.0032	0	0	0	0	0	0	0	0	0	0	0	0.00177	0	0.0142	0	0	0	0	0	0	0	0	0	0	0	0	0	0	0	0	0	0	0	0	0	0	0.00452	0	0	0	0	0	0	0	0.01097	0.00407	0	0	0	0.00203	0	0.00059	0	0	0.01361	0	0	0	0	0	0.00993	0	0	0	0	0	0.05964	0	0	0	0	0	0	0	0	0	0	0	0	0	0	0	0	0	0	0	0	0	0	0	0	0.02729	0	0	0.00149	0	0	0	0	0	0	0	0	0.00964	0	0	0	0	0	0	0	0	0	0	0	0.00246	0	0	0	0	0	0	0	0.00028	0	0	0	0	0	0	0	0	0.04359	0	0.06135	0	0	0.03943	0	0.00256	0	0	0	0	0	0	0	0.07419	0.02224	0	0	0	0	0	0	0	0	0	0	0	0	0	0	0	0	0.05737	0	0	0.04801	0	0	0	0	0	0.08566	0	0	0	0	0	0	0	0	0	0	0	0	0	0	0	0.01201	0	0	0	0	0	0	0	0	0	0	0	0	0	0	0	0	0	0	0	0	0	0	0	0	0	0	0	0	0	0	0	0	0	0	0	0	0	0	0.00939	0	0	0	0	0	0	0	0	0	0	0	0	0	0	0	0	0	0	0	0	0	0	0	0	0	0	0.00839	0	0	0	0	0	0	0	0	0	0	0	0	0	0	0	0	0	0	0.01546	0	0	0	0	0	0	0	0	0	0	0	0	0	0	0	0	0	0.01316	0	0	0	0	0	0	0	0	0.00573	0	0	0	0	0	0	0	0.01739	0	0	0	0	0	0	0	0.05138	0	0	0	0	0	0	0	0	0	0	0	0	0	0	0.00042	0	0	0	0	0
"Christensenellaceae_bacterium_NSJ_44"	0	0	0	0	0	0	0.00393	0	0	0	0	0	0	0	0	0	0	0	0	0	0	0	0	0	0.00242	0	0	0	0	0	0	0	0	0	0	0.00045	0	0	0	0.00042	0.00166	0	0	0	0	0	0	0	0	0.00359	0	0	0.00243	0	0	0	0	0	0	0.04165	0	0	0	0	0	0	0	0	0	0	0	0	0	7e-04	0.00153	0	0	0	0	0	0	0	0	0	0	0	0	0	0	0.00445	0	0	0	0	0	0	0	0	0	0.00467	0	0	0	0	0	0	0	0	0	0	0	0	0	0	0	0	0.00078	0	0	0	0	0	0	0	0	0	0	0	0	0	0	0	0	0	0	0	0	0	0	0	0	0	0.01042	0	0	0	0	0	0.0049	0	0	0	0	0	0	0	0	0	0	0	0	0	0	0	0	0	0.00426	0	0	0	0	0	0	0	0	0	0	0	0	0	0	0	0	0	0	0	0.00347	0	0	0	0.00783	0	0	0	0	0	0	0	0	0	0	0	0.00893	0	0	0	0	0	0	0	0	0	0	0	0	0	0	0	0	0	0	0	0	0	0	0	0	0	0	0.00086	0	0	0	0	0	0	0.00045	0	0	0	0	0	0	0.02164	0.02139	0	0	0	0	0	0	0	0	0	0	0	0	0.01325	0.00592	0	0	0	0	0	0	0	0	0.02034	0	0.01348	0	0	0	0	0	0	0	0	0	0	0.01684	0	0	0	0	0	0	0	0	0	0	0	0.02073	0	0	0.00089	0	0	0	0	0	0	0	0	0	0	0	0	0	0	0.00494	0	0.01185	0	0	0	0	0	0	0	0	0	0	0	0	0	0	0	0	0	0	0.00206	0	0	0.00151	0	0	0	0	0.02789	0	0	0	0	0	0	0	0	0	0	0	0	0	0	0	0	0	0	0	0	0	0	0	0	0	0	0.01912	0	0	0	0	0	0	0	0	0	0	0	0	0	0	0	0	0	0	0	0	0	0	0	0	0	0	0	0	0	0	0	0	0	0	0	0	0	0	0	0	0	0.0068	0	0	0	0	0	0.00565	0	0	0	0	0	0	0	0	0	0	0	0	0	0
"GGB9781_SGB66170"	0	0	0	0	0	0	0.15242	0.0099	0	0	0	0	0	0	0	0	0	0	0	0	0	0	0	0	0.01219	0	0.00724	0	0	0	0	0	0	0	0	0	0	0	0	0.00074	0	0	0	0	0	0	0	0	0.00998	0	0	0	0.0134	0	0	0	0	0	0	0	0	0	0	0	0.00113	0	0	0	0	0	0	0	0	0	0	0	0	0	0	0	0.02826	0	0	0	0	0	0	0	0.00849	0	0	0	0	0	0	0	0	0	0	0	0	0	0	0	0	0	0	0	0	0	0	0	0	0	0	0	0	0	0	0	0.0107	0	0	0	0	0	0.01594	0	0	0	0	0	0	0	0	0	0	0	0	0	0	0	0	0	0	0	0	0	0	0	0	0	0	0	0	0	0	0	0	0	0	0	0	0	0	0	0	0	0	0	0	0	0	0	0	0	0	0	0	0	0	0	0	0	0	0	0	0	0	0	0.00904	0	0	0	0	0	0	0	0	0	0	0	0	0	0	0.00501	0	0	0	0	0.01107	0	0	0	0	0	0	0	0	0	0	0	0	0	0	0	0	0	0	0.0149	0	0	0	0	0	0	0.01266	0	0	0	0	0	0	0	0.00273	0	0	0	0	0	0	0	0	0	0	0	0	0.00229	0	0	0	0	0	0	0	0	0	0	0	0	0	0	0	0	0	0	0	0	0	0	0.02916	0	0	0	0	0	0	0	0	0	0	0	0.02575	0	0	0	0	0	0	0	0	0	0	0	0	0	0	0	0	0	0	0	0	0	0	0	0	0	0	0	0	0	0	0	0	0	0	0	0	0	0	0	0	0	0	0	0	0	0	0	0	0	0	0	0	0	0	0	0	0	0	0	0	0	0	0	0	0	0	0	0	0	0	0	0	0	0	0	0	0	0	0	0	0	0	0	0	0	0	0	0	0	0	0.00127	0	0	0	0	0	0	0	0	0	0	0	0	0	0	0	0	0	0	0	0	0	0	0	0	0.01047	0	0	0	0	0	0	0	0	0	0	0	0	0	0	0	0	0	0	0	0
"Methylobacterium_SGB15164"	0	0	0.14598	0	0	0	0.31016	0.18238	0	0	0	0	0	0	0	0	0	0	0.01996	0.01598	0	0	0	0	0.1092	0	0.12883	0	0	0	0	0	0	0	0	0	0	0	0	0.01352	0	0	0	0	0	0	0	0	0.01765	0	0	0	0	0	0	0	0	0	0	0	0	0	0	0	0	0	0	0	0	0	0.03066	0	0	0	0	0	0	0	0	0	0	0	0	0	0	0	0	0	0	0	0	0	0	0	0	0	0	0	0	0	0	0	0	0	0	0	0	0	0	0	0	0	0	0	0	0	0	0	0	0	0.13564	0	0	0	0	0	0	0	0	0	0	0	0	0	0	0	0	0	0	0	0	0	0	0	0	0	0	0	0	0	0	0	0	0	0	0	0	0	0	0.01902	0	0	0	0	0	0	0	0	0	0	0	0	0	0	0	0	0	0	0	0	0	0	0	0	0	0	0	0	0	0	0.35621	0	0	0	0	0	0	0	0	0.53211	0	0.02837	0.00513	0	0	0.1585	0	0	0	0	0.09225	0	0	0	0.1312	0	0	0	0	0	0.09413	0	0	0	0	0	0	0	0	0.12449	0	0	0	0.01299	0	0	0	0	0	0	0	0	0	0	0	0	0.10344	0	0	0	0	0	0	0.10552	0	0	0	0	0	0	0.24707	0	0	0	0	0	0	0	0	0	0	0	0.00746	0	0	0	0	0	0	0.01654	0	0	0	0	0	0	0	0	0	0	0	0	0	0	0	0	0	0	0	0	0	0	0	0	0	0	0	0	0.01656	0	0	0	0	0	0	0	0.00317	0	0	0	0	0	0	0.04634	0	0	0	0	0	0	0	0	0	0	0	0.02532	0	0.05885	0	0	0	0	0	0	0	0	0	0	0	0	0	0	0	0	0	0	0	0	0	0	0	0	0	0	0	0	0	0	0	0	0	0	0	0	0	0	0	0	0	0	0	0	0	0.01201	0	0	0	0	0	0	0	0	0	0	0	0	0	0	0	0	0	0	0	0	0	0	0.1142	0	0	0	0	0	0	0	0	0	0	0	0.07863	0	0	0	0	0	0	0	0	0	0
"Candidatus_Pararuminococcus_gallinarum"	0	0	0.00356	0.01185	0.00408	0	0.01149	0.00638	0	0	0	0	0.00279	0	0	0	0	0	0	0	0	0	0	0	0.00112	0	0.00209	0	0	0.0018	0	0.00051	0	0.01134	0	0.0021	0	0	0.00634	0.00179	0.00406	0	0	0	0	0	0	0	0.00481	0.00554	0.00745	0	0	0.00298	0	0	0	0	0	0	0.02048	0	0	0.00646	0.00431	0.01184	0.00743	0	0	0	0.04043	0	0	0.00126	0.00603	0.00459	0	0	0	0	0.00139	0	0	0	0	0.01074	0	0	0.00932	0.00503	0	0	0	0	0	0	0	0	0.00216	0.00475	0.00221	0	0	0	0	0.00473	0	0	0	0	0	0	0	0	0	0	0	0	0	0	0.01292	0.00399	0	0	0.00491	0.00062	0.02014	0.01985	0	0.0047	0	0	0	0	0.00047	0	0.00481	0	0	0	0	0.00036	0	0	0.00329	0	0	0.00259	0.02194	0	0	0	0	0	0	0	0	0.00286	0.00029	0	0	0	0	0	0	0	0.00572	0.0081	0.00301	0.00708	0	0	0	0.01016	0	0	0	0	0.00085	0.00289	0	0	0	0	0	0	0	0	0	0	0.01076	0	0	0	0	0	0	0	0	0	0	0.00509	0.00994	0	0	0.00704	0.00696	0.00198	0	0	0.00596	0	0	0	0.04497	0.00935	0	0	0.00068	0	0	0	0	0.00425	0	0	0	0	0	0.00321	0	0	0	0.01245	0	0.00138	0.01529	0.0048	0	0	0	0	0	0.00157	0.00047	0	0	0	0	0	0	0.00021	0	0.00222	0	0	0.01473	0	0	0	0	0	0.01073	0	0	0	0	0	0	0.01259	0.00335	0	0	0	0.00047	0	0	0.01499	0	0.00716	0.02743	0.00876	0.00124	0.00545	0	0	0	0	0	0	0	0	0.03524	0	0	0.00458	0	0	0	0	0	0	0	0	0	0	0	0	0	0.00381	0.00565	0	0.05083	0	0	0	0	0	0	0.00882	0	0	0	0.00357	0	0	0.00368	0	0.02102	0	0	0	0.00337	0.00327	0.00487	0.01461	0	0.00253	0.01089	0.00877	0	0	0	0.00494	0	0	0	0	0	0.00158	0	0.00312	0	0.00202	0	0	0	0.00208	0	0.00346	0	0	0	0.01296	0.00511	0.01223	0.00687	0	0	0	0	0	0.00934	0	0.00305	0	0.00487	0.01967	0	0	0	0	0	0.00742	0	0.00729	0	0.00301	0.0025	0	0	0	0	0	0	0	0.0032	0	0	0	0.00444	0	0	0	0	0	0.0223	0	0.01893	0.00473	0	0	0	0	0.00777	0	0.00312	0	0	0.01737	0	0	0	0	0	0	0	0	0
"Candidatus_Paralachnospira_caecorum"	0	0	0	0	0	0	0	0	0	0	0	0	0	0	0	0	0	0	0	0	0	0	0	0	0	0	0.00338	0	0	0	0	0.00038	0	0	0	0.00884	0	0	0.00127	0	0	0	0	0	0	0	0	0	0	0	0	0	0	0	0	0	0	0	0	0.00071	0	0	0	5e-05	0	0	0	0	0	0	0	0	0	0	0	0.00034	0	0	0	0	0	0	0	0	0	0	0	0	0	0	0	0	0	0	0	0	0	0	0	0	0	0	0	0	0	0	0	0	0	0	0	0	0	0	0	0	0	0	0	0	0	0	0.00186	0	0	0	0	0	0	0	0	0	0	0	0	0	0	0	0	0	0	0	0	0	0	0	0	0	0.00539	0	0	0	0	0	0	0	0	0	0	0	0	0	0	0	0	0	0	0	0	0.00012	0	0	0	0	0	0	0	0	0	0	0	0	0	0	0	0	0	0	0	0	0	0	0	0	0	0	0	0	0	0	0	0	0	0	0	0	0	0	0	0	0.00394	0	0	0	0	0	0	0	0	0.00354	0	0	0	0	0	0	0	0	0	0	0	0	0	0	0	0	0.00225	0	0	0	0	0	0	0	0	0	0	0	0	0	0	0	0	0	0	0	0	0	0	0	0	0	0.00312	0	0	0	0	0	0	0	0	0	0	0	0	0	0	0	0	0	0	0	0	0	0	0	0	0	0	0	0	0	0	0	0	0	0	0	0	0	0	0	0	0	0	0	0	0	0	0.00735	0.00053	0	0	0	0	0	0	0	0	0	0	0	0	0	0	0	0	0	0	0	0	0	0	0	0	0.00077	0	0.00055	0	0	0	0	0	0	0	0	0	0	0	0	0	0	0	0	0	0	0	0	0	0	0	0	0	0	0	0	0	0	0	0	0	0	0	0	0	0	0	0	0	0	0	0	0	0	0	0	0	0	0	0	0	0	0	0	0	0	0	0	0	0	0	0	0	0	0	0	0	0	0	0	0	0	0	0	0	0	0	0	0	0	0	0	0	0	0	0	0	0	0
"Candidatus_Allochristensenella_caecavium"	0	0	0.00635	0	0	0	0.01076	0.00247	0	0	0	0	0.01536	0	0	0	0	0	0	0	0	0	0.00405	0	0.0025	0	0.01541	0	0	0	0	0.00323	0.00749	0.00425	0	0.00653	0	0	0.00237	0.00192	8e-04	0	0	0	0	0	0	0.01003	0.00506	0.01005	0.00239	0	0.00559	0	0	0.00097	0	0	0	0	0	0	0	0	0.00291	0.00393	0.01187	0	0	0	0	0.01171	0	0.00013	0.00192	4e-04	0	0	0	0	0.00047	0.00083	0	0	0	0	0	0	0.0143	0.0085	0	0	0	0	0	0	0	0	0	0.00091	0	0.01962	0.00822	0	0	0.00163	0	0	0	0	0.0245	0	0	0.00556	0	0	0	0.0315	0	0	0.00504	0	0	0	0.00288	0	0.00735	0	0	0.00564	0.00398	0	0	0	0.0098	0	0	0	0	0	0	0.02289	0.00617	0	0	0	0	0	0.00366	0	0	0	0	0	0	0	0	0.0027	0.00778	0	0	0	0	0.00045	0.01145	0	0	0.00279	0	0.00459	0	0	0.02409	0.00338	0	0	0	0	0	0	0	0	0	0	0.00298	0	5e-04	0	0.00075	0	0.00464	0	0	0	0.01405	0.00163	0	0	0	0	0	0.00083	0.00752	0.00266	0.00964	0.01434	0	0.00299	0	0.00439	0.00424	0	0	0.00358	0.00421	0.00024	0	0	0	0	0	0.00417	0	0	0.00774	0	0	0	0	0	0	0	0	0.01096	0	0	0.00241	0.01209	0	0	0	0.00536	0	0.00539	0	0	0.00281	0	0	0	0	0	0	0.009	0.01258	0	0.0056	0.00351	0.06255	0	0.00046	0.00256	0.00475	0	0	0	0	0	0	0.03428	0.00711	0.00288	0	0	0	0.00616	0	0.02114	0	0.00599	0.00603	0.00482	0	0.00425	0	0	0	0	0	0	0	0	0	0	0	0	0	0	0	0	0	0	0	0	0	0	0	0.0071	0	0.01435	0.00689	0	0.01973	0	0	0	0.00409	0	0	0.00873	0	0	0	0.00268	0	0	0.01733	0	0	0	0	0	0	0.00078	0.00263	0	0	0.00185	0.01444	0.00781	0	0	0	0	0	0	0	0	0.00129	0.00134	0	0	0	0	0	0	0	0	0.0056	0	0	0	0	0	0	0.04872	0.00309	0	0	0	0	0	0	0	0	0	0.00264	0	0	0	0	0	0	0.0029	0	0	0.00027	0	0.00232	0	0.00526	0	0	0.00657	0	0.02381	0	0	0	0	0.00941	0	0	0	0	0	0.00243	0	0.00724	0	0	0	0.00432	0.00315	0.01075	0	0	0	0	0	0	0	0.00213	0	0	0	0	0	0
"Anaerotruncus_rubiinfantis"	0	0	0.00354	0	0	0	0.01343	0.00627	0	0	0	0	0	0	0	0	0	0	0	0	0	0	0	0	0.0047	0	0.00888	0	0	0.00052	0	0	0	0	0	0.00894	0	0	0	0.002	0.00012	0	0	0	0	0	0	0	0.00893	0.01195	0	0	0.00228	0	0	0.00056	0	0	0	0	0	0	0	0	0.00669	0.00273	0	0	0	0	0	0	0	0	0.00012	0.0014	0	0	0	0	0.00756	0	0	0	0	0	0	0	0.01799	0	0	0	0	0	0	0	0	0	0	0	0	0	0	0	0	0	0	0	0	0	0	0	0	0	0	0	0	0	0	0	0.01252	0	0	0	0	0	0.01736	0	0	0.00597	0	0	0	0	0	0	0	0	0	0	0	0	0	0	0	0	0	0	0.00401	0	0	0	0	0	0	0	0	0.00051	0	0	0	0	0	0.00031	0	0	0	0	0	6e-05	0	0	0	0	0	0	0	0	0	0	0	0	0	0	0	0	0	0	0	0	0.0196	0	0	0	0	0	0	0	0	0	0	0	0.0114	0	0	0.00628	0	0	0	0	0.00356	0	0	0	0.00908	0	0	0	0	0	0	0	0	0.0012	0	0	0	0	0	0.009	0	0	0.00061	0.00985	0	0	0.02171	0	0	0	0	0	0	0.01214	0.00366	0	0	0	0	0	0	0.00245	0	0.00131	0	0	0.00748	0	0	0	0	0	0	0	0	0	0	0	0	0	0	0	0	0	0	0	0	0.00781	0	0.0018	0	0	0	0	0	0	0	0	0	0	0	0	0	0	0	0	0	0	0	0	0	0	0	0	0	0	0	0.00109	0	0	0.00638	0	0.02818	0	0	0	0	0	0	0.00015	0	0	0	0.00443	0	0	0	0	0	0	0	0.01032	0	0	0.00758	0	0	0.00278	0	0.01001	0	0	0	0	0	0	0	0	0	0	0	0	0	0	0	0	0	0	0	0.00093	0	0.00049	0	0	0	0.01232	0.00585	0	0	0	0	0	0	0	0	0	0	0.00228	0	0	0	0	0	0.00829	0	0	0	0	0	0	0	0	0	0	0	0.00153	0	0	0	0	0	0	0	0	0	0	0	0	0.00406	0	0	0	0	0	0	0	0	0	0	0	0	0	0	0	0	0	0	0	0
"GGB3034_SGB4030"	0	0	0	0	0	0	0	0.01353	0	0	0	0	0	0	0	0	0	0	0	0	0	0	0	0	0	0	0.00657	0	0	0.00471	0	0	0.00547	0	0	0	0	0	0.00072	0.02999	0.00383	0	0	0	0	0	0	0.00988	0	0	0	0	0.02862	0	0	0	0	0	0	0	0	0	0	0	0	0.02554	0.01595	0	0	0	0.00295	0.01028	0	0.00205	0	0.00473	0	0.01817	0	0	0	0.22195	0.02866	0	0	0.00432	0	0	0.02382	0.00244	0	0	0	0	0	0.03064	0	0	0	0.01315	0	0	0	0	0	0	0	0	0	0	0	0.00048	0	0.00994	0	0	0	0	0	0	0.00337	0	0.00055	0	0	0.00532	0	0	0	0	0	0	0	0	0	0	0	0	0	0	0	0	0	0	0	0	0	0	0.0225	0	0	0	0	0	0	0	0	0.00796	0	0	0	0	0	0	0	0	0	0	0	0.00826	0.03584	0	0	0.00537	0	0	0	0	0	0	0	0	0	0	0	0	0	0	0	0	0.0072	0.00419	0	0	0	0	0	0	0	0	0	0	0.00505	0	0	0.00844	0.00419	0	0	0	0.0016	0	0	0	0.19883	0	0	0	0	0	0	0	0	0	0	0	0	0	0.00659	0	0	0	0	0	0.00273	0.01571	0	0.04884	0	0	0	0.1298	0	0.0076	0	0	0	0	0	0	0	0	0	0	0	0	0	0	0	0	0	0	0.05328	0	0	0	0	0	0	0	0	0	0	0	0	0	0	0	0	0	0.00236	0	0	0.00465	0	0	0	0	0	0	0	0.01192	0	0	0	0	0	0	0	0	0	0	0	0	0	0	0	0	0	0	0	0	0	0	0	0	0	0	0	0.00429	0	0.00141	0.02126	0	0	0	0	0	0	0	0	0	0.00101	0	0	0	0	0	0	0	0	0	0	0	0	0	0.00123	0	0	0	0	0	0	0	0	0.01766	0	0.00376	0	0	0	0.11559	0	0	0	0	0.00775	0	0	0	0.06113	0	0.01648	0	0	0	0	0	0	0	0	0	0	0	0	0	0	0	0	0	0.00536	0	0	0	0	0	0	0	0	0	0	0	0	0	0	0.03693	0.07775	0	0.01624	0	0	0	0	0	0	0	0	0	0	0	0	0	0	0	0	0	0	0	0
"Clostridium_sp_Marseille_P3244"	0	0	0	0	0	0	0.0056	0	0	0	0	0	0	0	0	0	0	0	0	0	0	0	0	0	0.00144	0	0.00535	0	0	0	0	0	0	0	0	0	0	0	0.00038	0.00028	1e-04	0	0	0	0	0	0	0	0.00184	0.00036	0	0	0.00268	0	0	0	0	0	0	0	0	0	0	0	0.00059	0.00151	0.00453	0	0	0	0	0	0	2e-05	0.00069	0.00077	0	0	0	0	0	0	0	0	0	0	0	0	0.01027	0.00072	0	0	0	0	0	0	0	0	0	0	0	0	0.00489	0	0	0	0	0	0	0	0	0	0	0	0	0	0	0.00697	0	0	0.00089	0	0	0	0	0	0.00013	0	0	0	0	0	0	0	0	0	0	0	0	0	0	0	0	0	0	0	0	0	0.00679	0	0	0	0	0	0	0	0	0	0	0.00133	0.00061	0	0	0	0	0.00437	0	0	0	0.00227	0	0	0	0	0	0	0	0.00123	0	0	0	0	0	0	0	0	0	0	0	0	0.0017	0	0	0	0	0	0	0	0	0	0	0	0.00706	0	0	0.00161	0	0	0	0	0.01854	0	0	0	0.00325	0	0	0	0	0	0	0	0	0	0	0	0	0	0	0	0	0	0	0.00097	0.01059	4e-04	0.00177	0.0094	0	0	0.00038	0	0	0.00162	0.00029	0	0	0	0	0	0	0.07859	0	0	0	0	0.00239	0.00216	0	0	0.00019	0	0.00993	0	0.00034	0	0	0	0	0	0.00206	0	0	0	0	0	0	0	0	0.00112	0.00095	0	0	0.00128	0	0	0	0	0	0	0	0.00183	0.00689	0	0	0.00642	0	0	0	0	0	0	0	0	0	0	0	0.0018	0	0.00204	0.00106	0	0.02639	0	0	0	0	0	0	0.00193	0	0	0	0	0	0	0	0	0	0	0	0	0.00159	0	0.00752	0.00218	0	0	0	0.02117	0	0	0	0	0	0	0	0	0	0	0	0	0	0	0	0	0	0	0	0	0	0	0	0.00233	0	0	0.00655	0	0	0	0	0	0	0	0	0	0	0	0	0	0	0	0	0	0	0	0	0	0.00017	0	0	0	0	0	0	0	0	0	0	0	0.00066	0	0	0	0	0.00269	0	0	0.002	0	0	0	0	0	0	0	0.00177	0	0	0.0027	0	0	0	0	0	0	0	0	0
"Streptococcus_SGB14888"	0	0	0	0	0	0	0.04599	0.00881	0	0	0	0	0.03583	0	0	0	0	0	0.00542	0	0	0	0.00813	0.0091	0	0	0.0106	0	0	0	0	0	0	0	0	0	0	0	0.01648	0.00202	0.00422	0	0	0	0	0	0	0	0.00653	0.00277	0	0	0	0	0	0	0	0	0	0	0	0	0	0.00208	0	0	0	0	0	0	0.00719	0	0	0	0.00336	0.0012	0	0	0	0	0	0	0	0	0	0	0	0	0	0	0	0	0	0	0	0	0	0.00666	0.00282	0	0	0.0373	0.03961	0	0	0	0	0	0	0	0.05734	0	0	0	0.00135	0	0	0	0	0	0	0	0	0.008	0	0	0	0	0	0	0	0	0	0	0	0	0	0	0	0	0	0	0.00472	0	0	0	0	0	0	0	0	0	0	0	0	0	0.01219	0.00378	0	0	0	0	0	0	0	0	0	0	0	0	0	0	0	0	0	0	0	0	0	0	0	0	0	0	0.00682	0	0	0	0	0	0.00387	0	0	0.00314	0	0	0	0	0	0.00756	0	0	0.00098	0	0	0	0.01707	0	0	0	0.00201	0	0	0.0162	0.02644	0.02697	0	0.003	0	0.01054	0	0	0	0	0	0.01546	0	0	0	0.00231	0	0	0	0	0	0.00454	0	0	0	0	0	0	0	0.00392	0.00357	0	0	0	0	0	0	0	0	0	0	0	0	0.00532	0	0	0	0.03406	0	0	0	0	0.0039	0	0	0.00126	0	0	0	0	0	0	0	0	0	0	0	0	0	0	0	0	0	0	0	0	0.03991	0	0.03017	0	0	0.00634	0	0	0	0	0	0	0	0	0	0	0	0.01956	0	0.0181	0	0	0	0	0	0	0.00323	0	0	0	0	0	0	0	0	0	0.01094	0.01279	0	0	0	0	0	0	0.01038	0	0	0	0	0.02148	0	0	0	0	0	0	0	0	0	0	0	0	0	0	0	0	0	0	0.00336	0	0	0	0	0	0	0	0	0	0	0	0.01288	0	0	0.0171	0	0	0	0	0	0	0	0	0	0.0055	0	0	0	0	0.00343	0	0	0	0	0	0	0	0	0	0	0	0	0	0	0	0	0	0.00521	0	0	0	0	0	0	0	0	0	0.00417	0	0	0.01193	0	0	0	0	0	0	0	0	0
"Angelakisella_massiliensis"	0	0	0	0	0	0	0.01098	0	0	0	0	0	0	0	0	0	0	0	0	0	0	0	0	0	0.01442	0	0.00419	0	0	0	0	0	0	0	0.0026	0	0	0	0.00024	0.00021	8e-05	0	0	0	0	0	0	0	0	0	0	0	0.00111	0	0	0	0	0	0	0.00512	0	0	0	0	0	0.00692	0.00218	0	0	0	0	0	0	0	0.00054	0.00369	0	0	0	0	9e-04	0	0	0	0	0	0	0	0.00539	0	0	0	0	0	0	0	0	0	0	0	0	0	0	0	0	0	0	0	0	0	0	0	0	0	0	0	0	0	0	0	0.04112	0	0	0	0	0	0.00654	0	0	0.00079	0	0	0	0	0	0	0	0	0	0	0	0	0	0	0	0	0	0	0.00975	0	0	0	0	0	0	0	0	0	0	0	0	0	0	0	0	0	0	0	0	6e-05	0	0	0	0	0	0	0	0	0	0	0	0	0	0	0	0	0	0	0	0	0	0	0	0	0	0	0	0	0	0	0	0.02143	0.00214	0	0	0	0	0	0	0	0	0	0	0	0.02367	0	0	0	0	0	0	0	0	0	0	0	0	0	0	0.01393	0	0	0	0	0	0	0	0	0	0	0	0	0	0.0389	0.0014	0	0	0	0	0	0	0	0	0	0	0	0.03036	0	0	0	0.05259	0	0	0	0	0	0	0	0	0	0	0	0	0	0	0	0	0.00933	0	0.00196	0	0	0	0	0	0	0	0	0	0	0	0	0.02084	0	0	0.00412	0	0	0	0	0	0	0	0	0	0	0	0	0	0	0.01871	0	0.00462	0	0	0	0	0	0	0	0	0	0	0.00293	0	0.01105	0	0	0.00861	0	0	0	0	0	0	0.00129	0	0.00356	0	0	0	0	0	0	0	0	0	0	0	0	0	0	0	0	0	0	0	0	0	0.02184	0	0	0	0	0	0	0.00331	0	0	0	0	0	0	0	0	0	0.0031	0	0	0	0	0	0	0.00747	0	0	0	0.00192	0	0	0	0	0	0	0	0	0	0	0	0	0	0	0	0	0	0	0.00012	0	0.02331	0	0	0	0	0	0	0	0.00269	0	0	0	0	0	0	0	0	0	0	0	0
"Streptococcus_mutans"	0	0	0	0	0	0	0	0	0	0	0	0	0	0	0	0	0	0	0	0	0	0	0	0.00097	0	0	0	0	0	0	0	0	0	0	0	0	0.00114	0	0.00334	0	0.00311	0	0	0	0	0	0	0	0	0	0	0	0	0	0	3e-04	0.00506	0	0	0	0	0	0	0	0	0	0.00543	0	0	0	0	0	0.0159	0.00299	0.00491	0.01019	0	0	0	0.00315	0	0	0	0	0	0	0	0	0	0	0	0	0	0	0	0	0	0	0	0	0	0	0	0	0	0	0.01707	0	0	0	0	0	0	0	0	0	0	0	0	0	0	0	0.00386	0	0	0	0	0	0	0	0	0	0	0	0	0.03082	0.02589	0	0	0	0	0	0	0	0	0.09534	0	0	0	0	0	0.01309	0	0	0	0	0	0	0	0	0	0	0	0.00177	0.01648	0.0241	0	0.01591	0	0	0	0	0	0	0	0	0	0	0	0	0	0	0	0	0	0	0.00203	0	0	0	0.00237	0.01402	0.03928	0	0	0.02704	0	0	0	0	0	0	0.00583	0	0	0	0	0	0	0	0.00638	0	0	0	0.00419	0	0	0	0.01576	0	0	0.00658	0.02001	0	0	0	0	0	0	0	0	0	0	0.02689	0.00011	0.011	0	0	0.00054	0.00176	0	0	0	0	0.00244	0	0	0	0	0	0.04141	0	0	0.00288	0	0	0	0.10651	0	0	0	0	0.01069	0.11553	0.00208	0	0.00184	0	0	0	0	0	0	0	0	0	0	0.00093	0	0	0.06775	0	0.00224	0	0	0	0	0	0.00684	0	0	0	0	0	0	0	0	0	0	0	0	0	0	0	0.0043	0	0	0.01904	0	0.02135	0	0	0	0	0	0.00663	0	0	0	0	0	0	0	0	0	0	0.0594	0	0	0	0.15405	0	0	0	0	0	0	0	0.08194	0	0	0	0	0	0.00837	0	0	0	0	0	0	0	0	0	0.01105	0	0	0	0	0	0	0	0	0	0	0	0	0	0	0	0	0	0	0	0	0	0	0	0	0	0	0	0	0	0	0	0	0	0.00013	0	0	0	0	0	0	0	0	0	0	0	0	0	0	0	0	0	0	0	0	0	0	0	0	0	0	0	0	0	0	0	0	0	0	0	0	0	0	0	0
"Ruminococcus_gauvreauii"	0	0	0	0	0	0	0	0	0	0	0	0	0	0	0	0	0	0	0	0	0	0	0	0	0	0	0.00024	0	0	0	0	0	0	0	0	0	0	0	0.00042	8e-05	0	0	0	0	0	0	0	0	0.00064	3e-04	0	0	0	0	0	0	0	0	0	0	0	0	0	9e-05	0	0	0	0	0	0	0	0	0	7e-05	0.00019	0	0	0	0	0	0	0	0	0	0	0	0	0	0	0	0	0	0	0	0	0	0	0	0	0	0	0	0	0.00243	0.00067	0	0	0	0	0	0	0	0	0	0	0.00766	0	0	0.01116	0	0	0	0	0	0	0	0	0	0	0	0	0	0	0	0	0	0	0	0	0	0	0	0	0	0	0	0	0	0	0	0	0	0	0	0	0	0	0	0	0	0	0	0	0	0	0	0	0	0	0	0	0	0.00589	0	0	0	0	0	0	0	0	0	0	0	0	0	0	0	0	0	0	0	0	0	0	0	0	0	0	4e-04	0	0	0	0	0	0	0.01464	0	0	0.00833	0	0	0	0	0	0	0	0	0	0	0	0.01285	0	0	0	0	0	0	0	0	0	0	0	0.01186	0	0	0.00211	0	0	0	0	0	0	0	0	0	0	0	0	0	0	0	0	0	0	0	0	0	0	0	0.00457	0	0	0	0	0	0	0	0	0.00016	0	0	0	0	0	0	0	0	0	0	0	0	0	0	0	0	0	0	0	0	0	0	0	0	0	0	0	0	0	0	0	0	0	0	0	0	0	0	0	0	0	0	0.00349	0	0	0	0	0	0	8e-05	0	0	0	0.00039	0	0	0	0	0	0	0	0	0	0	0	0	0	0	0	0	0	0	0	0	0	0	0	0	0	0	0	0	0	0	0	0	0	0	0	0	0.00409	0.01187	0	0	0	0	0	0	0	0	0	0	0	0	0	0	0	0	0	0	0	0	0	0	0	0	0	0	0	0	0	0	0	0	0	0	0	0	0	0	0	0	0	0	0	0	0	0	0	0	0	0	0	0	0	0	0	0	0	0	0	0	0	0	0	0	0	0	0
"GGB3653_SGB4964"	0	0	0	0	0	0	0.0027	0	0	0	0	0	0	0	0	0	0	0	0	0	0	0	0	0	0	0	0	0	0	0.00164	0	0	0	0.01365	0	0	0	0	0	0.00574	0.00816	0	0	0	0	0	0	0	0.04643	0	0	0	0	0	0	0	0	0	0	0	0	0	0	0	0.00402	0	0	0	0	0	0	0	0	0.00445	0.00416	0.00406	0	0	0	0	0	0	0	0	0	0	0	0	0.02708	0.02371	0	0	0	0.04099	0	0	0	0	0	0	0	0	0.0071	0	0	0	0.03938	0	0	0	0	0	0	0	0	0	0	0	0	0	0	0	0	0	0	0.00332	0	0.00515	0	0	0	0	0	0	0	0	0	0	0	0	0	0	0	0	0	0	0	0	0.04924	0	0	0	0	0	0	0	0	0	0	0	0	0	0	0.01055	0	0	0	0	0	0.63904	0	0	0	0.01005	0	0	0	0	0	0	0	0	0	0	0	0	0	0	0	0	0.08544	0.08015	0	0	0	0	0	0	0	0	0	0	0.13358	0	0	0.01209	0	0	0	0	0.05524	0	0	0.04272	0.00588	0	0	0	0	0	0	0	0	0	0	0	0	0	0	0.16923	0	0	0	0	0	0.00544	0.24041	0	0	0	0	0	0	0.05261	0.0264	0	0	0	0	0	0	0	0	0	0	0	0	0	0	0	0	0	0.02352	0	0	0	0	0	0	0	0	0.04511	0	0	0	0	0	0.02605	0	0	0	0	0	0.00535	0	0	0	0	0	0	0	0	0.01099	0	0	0.09954	0	0	0	0	0	0	0	0.00589	0	0.04753	0	0.01555	0	0	0	0	0.16414	0	0	0	0	0	0	0	0	0	0	0	0	0	0	0	0	0	0	0.28349	0	0	0	0.0372	0	0.09825	0	0.00928	0	0	0	0	0	0	0	0	0	0	0	0	0	0	0	0	0	0	0	0	0	0	0	0.00376	0	0	0.08151	0	0	0	0	0	0	0	0	0	0	0	0	0	0	0	0	0.02399	0	0	0	0	0	0	0	0	0	0	0	0	0	0	0	0	0.01163	0	0	0	0	0	0	0	0	0	0	0	0	0	0	0	0	0	0.03068	0	0	0	0	0	0	0.00146	0	0	0
"Lactonifactor_sp_BIOML_A6"	0	0	0.00962	0	0	0	0.04182	0.01016	0.00088	0	0	0	0.05369	0.00224	0.01108	0	0	0.01365	0	0	0	0	0	0	0	0	0	0	0.01268	0	0.00153	0	0	0	0.00239	0.00126	0	0	0.006	0.02256	0.00863	0	0	0.04347	0	0	0	0.01125	0.00044	0.01377	0.00161	0.03692	0.02729	0.00232	0.0709	0	0	0	0	0.01567	0.01707	0	0	0.00041	0	0	0.00266	0.05216	0.03478	0	0	0.01795	0.01364	0.00544	0.01152	0.00532	0	0	0	0	0	0.00655	0	0	0	0	0.00173	0	0	0.00031	0.00218	0	0	0	0	0	0	0	0	0.0118	0	0.03308	0	0	0	0	0	0.0821	0	0	0.03914	0.00289	0.0077	0.01296	0.00077	0.38712	0.01585	0	0.01721	0.16071	0.00676	0	0.01913	0	0.01385	0.00055	0.00698	0.03913	0	0	0	0	0.0144	0	0	0	0	0	0.02325	0	0	0.00647	0.00221	0	0	0.02234	0	0.00082	0	0.01299	0	0.02955	0	0	0	0	0	0.00247	0	0	0	0	0	0	0	0.01934	0	0	0.0161	0	0	0	0.01505	0	0	0	0.00606	0.04148	0.02379	0.01406	0	0	0.00964	0	0	0	0.01246	0.00707	0.02046	0	0.00513	0.00084	0.00984	0.00887	0.00344	0.01047	0	0	0	0.01235	0	0.02164	0.14621	0.01121	0.01976	0	0.01718	0.00743	0	0.10638	0	0	0	0.00442	0.00211	0.00126	0.00467	0	0	0.00348	0.00181	0.0215	0.01497	0	0.02148	0.01985	0	0.02124	0.03951	0	0	0	0.00819	0.01273	0	0	0.00219	0.0187	0	0	0.03754	0	0	0.02762	0.01499	0.00233	0	0	0	0	0.0085	0	0	0.02901	0.01212	0	0.00489	0	0	0.0574	0.03807	0.03872	0	0	0.04318	0	0	0.02779	0	0.06606	0.01346	0.00216	0	0.00422	0	0.01037	0.02399	0.00852	0.01363	0.01922	0	0.01085	0	0.01231	0	0	0.00255	0.00204	0	0.01738	0	0.00069	0	0	0	0.01154	0	0.00274	0.03026	0	0	0	0	0	0.01383	0.01392	0.00261	0.09154	0	0.02964	0.00055	0.03277	0.41439	0	0	0	0	0.00747	0	0.00601	0	0.00063	0	0	0.01914	0	0.01258	0.00411	0.0059	0.00846	0.02966	0.01985	0	0.00554	0.01368	0.00087	0	0	0.00355	0.00294	0	0	0	0.00161	0	0	0	0.00448	0.00548	0	0	0	0	0.01493	0.00615	0.09385	0.03854	0	0	0.00038	0	0	0	0.06654	0.04965	0.01502	0	0.00697	0	0.00931	0	0	0	0	0	0	0	0.01696	0	0.0011	0	0	0	0	0.00057	0.01105	0	0.01361	0	0	0.02891	0	0	0.01048	0.00184	0.0352	0.00394	0	0	0	0.02519	0.0112	0	0	0.0626	0	0.0052	0	0.00591	0.00808	0	0	0	0.06912	0.09559	0	0	0	0	0	0	0	0.06521	0	0	0	0.05047	0.00046	0
"Candidatus_Pseudoruminococcus_merdavium"	0	0	0	0	0	0	0.00576	0	0	0	0	0	0.00786	0	0	0	0	0	0	0	0	0	0	0	0	0	0	0	0	0	0	0	0	0	0	0	0	0	2e-04	0.00532	0.00018	0	0	0	0	0	0	0.00017	0	0	0.00305	0	0	0	0	0	0	0	0	0	0	0	0	0	0	0	0	0	0	0	0	0.0064	0	8e-05	0.00168	0.00062	0	0	0	0	0	0.04107	0	0	0	0.00166	0	0	0	0	0	0	0	0	0	0	0	0	0	0	0	0	0	0	0	0	0	0	0	0	0	0	0	0	0	0	0	0	0	0	0	0	0	0	0	0	0	0	0	0	0	0	0	0	0	0	0	0	0	0	0	0	0	0	0	0	0	0	0.00344	0	0	0	0	0	0	0	0	0.0056	0	0	0	0	0	0	0	0	0	0	0.00147	0	0	0	0	0	0	0	0	0.00261	0	0	0	0	0	0	0	0	0	0	0.01777	0	0	0	0	0	0	0	0	0	0	0	0	0	0	0	0	0	0	0	0	0	0.00358	0	0	0	0.02078	0	0	0	0	0	0	0	0	0	0	0	0	0	0	0	0	0	0	0	0	0	0	0	0	0	0	0	0	0.00118	0	0	0	0	0	0	0	0	0	0	0	0	0	0	0	0	0	0	0.00039	0	0	0	0	0	0	0.00138	0	0	0	0	0	0	0	0	0	0	0	0.00102	0	0	0	0	0	0	0	0	0	0.01021	0	0	0	0	0	0	0	0	0	0	0	0	0	0	0	0	0	0.00085	0.00039	0	0	0	0	0	0	0	0	0	0	0	0	0	0	0	0	0	0.01851	0.00267	0	0	0.00886	0	0.00225	0	0	0	0	0	0	0	0	0	0	0	0.00908	0	0	0	0	0	0	0	0	0	0	0	0	0	0	0	0	0	0	0	0	0	0	0	0	0	0	0	0	0	0.00587	0	0	0	0	0	0	0	0	0	0	0.00294	0	0	0	0	0	0	0	0	0	0	0	0	0	0	0	0	0	0.00295	0	0	0.0048	0	0	0	0	0	0	0	0	0	0	0.0161	0	0	0	0.00039	0	0	0	0.00212	0
"Candidatus_Schneewindia_gallinarum"	0	0	0	0	0	0	0.02722	9e-05	0	0	0	0	0.00737	0	0	0	0	0	0	0	0	0	0	0	0.00384	0	0.00466	0	0	0	0	0	0	0	0	0.00682	0	0	4e-05	0.00095	0.00276	0	0	0	0	0	0	0	0.00211	0.00106	0	0	0.00014	0	0	0	0	0	0	0.00891	0.00806	0	0	0.00114	0.00337	0.0049	0	0	0	0	0	0	0	0.00013	2e-05	0.00292	0	0	0	0	0	6e-05	0.00025	0	0	8e-05	0	0	0.00622	0.00623	0	0	0	0	0	0	0	0	0	0	0	0	0	0	0	0	0	0.00887	0	0	0.00463	0	0	0.01404	0.00255	0	0	0.00054	0	0	0.00324	0	0.00312	0	0	0	0	0	0	0.00576	0	0	0	0	0.02686	0	0	0	0	0	0	0	0	0	0	0	0	0	0.00531	0	0	0	0	0	0	0	0.01163	0	0	0	0	0	0	0	0	0	0.00204	0.00219	0	0.00243	0	0	0.00112	0.00349	0	0	0	0	0	0	0	0	0	0	0	0	0	0	0	0	0.00162	0	0	0	0.00179	0	0	0	0	0	0	0	0.00254	0	0	0.00879	0.00586	0	0	0	0.0082	0	0	0	0	0	0	0	0	0	0	0	0	0	0	0	0	0	0	0.00338	0	0	0	0.00119	0	0	0.00852	0.03353	0	0	0	0	0	0.003	0	0	0	0	0	0	0	0.01155	0	0.00412	0	0	0	0	0	0	0	0	0.002	0	0	0	0	0	0	0.00085	0	0.01537	0	0	0	0	0	0	0	0.00377	0.01327	0.00712	0	0	0	0	0	0	0	0	0	0.00322	0.00616	0	0	0	0	0	0	0	0	0	0	0	0	0	0	0	0	0.00458	0	0	0.02071	0	0	0	0	0	0	0.00906	0	0.00128	0	0.01227	0	0	0.00455	0	0	0	0	0.00307	0.00399	0	0.02586	0.00282	0	0	0.00499	0	0	0	0	0.0018	0	0	0	0	0	0	0	0	0	0	0	0	0	0	0.00255	0	0	0	0	0.00441	0.00031	0	0	0	0	0	0	0	0.0025	0	0.00881	0	0	0	0	0	0	0	0	0	0	0	0	0.00424	0	0	0	0	0	0.00099	0	0	0	0	0	0	0.00197	0	0	0	0.00125	0.00057	0.00407	0	0.01503	0	0	0	0	0	0	0	0.00272	0	0	0.03192	0	0	0	0	0	0	0	0	0
"Lachnoclostridium_sp_An138"	0	0	0	0	0	0	0.00538	0.00616	0	0	0	0	0	0	0	0	0	0	0.00783	0	0	0	0	0	0.00179	0	0	0	0	0.10185	0	0	0	0	0	0.00379	0	0	0.00181	0.00645	0.00196	0	0	0	0	0	0	0.01166	0	0	0	0	0.01992	0.00765	0	0	0	0	0	0	0	0	0	0.00193	0.00604	0.00177	0.00186	0	0	0	0	0.01416	0	0.00977	0.00459	0.00594	0	0.00722	0	0	0	0.02214	0	0	0	0.00838	0	0	0	0.01052	0	0	0	0.00064	0	0	0	0	0	0.03766	0	0	0.01034	0	0	0	0	0.01302	0	0	0	0	0	0.17811	0.01177	0	0	0.00927	0	0	0.02259	0	0.01711	0	0	0.01386	0	0	0	0	0.00238	0	0	0	0	0	0	0	0	0	0	0	0.00738	0	0	0	0	0	0.11992	0	0	0	0	0	0	0	0	0	0.00501	0	0.00204	0	0	0	0	0	0	0	0	0.00483	0	0	0	0.0182	0	0	0	0.04376	0	0	0	0	0	0	0	0	0	0	0	0	0.00367	0	0	0	0	0	0	0	0	0	0	0	0	0	0	0	0.00314	0.01745	0	0	0.02252	0	0	0	0.09232	0.0053	0	0	0	0.02273	0	0	0	0.02197	0	0	0	0	0	0.0129	0	0	0	0	0	0	0.01561	0.00849	0	0	0	0	0	0.01305	0	0	0	0	0	0	0	0.00177	0	0	0	0	0.00321	0.00341	0	0	0.04958	0	0.03506	0	0	0	0	0	0	0	0	0	0	0.00213	0	0	0	0	0	0	0	0	0.00046	0.0062	0	0	0	0	0	0	0	0	0.00701	0	0	0	0	0	0	0	0	0	0	0	0	0	0	0	0	0.01289	0.04574	0	0	0	0	0	0.00649	0	0	0	0	0.00458	0	0.00073	0	0	0.02415	0	0.00335	0	0	0	0	0.03815	0.00132	0.00952	0	0.00136	0	0	0	0	0	0	0	0	0	0	0	0	0	0	0	0	0	0	0	0	0.00682	0	0	0	0	0.00208	0	0	0	0	0	0	0	0	0	0	0	0	0.02298	0.00348	0	0	0	0	0	0	0	0	0	0	0.01048	0	0	0	0	0	0	0	0	0	0	0	0.01003	0	0	0	0	0	0.02401	0	0	0	0	0	0	0	0	0	0.00745	0	0	0.00907	0	0	0	0	0	0	0	0	0
"GGB9531_SGB14932"	0	0	0.00792	0	0	0	0.02809	0	0	0	0	0	0	0	0	0	0	0	0	0	0	0	0	0	0.01314	0	0.15234	0	0	0	0	0	0	0.08188	0	0	0	0	0	0.00255	0.00184	0	0	0	0	0	0	0	0.01738	0	0	0	0.02775	0	0	0	0	0	0	0.03932	0.05233	0	0	0.00391	0	0.10988	0.00616	0	0	0	0	0	0	0	0	0.00999	0	0	0	0	0.13914	0	0	0	0	0	0	0	0	0.00661	0	0	0	0	0	0	0	0	0	0	0	0.00659	0.10803	0	0	0	0	0.02002	0	0	0	0	0	0.04433	0.02928	0	0	0	0	0	0	0	0	0	0	0	0.02268	0	0	0.00051	0	0	0	0	0.09095	0	0	0	0	0	0	0	0.00993	0	0	0	0	0	0.00654	0	0	0	0	0	0	0	0	0.01144	0.03368	0	0	0	0	0	0	0	0	0	0	0.02013	0	0	0	0	0	0	0.00564	0	0	0	0	0	0	0	0	0	0	0	0.0314	0	0.027	0.00465	0	0	0	0	0	0	0	0	0	0	0	0	0	0.05102	0.05197	0.02185	0	0	0	0	0	0	0	0	0	0	0.02094	0	0	0	0	0	0	0	0	0.01256	0	0.01983	0	0	0	0.51766	0	0	0.01827	0.00723	0	0	0.09003	0	0	0.03641	0	0	0	0	0	0	0	0	0	0	0	0	0.10584	0	0	0	0	0	0	0	0	0	0	0	0	0.03784	0	0	0	0	0	0	0	0	0	0.01385	0.50866	0	0	0	0	0	0	0	0	0	0	0	0	0	0	0.08623	0	0	0	0	0	0	0	0	0	0	0	0	0	0.22603	0.10025	0	0	0	0	0	0.00566	0	0	0.00488	0	4e-04	0	0.06839	0	0	0	0	0	0	0	0	0	0	0	0.05384	0	0.00384	0.03118	0.1512	0	0	0	0	0	0	0	0	0	0	0	0	0	0.02478	0	0	0	0	0	0	0	0	0	0	0	0.10242	0.00471	0.06091	0	0	0	0	0	0	0	0	0	0	0	0	0	0	0	0	0	0	0	0	0	0	0	0	0	0.00332	0	0	0	0	0	0	0.04767	0	0	0	0	0	0	0	0.26753	0	0	0	0	0	0	0	0	0	0	0.19751	0	0	0	0	0	0	0	0	0
"Streptococcus_australis"	0	0.02863	0	0	0	0.00225	0	0	0	0	0	0	0	0.01224	0.00869	0.01979	0	0.00333	0	0.00745	0.00789	0	0	0.27257	0.00111	0.00874	0	0	0.00439	0.00343	0	0	0.04615	0	0	0.01038	0.0087	0	0.00145	0.0023	0.00297	0.01228	0.01654	0.00457	0	0	0	0	0	0	0	0	0	0	0.00723	0	0	0	0.03114	0	0.02313	0	0	0.00208	0	0	0	0	0	0	0	0	0	0.00394	0.00241	0.00489	0.00613	0.01024	0.00248	0	0	0	0	0.04499	0.02404	0.00409	0	0	0	0.00316	0.03194	0.00221	0.00551	0.01477	0.02823	0	0	0	0.00362	0.05712	0.03225	0.00941	0	0.00861	0.01184	0	0	0	0	0	0.00585	0	0.02148	0.0114	0	0	0	0	0.02139	0.00278	0.00381	0.0019	0	0	0.00862	0.00926	0.00513	0	0.02087	0.01891	0	0.02207	0.02523	0	0.0035	0	0.00305	0	0	0.0063	0.0139	0	0	0	0	0	0.00756	0	0.00808	0	0.00586	0	0	0	0	0	0	0	0.00257	0.00438	0	0	0.01347	0	0	0	0.17657	0	0	0.00362	0	0.01364	0	0.03856	0.00728	0	0	0.00958	0	0	0.03736	0.00177	0	0.00618	0	0.00402	0.0053	0	0.0035	0	0	0.00538	0	0.02121	0.00203	0	0.02592	0	0	0	0	0	0.0195	0	0.00856	0	0	0.00167	0	0	0	0	0	0.04465	0	0.00242	0.01637	0	0	0.00416	0	0	0	0	0.0041	0	0.00615	0.00404	0	0	0	0	0	0.00175	0.0116	0	0	0.01224	0	0.01075	0.01432	0.00226	0	0	0	0	0	0	0	0	0	0.00386	0	0	0	0.00525	0	0	0	0.10148	0.0392	0	0.02362	0	0.03307	0.00428	0	0	0.00161	0	0.00997	0	0	0	0.00575	0	0	0.00128	0	0.01546	0	0	0	0	0	0	0	0	0.03768	0.01231	0	0	0.00543	0	0	0.00824	0.05713	0	0.01419	0	0	0	0	0	0.04754	0	0	0.00277	0.01133	0.00196	0.00147	0.00334	0.00284	0.05581	0.00371	0	0.01006	0	0	0	0.0178	0.00283	0.01889	0.02138	0.02217	0	0	0.00171	0.00665	0	0.01438	0.00824	0	0	0	0.01356	0.00721	0	0	0	0.0094	0.0096	0.00657	0	0	0	0.01562	0	0	0.0329	0.02071	0	0	0	0	0	0	0.0171	0	0.00859	0	0.02625	0	0.00768	0.03207	0	0.00187	0	0.01643	0.00385	0	0	0.03136	0	0	0	0	0	0.00953	0	0	0	0	0.00252	0	0	0.0817	0	0.01961	0	0.08667	0	0	0.01283	0	0.00722	0	0	0.00136	0	0.0301	0.01187	0.00201	0.0168	0	0.0044	0	0	0	0.01468	0.00486	0	0.00737	0	0.04552	0.00295	0	0	0	0.00484	0	0.02253	0.00134	0	0	0	0	0	0.00373
"Dorea_sp_AF36_15AT"	0	0	0	0	0	0	0	0	0	0	0	0	0	0.02213	0	0	0	0	0	0	0	0	0	0.00097	0	0	0	0	0	0	0	0	0	0	0	0	0	0	0	0.00117	0	0	0	0	0	0	0	0	0	0	0.02766	0	0	0	0	0	0	0	0	0	0	0	0	0	0	0	0	0	0	0	0	0	0	0.01434	0	0	0	0	0	0	0	0	0	0	0	0	0	0	0	0	0	0	0	0.0199	0.13863	0	0	0	0	0	0	0	0	0	0	0	0	0	0	0	0	0	0	0	0	0	0	0	0	0	0	0	0	0	0	0	0	0	0	0	0	0	0	0	0	0	0	0	0	0	0	0	0	0	0	0	0	0	0	0	0	0	0	0	0	0	0	0	0	0	0	0	0	0	0	0	0	0	0	0	0	0	0	0	0	0	0	0	0	0	0	0	0	0	0	0	0	0	0	0	0	0	0	0	0	0	0	0	0	0	0	0	0	0	0	0	0	0	0	0	0	0	0	0	0.0265	0	0	0	0.04085	0	0	0	0	0	0	0	0	0	0	0.01273	0	0	0	0	0	0.01783	0.05265	0	0	0.08285	0	0	0	0	0	0	0	0	0	0	0	0	0	0	0	0	0	0	0	0	0	0	0	0	0	0	0	0	0	0	0	0	0	0.06927	0	0	0	0	0	0	0	0	0	0	0.00671	0	0	0	0	0	0	0	0	0.05195	0	0	0	0	0	0	0	0	0	0.00873	0	0	0	0	0	0	0	0	0	0	0	0	0	0	0	0	0	0	0	0	0	0	0	0	0	0	0	0.17353	0	0	0	0	0	0	0	0.06602	0	0	0	0	0	0	0	0	0.25449	0	0	0	0	0	0	0	0	0	0	0	0	0	0	0	0	0	0	0	0	0	0	0	0	0	0	0	0	0	0	0	0	0	0	0	0	0	0	0	0	0	0	0	0	0	0	0	0	0	0	0	0	0	0	0	0	0	0	0	0	0	0	0	0	0	0	0	0	0	0	0	0	0	0	0	0	0	0	0	0
"Murimonas_intestini"	0	0	0	0	0.00256	0	0	0	0	0	0.00128	0	0	0	0	0.00844	0.02196	0.23365	0	0	0	0	0	0	0	0	0	0	5e-04	0	0.02044	0.00096	0	0.01944	0	0	0	0	0.00204	0.00276	0.00137	0	0.00207	0.02081	0	0	0	0	0	0	0	0	0.001	0	0	0	0	0	0	0.00876	0	0	0	0	0	0.00726	0.05752	0.18008	0.0124	0	0	0.02255	0.0169	0	0.00353	0.00604	0.00672	0	0	0	0	5e-05	0	0	0.00019	0	0.019	0	0.01628	0	0	0	0	0	0	0	0	0	0	0	0	0	0	0.01487	0	0	0	0.00846	0	0	0	0.03064	0.00198	0	0	0.0417	0.00723	0	0.01061	0.00045	0	0	0	0	0	0	0	0.00693	0.00223	0.00674	0	0	0.0165	0	0	0	0	0.01029	0	0	0	0	0.0168	0	0	0	0	0.00143	0	0.25628	0	0.00034	0	0	0.00064	0	0	0	0.0217	0	2e-04	0	0	0	0	0.11647	0.0035	0	0	0	0	0.00329	0.00497	0	0.00111	0	0	0.05708	0.11071	0.00607	0	0.00282	0	0	0.01406	0	0	0.01071	0.05248	0.04478	0	0.00441	0.05194	9e-05	0.0201	0	0	0	0	0.00607	0	0	0	0	0	0	0.00037	0	0	0.0186	0	0	0	0	0	0	0.01319	0.01228	0	0	0.00333	0.02816	0.03852	0	0	0	0.0155	0.00097	0	0	0	0	0	0.00343	0	0	0	0	0	0	0	0	0	0	0	0	0	0.00422	0	0	0	0.00348	0	0	0.00161	0	0	0	0	0	0	0	0	0	0	0	0	0	0	0.01433	0.01517	0.00468	0	0	0	0.014	0	0	0	0	0.00408	0	0	0	0	0	0.00798	0	0	0	0	0	0	0	0	0	0	0.00251	0	0	0.06533	0	0	0	0.00193	0	0	0	0	0.01813	0	0.01308	0	0	0	0	0	0	0	0	0	0	0	0	0	0	0.10185	0	0	0.01789	0.01896	0	0	0	0	0	0	0	0.01197	0	0	0	0	0	0	0	0	0	0	0	0	0.02504	0	0.01045	0	0.05023	0.01764	0	0	0	0	0	0	0	0.00445	0.02175	0	0	0.02689	0.01194	0	0	0	0	0	0	0	0	0	0	0	0	0	0	0	0	0	0	0	0	0	0	0.00166	0	0.00258	0	0	0	0	0	0	0	0.0045	0	0	0	0.02363	0	0.00211	0.05171	0	0	0	0.00581	0	0	0	0	0	0	0	0	0.01166	0	0.01216	0	0	0	0
"Candidatus_Aristotella_avistercoris"	0	0	0	0	0	0	0	0	0	0	0	0	0	0	0	0	0	0	0	0	0	0	0	0	0.00068	0	0	0	0	0	0	0	0	0	0	0	0	0	7e-05	0.00016	0.00031	0	0	0	0	0	0	0	0	0	0.00038	0	0	0	0	0	0	0	0	0.01403	0	0	0	0.00596	0	0	0.00135	0	0	0	0	0	0	0.00033	1e-05	0	0	0	0	0	0	0.00118	0	0	0	0.00072	0	0	0	0	0	0	0	0	0	0	0	0	0	0.00075	0	0	0	0	0	0	0	0	0	0	0	0	0	0	0	0	0	0	0	0	0	0	0	0	0	0	0	0	0	0	0	0	0	0	0	0	0	0	0	0	0	0	0	0	0	0	0	0	0.01151	0	0	0	0	0	0	0	0	0	0	0	0.0079	0	0	0	0	0	0	0	0	0	0	0	0	0	0	0	0	0	0	0	0	0	0	0	0	0	0	0	0	0	0.00278	0	0	0	0	0	0	0	0	0	0	0	0	0	0	0	0.00241	0	0	0	0.00021	0	0	0	0.00344	0	0	0	0	0	0	0	0	0	0	0	0	0	0	0	0	0	0	0	0	9e-05	0	0.00969	0	0	0	0	0	0.001	0	0	0	0	0	0	0	0	0	0	0	0	0	0	0	0	0	0	0.00113	0	0	0	0.00156	0	0	0	0	0	0	0	0	0	0	0	0	0	0.00242	0	0	0	0	0	0	0	0	0	0	0	0	0	0	0	0	0	0	0	0	0	0	0	0	0	0	0	0	0.00756	0	0	0	0	0	0	0	0	0.00142	0.00044	0	0	0	0.00221	0	0	0	0	0	0	0	0	0	0	0	0.00362	0	0	0.00641	0	0	0	0	0	0	0	0	0	0	0	0	0	0	0	0	0	0	0	0	0	0	0	0	0	0	0.00394	0	0	0	0	0	0	0	0	0	0	0	0	0	0	0	0	0	0	0	0	0	0	0	0	0	0	0	0	0	0	0	0	0	0	0	0	0	0	0	0	0	0	0	0	0	0	0	0	0	0	0	0	0	0.01574	0	0	0	0	0	0	0	0	0
"Gordonibacter_urolithinfaciens"	0.0115	0	0.02539	0.01274	0	0	0	0	0	0	0	0	0	0	0	0	0	0	0	0	0	0	0	0	0	0	0	0	0	0	0.01607	0.00196	0	0	0.00401	0.03531	0	0.0078	0.00491	0	0	0	0	0	0	0	0	0	0	0	0	0	0	0	0	0	0	0	0	0	0	0	0	0	0	0	0	0	0	0	0	0	0	5e-05	0.00032	0.00621	0	0.0433	0	0	0	0	0	0	0	0	0	0	0	0	0	0	0	0	0	0	0	0	0	0	0	0	0	0	0	0	0	0	0	0	0	0	0	0.01248	0.0037	0.01039	0	0	0	0.0076	0.01276	0	0	0	0.01692	0	0	0	0	0	0	0	0.00894	0	0	0	0	0	0	0.02756	0	0.04689	0	0	0	0	0	0.00351	0	0	0	0.00378	0	0	0	0	0	0	0.03466	0	0	0	0.00517	0	0	0.54453	0.05666	0	0	0	0	0	0	0	0	0	0	0	0.01013	0	0	0	0	0	0	0	0	0	0	0.01111	0	0	0.0093	0	0	0	0	0	0	0.01668	0	0	0	0	0	0	0	0	0	0	0	0	0.01217	0	0.01355	0	0	0.01217	0	0	0	0.02382	0	0	0	0.02573	0	0	0	0	0	0	0	0	0	0	0	0.06358	0	0.00228	0.15837	0	0	0	0	0	0	0	0	0	0	0	0	0	0	0	0	0	0.02126	0	0.03253	0	0	0	0	0	0	0	0	0	0.02564	0	0	0	0	0.01029	0	0	0	0	0.10164	0.04739	0	0	0	0	0	0	0	0	0	0	0	0	0	0	0	0.00047	0.01947	0	0	0	0	0	0	0	0	0	0	0	0.0449	0	0.26712	0	0.00247	0	0.00962	0	0.01308	0	0	0	0	0	0	0	0	0.05266	0	0	0.09093	0	0.0113	0	0	0.00916	0	0	0.00641	0	0	0	0	0	0	0	0	0	0	0	0	0	0	0.00299	0	0	0	0	0.00744	0	0	0	0	0	0	0	0	0	0	0	0	0	0	0	0	0	0.03042	0.01985	0	0	0	0	0	0	0	0.03041	0	0	0	0	0.07779	0	0	0	0	0.01754	0.00053	0	0	0	0.02234	0	0	0	0.01526	0	0	0	0.00053	0	0	0	0	0	0	0	0.02144	0.05871	0	0	0	0	0	0	0	0	0	0.03082	0
"Christensenella_hongkongensis"	0.00057	0.00615	0.00602	0	0.00049	0	0.00624	0.00494	0	0	0	0	0	0	0.01923	0.00399	0	0	0	0	0	0	0.00965	0	0.0043	0	0	0	0	0	0.00531	0	0	0	0	0.0062	0	0	0.00374	0.00413	0.00281	0	0	0.00652	0	0	0	0	0.00421	0.00469	0	0	0	0	0	0	0	0	0	0.00072	0	0	0	0.00064	0.00383	0	0	0	0	0	0.03874	0	0	0.00027	0.00409	0.00567	0	0.00811	0	0	0.00858	0	0.01717	0	0	0	0	0	0.00881	0.00029	0	0	0	0	0	0.00465	0	0	0	0.00058	0	0	0.01486	0.0154	0	0	0	0.01219	0	0	0	0	0	0	0	0	0	0.00887	0.00203	0	0	0	0.00501	0	0	0	0	0.00917	0	0	0	0	0	0	0.03448	0	0	0	0	0.00304	0	0.01013	0.01748	0	0.38258	0.01296	0	0.01433	0.00059	0	0	0.02675	0	0	0	0	0.006	0.00484	0.00119	0	0.00117	0	0	0	0.01251	0.06856	0.00914	0.00314	0	0.00377	0	0	0.01713	0	0.00614	0	0	0	0	0	0	0	0	0	0	0	0	0	0.01569	0.00608	0.00261	0.0032	0	0	0.00468	0	0	0	0	0.00317	0	0.09226	0.00595	0.00554	0	0.00016	0.00517	0.00626	0	0.01712	0	0	0	0.00098	0	0	0.00416	0	0	0.03964	0	0.01042	0.00319	0	0.01821	0.01506	0	0.02046	0	0	0	0	0	0.01844	0	0.00205	0.0034	0.03995	0	0.00898	0	0.01077	0	0	0	0	0.01584	0	0	0	0.01744	0.00514	0	0.00529	0	0	0.00217	0	0.03356	0.03079	0	0.00873	0	0	0	0	0.0029	0.00487	0	0.03668	0.01498	0	0	0	0	0	0	0.00305	0	0	0.00722	0.01659	0	0.00409	0	0	0	0	0	0.00137	0.04059	0	0	0	0	0	0	0	0.01677	0.0126	0	0	0	0	5e-04	0	0	0.03875	0	0.03451	0.00722	0.0134	0.19747	0	0	0	0	0	0	0.00911	0	0.00045	0	0.01453	0	0.01032	0	0	0	0.00069	0.04162	0.00103	0.03037	0.01172	0.00288	0	0	0	0.00083	0.00273	0	0	0	0	0	0	0	0	0	0	0	0	0	0	0	0	0	0	0	0.01188	0	0.00189	0.00675	0.0278	0.00316	0.04387	0.00158	0.00375	0	0.00275	0	0	0.02504	0	0.00182	0	0	0	0	0.00306	0	0	0	0	0	0	0	0.00472	5e-04	0	0	0	0	0.00179	0	0.00463	0.00176	0	0	0.01292	0.00289	0	0	0	0.00617	0	0.0047	0	0	0	0	0	0.01093	0.0178	0	0	0	0	0	0	0	0	0.01983	0	0	0	0	0.00385	0
"Streptococcus_infantis"	0	0	0	0	0	0	0	0	0	0	0	0	0	0	0	0	0	0	0	0	0	0	0	0.02238	0	0	0	0	0	0	0	0	0.00269	0	0	0	0	0	0.00099	0.00248	0.00165	0	0	0	0	0	0	0	0	0	0	0	0	0	0	0	0	0	0	0	0	0	0	0	0	0	0	0	0	0	0	0	0	0.00467	0.001	0.00173	0	0	0	0	0	0	0	0	0	0	0	0	0	0	0.00315	0	0.00325	0	0.00094	0	0.01146	0	0	0.01151	0.01236	0	0	0	0	0	0	0	0	0	0	0	0	0	0.00177	0	0	0	0	0	0	0	0	0	0	0	0	0	0.01456	0	0	0	0	0	0	0	0	0.00477	0	0	0	0	0	0	0	0	0	0	0	0	0	0	0	0	0	0	0	0	0	0	0	0	0	0	0	0	0	0	0	0.00368	0	0	0	0	0	0	0	0	0	0	0	0	0	0	0	0	0	0	0	0	0	0	0	0	0	0	0	0	0	0	0	0	0	0	0	0	0	0	0	0	0	0	0	0.00106	0	0	0	0	0	0	0	0	0	0	0	0	0	0	0	0	0	0	0	0	0	0	0	0.01132	0	0.00247	0	0	0	0	0	0	0	0	0	0.00234	0	0	0	0	0	0	0	0	0	0	0	0	0	0	0.00562	0	0	0	0	0	0	0	0	0	0	0	0	0	0	0	0	0	0	0	0.00166	0	0	0	0.04339	0	0	0	0	0	0	0	0	0.00108	0	0	0	0	0	0	0	0	0	0	0	0.00526	0	0.00061	0	0	0.00213	0	0.00311	0	0	0	0.00078	0	0	0	0	0	0	0	0	0	0	0.00085	0	0	0	0	0	0	0	0	0.01083	0	0.06991	0	0	0	0	0	0	0.00609	0	0	0	0	0	0	0	0	0	0	0	0	0.01517	0	0	0	0	0	0	0	0	0	0	0	0	0	0	0	0	0	0	0.00429	0	0	0	0	0	0	0.00585	0	0	0	0	0	0	0	0	0.15682	0	0	0	0	0	0	0	0	0	0	0	0	0	0	0	0	0	0.01429	0	0	0	0	0	0	0	0	0.00344	0	0.00232	0	0
"Catenibacillus_scindens"	0	0	0.0012	0	0	0	0.01209	0.00223	0.00015	0	0	0	0	0.04435	0	0	0	0	0	0	0	0	0	0	0.00169	0	0.00305	0	0	0	0.01248	0	0	0	0	0.00645	0	0	0.00186	0.00137	0.00067	0	0	0	0	0	0	0	0.00178	0	0.00136	0	0.00058	0.00293	0	0	0	0	0	0	0	0	0	0	0.00999	0.0027	0.01192	0	0	0	0	0	0	0.00229	0.00197	0.00231	0	0	0	0	0.00075	0.00726	0	0	0	0.01926	0	0	0	0.00208	0	0	0	0	0	0	0	0	0	0.00694	0.00944	0	0.0108	0	0	0	0	0.00159	0	0	0	0.00164	0	0.00727	0	0	0	0.00436	0	0	0.0032	0	0	0	0	0.00355	0.0186	0	0	0	0	0	0	0	0.01811	0	0	0	0	0	0	0	0.00303	0	0	0	0	0	0.00664	0.00909	0	0	0	0	0	0	0	0.00719	0.00536	0.00753	0.01604	0	0	7e-05	0	0	0	0	0.00374	0.00108	0	0	0	0.00274	0.00214	0	0.00299	0.0081	0	0	0	0	0	0	0	0	0.00697	0	0	0	0.03153	0.00079	0	0	0	0	0	0	0	0	0	0.00685	0.00577	0	0	0.00393	0.0176	0.00542	0	0.00028	0.01011	0	0	0.01083	0.00583	0	0	0	0	0.02447	0.02638	0	0	0.00223	0.00159	0	0	0	0	0.00786	0	0	0	0.01013	0.0611	0.00693	0	0.01758	0	0	0	0.02104	0	0.00879	0.00165	0	8e-04	0.00192	0	0	0	0	0	0	0	0	0	0.00375	0	0	0.00359	0.00757	0	0	0	0	0.00758	0	0.00076	0	0	0	0.00275	0.00682	0	0	0	0.00084	0	0	0	0	0.00588	0.00409	0	0	0	0	0	0	0	0	0.0047	0	0	0.00067	0	0	0.00391	0	0.0079	0.0146	0	0	0	0	0	0	0	0.00297	0.01013	0.00343	0	0	0	0	0.00253	0.0023	0.00015	0	0	0	0	0	0	0	0.00887	0	0	0	0	0	0	0.00031	0.00204	0.00447	0	0	0.00087	0	0	0	0	0	0	0	0	0	0.00093	0	0	0	0	0	0.03023	0	0	0.00299	0.01165	0	0	0	0.00244	0.02133	0	0	0.00368	0	0	0	0	0	0	0	0.00822	0.00068	0.00027	0	0	0	0	0	0	0.01115	0	0	0	0	0.00301	0	0	0	0	0.00315	0	0	0	0	0.00018	0	0	0	0	0	0	0.00207	0.00169	0	0.00025	0	0	0	0.00776	0	0	0	0	0	0.00256	0.00448	0	0	0	0	0	0	0	0	0
"GGB58233_SGB79883"	0	0	0	0	0	0	0.00024	0.00107	0	0	0	0	0	0.00267	0.0127	0	0	0.00954	0	0	0	0	0	0	0	0	0	0	0	0	0.03735	0	7e-04	0.006	0	0.00064	0	0	0.00373	0.00735	0.00082	0	0	0	0	0	0	0.0069	0	0	0	0.0176	0.00889	0.00747	0.0044	0	0	0	0	0.01537	0.02261	0	0	0.00111	0	0.00033	0.00291	0	0	0	0	0	0	0.00253	0.00395	0	0	0	0	0	0	0.00027	0	0	0	0	0	0	0.00098	0	0.00119	0	0	0	0	0	0	0	0	0	0	0.00047	0	0	0	0	0	0.00857	0	0	0	0	0	0	0	0.01136	0	0.01189	0	0	0	0	0	0	0	0.00341	0	0.02251	0	0	0.00284	0	0	0	0	0	0.00088	0	0	0	0	0.0022	0.00386	0	0.01964	0	0	0	0.0043	0	0	0	0	0	0.00207	0	0.01319	0	0.02565	0.02257	0	0	0.00863	0	0	0	0.00301	0.00653	0.00816	0	0	0	0	0.0019	0	0	0	0.00647	0	0.00321	0.00948	0.00264	0	0	0	0	0.00726	0.01072	0	0	0.00068	0	0	0	0.00648	0.00599	0	0	0	0	0	0.00276	0	0.00693	0.00846	0.0157	0	0	0	0	7e-05	0	0	0.00265	0	0	0	0.00635	0	0	0	0.00776	0	0	0.0314	0	0	0	0	0	0	0	0	0.00405	0	0	2e-04	0.01088	0	0.00357	0	0	0	0.00205	5e-04	0.00141	0.01247	0	0	0.02144	0.00411	0.00839	0	0.0082	0	0	0	0	0.01994	0	0	0.00423	0	0	0	0	0	0	0	0.00408	0.00404	0.00089	0	0	0	0.00643	0	0.00161	0	0	0	0	0.00402	0	0	0	0	0	0	0	0	0	0.00428	0	0	0.00034	0.00311	0	0.01219	0	0	0	0	0	0	0	0	0	0.00123	0	0.00163	0.01099	0.00381	0	0	0	0	0	0	0.0049	0	0.00044	0.00178	0.00351	0	0	0	0.00374	0	0.0049	0.04344	0.00131	0.01428	0	0.0031	0	0	0.00019	0	0	0	0	0	0.00276	0	0	0.01922	0	0	0.00152	0	0	0	0	0.03066	0	0	0	0.00324	0	0	0	0	0.00288	0	0.00598	0.00182	0	0	0	0	0	0	0	0	0.00491	0	0	0	0.00754	0	0	0	0	0	0	0	0	0	0	0	0	0	0.0046	0	0	0	0	0	0	0	0.00065	0	0	0	0.00441	0.00169	0.00347	0.00197	0.00269	0	0	0	0	0	0	0	0	0.00074	0	0	0	0	0.00065	0	0.0032	0	0	0
"Turicibacter_sanguinis"	0	0	0	0	0.00033	0	0.00493	0	0	0	0	0	0	0	0	0	0	0	0	0	0	0	0	0	0	0	0.00393	0	0	0	0	0	0	0	0	0	0	0	0	0.00215	0.00013	0	0	0	0	0	0	0	0.00021	0	0.01066	0.03964	0.01835	0.07243	0	0	0	0	0	0	0	0	0.01095	0.00995	0	0.08963	0.05926	0.00282	0	0	0	0	0	0.00624	0.0019	0.00328	0	0	0	0.04663	0.19731	0.0029	0	0	0	0	0	0	0	0.00981	0	0	0	0	0	0	0	0	0	0.00513	0.06266	0	0	0	0	0	0	0	0	0	0	0.01862	0	0	0	0	0	0	0	0	0	0	0	0	0	0.09578	0	0.03638	0.04285	0	0	0.00468	0	0	0	0	0.00946	0	0	0.00062	0	0.01172	0	0	0	0	0	0	0	0	0	0	0.00461	0	0	0	0	0.03297	0	0	0.02574	0	0	0	0	0	0	0	0	0	0	0.08997	0	0	0	0	0	0.02334	0.02684	0	0	0	0	0	0	0	0	0	0	0	0	0	0	0	0	0	0.0874	0	0	0	0	0	0	0	0	0	0	0	0	0.03281	0	0	0	0.00299	0	0	0	0	0.03946	0.01678	0	0	0	0	0	0	0.10554	0	0	0.01334	0	0	0.00265	0	0	0	0	0	0.00251	0	0	0	0	0	0.00018	0	0	0	0	0	0	0	0	0	0	0	0	0	0	0.19854	0	0	0	0.02219	0	0	0.01712	0	0	0	0	0	0.10431	0.01245	0	0.03739	0	0.01845	0	0	0.01293	0	0	0	0	0	0	0	0	0	0.00519	0	0	0	0	0	0	0	0	0	0	0	0	0	0	0	0	0	0	0.06557	0	0.00027	0	0.02171	0	0	0	0.06923	0	0.0314	0	0	0.02552	0	0.01515	0	0	0	0.01746	0	0	0	0	0	0	0	0	0.0119	0	0	0	0	0	0	0	0.09714	0	0	0	0	0	0.01923	0	0	0.03961	0	0	0	0	0	0	0	0	0	0	0	0	0	0	0.00266	0.00261	0	0.00689	0	0	0	0	0	0	0	0	0	0	0.0151	0	0	0	0	0.03147	0	0	0	0	0	0	0	0	0	0.02474	0	0.01525	0	0	0	0.01342	0	0	0	0	0.00409	0.19336	0	0	0	0	0	0	0	0	0	0	0	0	0	0	0	0	0	0
"GGB2987_SGB3969"	0	0	0	0	0	0	0	0	0	0	0	0	0	0	0	0	0.02131	0	0	0	0	0	0	0	0.00281	0	0.00548	0	0	0	0	0	0	0	0	0	0	0	0.00286	0.00335	0	0	0	0	0	0	0	0.00767	0	0	0	0	0	0.00285	0.03296	0	0	0	0	0	0	0	0	0.00483	0	0	0	0	0	0	0	0	0	0.00147	0.01078	0.00304	0	0	0	0	0	0.00407	0	0	0	0	0	0	0	0	0	0	0	0	0	0	0	0	0	0.00518	0	0	0.00987	0	0	0	0	0	0	0	0	0	0	0	0	0	0	0.01262	0	0	0.00643	0	0	0	0.00343	0	0	0	0	0	0	0	0	0	0	0	0	0	0	0	0	0	0	0	0	0	0	0	0.02182	0	0	0	0	0	0	0	0	0.00472	0	0	0	0	0	0	0	0.0308	8e-04	0	0	0	0	0	0	0.00596	0	0	0	0	0	0	0	0	0	0	0	0	0	0	0	0	0	0	0	0	0	0	0	0	0	0	0	0.02913	0	0	0.02572	0	0.02498	0.00464	0	0.00433	0.01198	0	0	0	0.00865	0.02013	0	0	0	0.04584	0	0	0	0	0	0	0	0	0	0.00591	0	0	0.00713	0	0	0	0	0	0	0	0	0.01964	0	0	0	0	0	0	0	0.00591	0	0	0	0.00664	0	0	0	0	0	0	0	0	0.01026	0	0	0	0	0	0	0	0	0	0	0	0	0	0.01899	0.00546	0	0	0	0	0.00029	0.0126	0	0	0	0	0	0	0	0	0.01878	0	0	0	0	0	0	0	0	0	0	0	0	0	0	0	0	0	0	0	0	0	0	0	0	0	0	0	0	0	0	0	0	0	0	0	0	0	0	0	0.01897	0.00289	0	0.00431	0	0	0	0	0	0	0	0	0	0	0	0	0	0	0	0	0	0	0	0	0	0.00483	0	0	0	0	0	0	0.01691	0.05862	0	0	0	0.0026	0	0	0	0	0.01322	0	0.00075	0.00425	0	0	0	0	0	0.00651	0	0.00707	0	0	0	0	0	0	0	0	0	0	0	0	0	0	0.06264	0	0	0	0	0.01534	0.01007	0	0	0	0	0	0	0.06718	0	0	0	0	0	0.05305	0	0	0	0	0	0	0	0	0
"Candidatus_Metaruminococcus_caecorum"	0	0	0	0	0	0	0	0	0	0	0	0	0	0	0	0	0	0	0	0	0	0	0	0	0.0014	0	0	0	0	4e-04	0	0	0	0.00427	0	0	0	0	0	0.00325	2e-05	0	0	0	0	0	0	0.00707	0	0	0	0	0	0	0	0	0	0	0	0	0	0	0	0	0	0	0.00313	0	0	0	0	0	0	0	0.00031	0.00012	0	0	0	0	0	0.01854	0.01003	0	0	0	0	0	0.00969	0	0	0	0	0	0	0	0	0	0	0	0	0	0	0	0	0	0	0	0	0	0	0	0	0	0	0	0	0	0	0	0	0	0.00486	0	0	0	0	0	0	0	0	0	0	0	0	0	0	0	0	0	0	0	0	0	0	0	0	0	0	0	0	0	0	0	0	0	0	0	0	0	0	0	0	0	0	0	0	0	0	0	0	0	0	0	0	0	0	0.00038	0	0	0	0	0	0	0	0	0	0	0	0	0	0	0	0	0	0	0	0	0	0	0	0	0	0.00139	0	0	0	0	0	0	0	0	0	0	0	0	0	0	0	0	0	0	0	0	0	0	0	0	0	0.00091	0	0	0	0	0	0	0	0	0	0	0	0	0	0	0	0	0	0	0	0	0	0	0	0	0	0	0	0	0	0	0	0	0	0	0	0	0	0	0	0	0	0	0	0	0	0	0	0	0	0	0	0	0	0	0	0	0	0	0	0	0	0	0.0021	0	0	0	0	0	0	0	0	0	0	0	0	0	0	0	0	0	0	0	0	0	0	0	0	0	0	0	0	0	0	0	0	0	0	0	0	0	0	0	0	0	0	0	0	0	0	0.00177	0	0	0	0	0	0	0	0	0	0	0	0	0	0	0	0	0	0	0	0	0	0	0	0.00173	0	0	0	0	0	0	0	0	0	0	0	0	0	0	0	0	0	0	0	0	0	0	0	0	0	0	0	0	0	0	0	0	0	0	0	0	0	0	0	0	0	0	0.0151	0	0	0	0	0	0.00468	0	0	0	0	0	0	0	0	0	0	0	0	0	0	0	0
"Megasphaera_sp_NM10"	0	0.50049	0	0	0	0	0	0	2.50988	0.25079	0	0.37379	0	0	0	0	0	2.70122	0	0	0	0	0	0	0	0.52996	0	0	0	0	0	0	0.10865	0	0	0	0	0	0.0149	0.36169	0.06251	0	0	1.03521	0	0	0	0	0	0	0	0	0	1.84363	0.38125	2.23173	3.65908	0	0	2.08909	0	0	0	0	1.71447	0	0	0	0	0	0	0	0	0.00648	0.91933	0.00335	0	0	0	2.8363	0.19735	2.16727	0	0	0	0	0	0	0	0	0	0	0	0	0.0799	0.19424	0	0	0	0	0	0	0.13395	0	0	0	0	0	0	0	0	0	0	0	0	0	0	0	0	0	0	0	0	0	0	0	0	0	0	0	0	0	0	1.06969	0	0	0	0	0.29399	1.28255	0	0.27803	0	0.48762	0	0	0	0	0.82251	0	0	0	0	0	0	0	0	0	0	0	0	0	0	0	0.00098	2.34627	0	1.39908	1.37275	0	0	0	0	0	0	0	0	0	0.00362	0	0	0	0.76242	0	0	0	0	0	0	0	0	0	0	0	0	2.74783	0.00519	0	0	0	0	0	0	0.38462	2.41559	0	0	0	0	0	1.48493	0.74753	0.61628	0	0	0.1903	0	0	0.32276	0	0	0	0	0	0.06522	0	0	0	0	0.83256	0	0	0	0	2.43472	0	0	0	0	0	0	3.35879	0	0.31109	0.68637	0	0	0	0	0	0	0	0	0	0.96088	0	0.15073	2.67273	0.05713	0.27078	0	0	2.48216	0.76564	0	0	0.38467	0	0	0	0	0	0	0.97285	0	0	0.08981	0	0	0.22479	0	0	1.19253	0	0	0	0	0	0	0	0	0	0	1.87447	0	0.22996	0	2.33455	0.06618	0	0	0	0	3.34206	0	0	0	0	0	0	0	0.68921	0	0	0	0	0	0	0.43495	0.44789	0	0.72702	0	0	0	0	0	1.95322	1.41528	0	0	0	0	0	2.53053	0.24683	0	0	0.04144	0	0	0	0	0	1.06764	0.36326	0	0	0.355	0	4.45866	2.0114	0	0	0	0	0	0	0	0	0	0	0	0	0	0	0	0	0	0	1.74697	0.01618	0.54034	0	0	0	0	0	0	0	0	0	0	0.65239	0.12734	0	0	0	0	0	0.23985	0	0	0	0	0	0	0	0	0	0	0	0	0	0	0	0	0	0	3.20733	0	0.72216	0	0	0	0	0	0	1.76282	0.22911	0	0	0	0	0	0	0	0	0
"Alistipes_sp_D31t1_170403_E11"	0	0	0	0	0	0	0.53663	0	0	0	0	0	0	0	0	0	0	0	0.18106	0	0	0	0	0	0	0	0.09051	0	0	0	0	0	0	0	0.14783	0.00543	0	0	0	0.00187	0	0	0	0	0	0	0	0	0	0	0	0	0	0	0	0	0	0	0	0	0	0	0	0.42308	0.04264	0	0	0	0	0.0049	0.21738	0	0	0.00117	0.00066	0.00132	0	0	0	0	0	0	0	0	0	0	0	0	0	0	0	0	0	0	0	0	0	0	0	0	0	0	0	0	0	0	0	0	0	0	0	0.0129	0	0	0	0	0.28676	0	0	0	0	0	0	0	0	0	0	0	0	0	0	0	0	0	0	0	0	0	0	0	0	0	0	0	0	0	0	0	0	0	0	0	0	0	0	0	0	0	0	0	0	0	0	0	0	0	0	0	0	0	0	0	0	0	0	0	0	0	0.0099	0	0	0	0	0	0	0	0	0	0	0	0	0	0	0	0	0	0	0	0	0	0	0	0	0	0.02695	0	0.30443	0	0	0	0	0	0	0	0	0	0	0	0	0	0	0	0	0	0.17625	0	0	0	0	0	0	0	0.00021	0	0	0	0	0	0	0	0	0	0	0	0	0	0	0	0	0	0	0	0	0	0	0	0	0	0	0	0	0	0	0	0	0	0	0	0	0	0	0	0	0	0	0	0	0	0	0.25546	0	0	0.20384	0	0	0	0	0	0	0	0	0	0	0	0	0	0	0	0	0	0.41054	0	0	0	0	0	0	0	0	0	0	0	0	0	0	0	0	0	0	0	0	0	0	0.21798	0	0	0	0	0	0	0	0	0	0	0.01668	0	0	0	0	0	0	0	0	0.07066	0	0	0	0	0	0	0	0	0	0	0	0	0	0	0	0	0	0	0	0	0	0	0	0	0	0	0	0	0	0.1359	0	0	0	0	0	0	0	0	0	0	0	0	0	0	0	0	0	0	0	0	0	0	0	0	0	0	0	0	0	0	0	0	0	0	0	0	0	0	0	0.19442	0	0	0	0	0.02053	0	0	0	0	0	0	0	0	0	0
"Acidaminococcus_provencensis"	0	0	0	0	0	0	0	0	0	0	0	0	0	0	0	0	0	0	0	0	0	0	0	0	0	0	0	0	0	0	0	0	0	0	0	0	0	0	0.0038	0.0062	0	0	0	0	0	0	0	0	0	0	0	0	0	0.1328	0.11835	0	0	0.34082	0	0	0	0	0	0	0	0	0	0	0	0	0	0	0	0	0.00364	0.15274	0	0	0	0	0	0	0	0	0	0	0	0	0	0	0	0	0	0	0	0	0	0	0	0	0	0	0	0	0	0	0	0	0	0.09766	0	0	0	0	0	0	0	0	0	0	0	0	0	0	0	0	0	0	0	0	0	0	0	0	0	0	0	0	0	0	0	0	0	0	0	0	0	0	0	0	0	0	0	0	0	0	0	0	0	0	0	0	0	0	0	0	0	0	0	0	0	0	0	0	0	0	0	0	0	0	0	0	0	0	0	0	0	0	0	0	0	0	0	0	0	0	0	0	0	0	0	0	0	0.10752	0.01791	0	0	0	0	0	0.0204	0	0	0	0	0	0	0	0.01742	0.58512	0	0	0	0	0	0	0	0	0	0	0	0	0	0	0	0	0	0	0	0	0	0	0	0	0	0	0	0	0	0	0	0	0	0	0	0	0	0.0614	0	0	0	0	0	0	0	0	0	0	0	0	0	0	0	0	0	0	0	0	0	0	0	0	0	0	0	0	0	0	0	0	0	0	0	0	0	0	0	0	0	0	0	0	0	0	0	0	0	0	0	0	0	0	0	0	0	0	0	0	0.04068	0	0	0	0	0.41044	0	0	0	0	0	0	0	0	0	0	0.00595	0	0	0	0.01642	0	0	0	0	0	0	0	0	0	0	0	0	0	0	0	0	0	0	0	0	0	0	0	0	0	0	0	0	0	0	0	0	0	0	0	0	0.07258	0	0	0	0	0	0	0	0	0	0	0	0	0	0	0	0	0	0	0	0	0	0	0	0	0	0.57976	0	0	0	0	0	0	0	0	0	0	0	0	0	0	0	0	0.0737	0	0	0	0	0	0	0	0	0	0
"Mesosutterella_multiformis"	0	0	0	0	0	0	0.49376	0.5809	0.05838	0.14955	0.00365	0.33128	0	0	0	0	0.08569	0	0	0	0	0	0	0.02769	0	1.2455	0	0	0	0	0	0	0.59437	0	0	0	0	0	0.16257	0.35931	0.01685	0	0	0.21621	0	0	0	0	0.04604	0.41847	0.2778	0	0	0	0	0.00312	0.36692	0	2.0861	1.31863	0	0	0	0	0.21364	0	0	0	0	0	0	0	0	0.167	0.08956	0.40897	0	0	0	0	0	1.06252	0	0.47839	0	0	0	0	0	0	0	1.02403	0	0.14738	0	0	0	0	0	0	0	0	0	0	0	0	0.06353	0	0	0	0	0.3242	0	0	0	0	0	0.67414	0	0	0	0.06803	0	0	0	0	0	0	0	0	0	0	0	3.12972	0.80562	0	0	0	0.05046	0	0	0	0	0	0	0.58633	0	0	1.06951	0	0	0	0	0	0	0	0	1.15137	0	0	0.72992	0.04269	0	0	0	0	0.27231	0.00693	0	0	0.12473	0	0	0	0	0.60349	0	0	0	0	0	0.19773	0	0	0	0.01477	0	0	0.43431	0	0	0	0	0	1.78757	0.73244	0	0	0	0	0	0	0	0	0.10198	0	0	0	0	0	0.31252	0.30444	0	0	0	0.33412	1.93048	0	0.26192	0	1.17922	0.17203	0	0	0.33207	0	0	0	0	0	0	0	0	0	0	0	0	0	0	0	0	0.36368	0	0.02228	0	0	0.1665	0.55957	1.76701	0	0	0	0	0	0	0	0.56572	0.19492	0.60081	0	0	0	0.00506	0	0	0	0	0	0	0	0	0	0	0.39027	0	0	0.23564	0	0.46805	0.50303	0	0	0	0.01794	0	0	0	0	0	0	0	0	0	0	0	0.63842	0	0.22501	0	0	0	0	0	0	0.58005	0	0	0.01168	0	0	0.22538	0	0	0.46148	0	0	0	0	0.19205	0	0	0	0	0.25092	0	0	0	0	0	0	0	0	0	0	0.02191	0.86621	0	0.07736	0.2037	0	0	0	0	0	1.33389	0	0	0	1.25761	0	0	0	0.16564	0	0	0	0	0	0	0.68057	0	0.85106	0	0	0	0	0	0	0	0	0.71953	0	0	0.52741	0	1.05615	0	0.12129	0	0	0	0	0	0	1.14739	0.28382	0	0	0	0	0	0	0	0	0.04737	0	0	0	0	0	0	0	0	0	1.41042	0	0.55734	0	0	0	0	0.26698	0	0	0	0	0.44383	0	0.65875	0.50517	0	0	0.04259	0	0	0	0	0	0
"Alistipes_sp_AF17_16"	0	0.14274	0.47533	0.17016	0	0	0	0	0	0	0	0	0	0	0	0.10783	0	0	0	0	0	0	0	0	0.15712	0	0.07942	0	0	0.08092	0	0	0	0	0	0	0	0	0.0154	0.01469	0.01256	0	0	0	0	0	0	0	0.18617	0.45354	0	0.30612	0	0	0	0	0	0	0	0	0	0.00772	0	0	0.3553	0	0	0	0	0	0.01445	0	0	0.00065	0.01319	0.07783	0	0	0	0	0	0	0	0	0	0	0	0	0	0	0	0	0	0	0	0	0	0	0	0	0	0	0	0	0	0	0	0	0	0	0	0	0	0	0	0	0	0	0	0	0	0.13821	0.17483	0	0	0	0	0.16677	0	0.09409	0	0	0	0	0.21472	0	0	0	0	0	0	0.57335	0	0	0	0	0	0	0	0	0	0.08429	0	0	0	0	0	0	0	0	0.00369	0.00952	0	0.00908	0.17331	0.20655	0	0	0	0	0	0	0	0	0	0	0	0	0.06572	0	0	0	0	0	0	0	0	0	0	0	0	0.0392	0	0	0	0.063	0	0	0	0	0	0	0.1211	0	0.24407	0	0	0	0	0	0	0	0	0.18416	0	0.10598	0	0	0.05965	0.31392	0	0	0	0.31073	0	0	0	0	0	0.23117	0	0	0	0.68122	0	0.01301	0	0.02859	0	0	0	0	0	0	0	0	0	0	0	0.02036	0	0	0	0	0	0	0	0	1.15973	0	0	0	0	0	0	0	0	0	0	0	0	0	0	0.03729	0	0	0	0	0	0	0	0	0.01671	0	0	0	0	0	0	0	0	0	0	0	0	0	0	0	0	0	0	0	0	0	0	0	0	0	0	0	0	0.03362	0	0	0	0	0.02155	0.04203	0	0	0	0	0	0	0	0	0	0	0	0	0	0.39497	0.11098	0	0.1097	0.06173	0	0	0	0	0	0	0	0	0	0	0	0	0	0.02764	0	0	0	0	0	0	0	0	0.06042	0	0	0	0	0.03598	0	0	0.06347	0.23587	0	0	0	0	0.169	0.09666	0.08546	0	0	0.55261	0	0	0	0	0	0.08969	0	0	0	0.16266	0.07076	0	0	0	0	0	0	0	0	0	0	0	0	0	0	0	0	0	0	0	0	0	0	0	0	0	0	0	0	0	0.05092	0	0	0	0.08131	0	0	0	0	0	0
"Evtepia_gabavorous"	0.27826	0.50211	0.35843	0.22775	0	0	0.53104	0	0.12897	0	0.07566	0	0	0.21194	0	0	0.45996	0	0.09761	0.08916	0	0	0.55535	0	0.17713	0.01924	0	0	0	0	0	0	0	0	0	0	0.20071	0.10022	0.0955	0.03409	0.0403	0	0	0	0.00633	0	0	0	0	0	0	0	0	0.19601	0	0	0	0	0	0	0	0.11965	0	0	0	0	0	0.59801	0.25531	0	0	0	0.29521	0.01691	0.1124	0.0488	0	0	0	0	0.01357	0	0	0	0	0	0	0	0.13671	0.3358	0.10113	0	0	0	0	0	0	0	0	0	0	0	0	0.24383	0.19416	0.07187	0	0.2937	0.10887	0	0	0	0.03108	0	0	0	0	0	0	0	0	0	0	0	0	0.10543	0.60036	0	0	0.253	0.11569	0	0	0	0	0.2929	0	0	0	0	0	0	0	0.05874	0	0.01925	0	0	0	0	0	0.39542	0	0	0	0	0.04501	0	0	0	0	0	0	0	0	1.03432	0.32552	0.15976	0	0	0.39111	0	0	0	0.12175	0	0	0	0	0	0	0	0	0	0	0	0	0	0	0	0	0.18194	0	0.2068	0	0	0.04406	0	0	0.19197	0	0.16703	0.55578	0	0	0	0	0	0	0	0.25792	0.04638	0.07529	0.35525	0	0	0	0.12313	0	0.5635	0	0.18832	0.03215	0	0	0.27945	0	0	0	0	0	0.05665	0	0	0.19964	0.11459	0	0	0	0	0.59119	0	0	0.33305	0.4946	0.0922	0	0	0	0.24858	0	0.30285	0	0.39476	0.22233	0.28204	0	0.15841	0.33193	0	0	0.32	0	0	0	0	0.09371	0.24136	0.04928	0	0	0.0844	0.10159	0.20558	0	0	0.20874	0.29456	0	0	0	0	0.08378	0.16381	0	0.01605	0.10948	0.00852	0	0	0.273	0.33831	0.63348	0	0.10725	0	0	0.08647	0.1108	0	0	0.19482	0	0	0	0	0	0	0	0	0	0.08514	0	0	0	0	0.23798	0	0	0.2284	0	0	0	0	0.27583	0	0.15398	0	0	0.14217	0	0.40068	0	0	0	0	0	0.3107	0	0	0	0	0	0	0	0	0	0	0	0	0	0	0	0	0.07189	0.02775	0.12305	0	0.18277	0	0	0	0	0	0	0	0.1448	0	0	0	0	0	0	0	0	0	0	0.10038	0	0.13476	0	0	0	0	0	0.23933	0	0	0.13587	0	0.30198	0	0	0	0	0.35165	0	0	0	0	0.4416	0	0	0.26776	0	0	0	0	0.33136	0.02276	0	0.47467	0.42914	0	0.41247	0	0.27515	0.25307	0	0.4994	0	0	0	0	0	0	0	0	0
"Enterocloster_aldenensis"	0.12016	0.02809	0.02322	0.11075	0.01435	0.00359	0.06935	0.00756	0	0.00897	0.01875	0	0.06465	0.03088	0	0.00108	0.15333	0.01441	0	0	0	0.01184	0.12951	0	0	0.12616	0	0.09354	0	0	0.04348	0.0121	0.02684	0.03707	0.00054	0.01063	0	0	0.08584	0.03507	0.09204	0	0.29228	0	0	0	0.07122	0.0705	0	0.03989	0	0.18405	0.0551	0.00305	0.00624	0.00207	0	0.09716	0.00773	0.11135	0	0	0.00232	0.00559	0	0.00103	0.00134	0.47015	0.44397	0.02287	0.05985	0.07702	0.1339	0.09157	0.03916	0.04376	0.13563	0.13322	0.66004	0	0.06293	0	0.07929	0	0	0	0.30424	0.12242	0.04152	0.06915	0	0.0558	0.00156	0	0	0.18644	0.00537	0.0023	0	0.08494	0.26245	0.11077	0.0204	0.10112	0.08297	0	0	0.0928	0.5432	0.0528	0.11714	0.05453	0	0.18985	0.00307	0.16232	0.09547	0.04668	0.00904	0.0098	0	0.08233	0.0828	0.30907	0	0	0.01226	0.06157	0.12323	0	0.01177	0	0.23076	0	0.03102	0.12991	0.23574	0.0105	0.05769	0.03235	0.06325	0.03228	0	0.13426	0.07482	0.01361	0	0.01165	0	0.07214	0.05989	0.09264	0	0.07317	0.01588	0	0.12322	0.05624	0.00303	0	0	0	0.02124	0	0	0.00075	0.01025	0.00101	0	0	0.0279	0.01344	0.16721	0.00153	0.01312	0	0	0.02323	0.01808	0.01257	0.0932	0	0.03826	0.05038	0	0	0.00136	0.00209	0.13356	0.11982	0	0	0.01916	0.02208	0.06152	0	0	0.01002	0	0	0	0	0.01248	0.09425	0.16506	0	0.0034	0.00396	0	0.0446	0	0	0	0	0.00295	0.00912	0	0.05914	0	0.01093	0.08239	0.06461	0.03508	0	0.01113	0.03198	0.05173	0.00485	0	0	0	0	0	0.00842	0	0	0	0	0.00331	0.0143	0.04773	0.03576	0.05159	0.00453	0.00338	0	0.14172	0.03019	0	0.00105	0.42207	0.09574	0.00193	0.14928	0.04015	0.04561	0.0139	0	0.11685	0.01014	0.01959	0.01808	0	0	0.05664	0	0	0.03311	0	0.13192	0.17208	0	0	0	0.02053	0.05867	0	0.00114	0.04876	0	0.65465	0.0433	0.0046	0	0	0	0.01843	0.01034	0	0.05032	0.06211	0.02456	0.03664	0.03978	0.03616	0.0079	0.05308	0.01828	0.12542	0	0.17221	0	0	0	0.00045	0.00491	0.03737	0	0.02264	0.01367	0.02772	0.02105	0.03536	0.08775	0.03434	0.02003	0.01991	0	0	0.01748	0.00491	0	0.05779	0	0.18521	0.2786	0.04753	0.01038	0	0.34116	0.30937	0	0.02295	0.03901	0	0.00456	0	0	0	0	0	0.07519	0.02708	0	0	0.00262	0	0.00293	0	0	0	0.04928	0	0.02181	0.07994	0.01161	0.03457	0.05512	0.14614	0.01823	0.08245	0.03519	0.07091	0	0	0.03347	0.02445	0.45022	0.57558	0.08743	0.025	0.10604	0.0391	0	0	0	0.07574	0	0.12119	0	0.0155	0.013	0.0287	0	0.00869	0.00477	0	0.00689	0	0.18124	0.04814	0.05824	0.03173	0.00658	0.0191	0.14544	0.01232	0.11261	0.03444	0.07531	0	0	0.00024	0.13898	0.0853	0.02019	0.00038	0.04102	1.30897	0.01336	0.12513	0.05025	0	0.13079	0.16246	0	0	0.5246	0	0.00075	0	0.19242	0.00663	0.01855	0.08767	0.02438	0.07664	0.02298	0.1567
"Olsenella_sp_AF16_14LB"	0	0	0	0	0	0	0	0	0	0	0	0	0	0	0	0	0	0	0	0	0	0	0	0	0	0	0.09884	0	0	0	0	0	0	0	0	0	0	0	0	0.0091	0	0	0	0	0	0	0	0	0	0	0	0	0	0	0	0	0	0	0	0	0	0	0	0	0.14347	0	0	0	0	0	0	0	0	0	0.09807	0.01694	0	0	0	0	0	0	0	0	0	0	0	0	0	0.0398	0	0	0	0	0	0	0	0	0	0	0	0	0	0	0	0	0	0	0	0	0	0	0	0	0	0	0	0	0	0	0.14937	0	0	0	0	0.01836	0	0	0	0	0	0	0	0	0	0	0	0	0	0	0	0	0	0	0	0	0	0.11701	1.19047	0	0	0	0	0	0	0	0	0	0	0	0	0	0	0	0	0	0	0	0	0	0	0	0	0	0	0	0	0	0	0	0	0.00156	0	0	0	0	0	0	0	0	1.86049	0	0	0	0	0.53827	0	0	0	0	0	0	0	0	0.47955	0	0	0	0	0	1.30311	0	0	0	5.90554	0	0	0	0.043	0	0	0	0	0	0	0	0	0	0	2.1861	0	0	0	0	0	0	0.0689	0.04748	0	0	0	0	0	0	0	0	0	0	0	0	0	0	0	0	0	0	0	0.7522	0	0	0	0	0.57934	0	0	0	0.01758	0	0	0	0	0	0	0	0	0	0	0	0	0	0	0	0.03541	0.24785	0	0	0	0	0	0.10223	0	0	0	0	0	0	0	0	0	0	0	0	0	0.00757	0	0	0	0	0	0	0	0	0	0	0	0	0	0	0	0	0	0.08716	0	0	0	0	0	0	0	0	0	0	0.56601	0	0.74988	0	0	0	0	0	0	0	0	0	0	0	0	0	0	0	0	0	0	0	0	0	0	0	0	0	0	0	0	0	0	0	0	0	0	0	0	0	0	0	0	0	0	0	0	0	0	0	0	0	0	0	0.5909	0	0	0	0	0	0	0	0	0	0.43272	0	0	0	0	0	0	0	0	0.01985	0	0	0	0	0	0	0	0	0	0	0	0	0.30033	0	0	0	0	0	0	0	0	0	0
"Blautia_hansenii"	0.10013	0.52258	0.01184	0.35919	0.00321	0	0.00082	0.00888	0	0.20504	0	0	0.53624	0.00155	0	0	0	0	0	0	0.05004	1.84278	0	0	0	1.76362	0	0	0	0.00183	0	0.11229	0.01989	0	0	0	0	0	0.30356	0.73003	0.05268	0	0	0.04067	0	0	2.74606	0.66109	0	0	0	0	0	0	0	0	0	0.58261	0.29425	0	0	0	0.01786	0	0	0	0.26673	0	0	1.09403	0.92949	0	0	0.19241	0.0892	0	3.44771	0	0	0	0	3.75725	3.78868	0.88503	5.81306	0	0.39014	0	0	0	0	0	0.54961	0	0.03558	0.70768	2.38449	0	0	0.54845	0	0	0	0.00991	0	0.04697	0	0	0	0.2583	0.29435	0	0	0	0	0	0.09433	0	0.24785	0.01448	0	0.3349	0.31879	1.59779	0.04228	0.31691	0.05508	1.421	0.60238	0	0.21465	0.33912	0.28195	0.03419	0	0.94646	0.57825	2.13557	1.45832	0	0.94176	0	0	0.79517	0.07165	0.11338	0	0	0	0	0	3.56946	0.32312	0	0.09741	0	0.2045	0.05621	0	0	0	0	0	0	0.37131	0	0.12079	0	0	0	0	0.18006	0.30213	0	0	0	0.47332	0.03767	0.22967	0.20985	0	0.17029	0.64652	0.43975	0.12376	0.00229	0	0.76215	0	0	0.01728	0	0.17898	0	0.04601	0.07334	0.42461	0.67186	0	0.26417	0.78306	0.02493	0	0	0	0.17247	0	0	0.06189	0.10358	0	0.00384	0.01023	0	0	0.18038	0	0.03054	0	0	0.63661	0.29942	1.0717	0	0.7103	0	0.88112	0.52148	0.00512	0	0	0	0	0	0	0	0.00119	0	0	0	0	0.23319	0	0	0	0.11718	0	0.04682	0.08686	0	0	0	0	2.87493	0	2.2204	0.00386	0	0.01795	0.24142	0	0.05891	0	0	1.17905	0.05383	0	0	0	0.28825	0.46848	0	0	0	0.19648	0.63612	0	0	0.13104	0	0.63455	0.01277	0	0	0	0.08926	0.11203	0	0.6824	0.52154	0.76298	0.0022	0	0.03114	0.08384	0.20318	0	0	0	0.29166	1.55384	0	0	0	0	0.06015	0	0	0.07144	0.02768	0	0.02939	0.35618	0	1.15138	0	0	0.0176	0	0	0.0089	0.00366	0.58971	0	0	0	0	0.66647	0.02489	0	0	0	0.19927	0	0	0	0	0	0	0	0.15099	0	0.26521	0	0.51625	0	0.12143	0	0.01343	0	0.10401	0	0	0.01156	0	0	0.21045	0.03786	0.87143	0	0	0	0	0.36708	0	0	0	0	0	1.35716	0.45029	0.93306	0.0744	0	0	0.16888	0	0	0.35998	0.26274	0	0	0.15128	0	0.35101	0	0	0	0	1.15647	1.20579	0	0	0	0	0	0.51529	0	0	0	0.0773	0	0	0	0.50467	0.13874	0	0.06506	0	0	13.50796	3.22755	0.04449	0	1.08444	0	0.17768	5.50254	0	0.0294	0	0	0	0.2721	0	0	0	0	0
"Mogibacterium_sp_NSJ_24"	0	0.03655	0.00028	0.00343	0.00714	0	0.02132	0	0.00951	0	0	0	0.23132	0.0089	0	0	0.02286	0.06142	0	0	0	0	0.1527	0	0	0	0.06079	0	0	0	0	0	0.04111	0.00113	0	0.00014	0	0	0.01953	0.0071	0.00295	0	0	0.01442	0	0	0	0	0.00098	0.0062	0.0287	0.02719	0.02501	0	0	0	0	0	0	0.00968	0.02407	0	0	0	0.00686	0.16761	0.07889	0.04766	0.08073	0	0.03046	0	0.18419	0.00156	0.01144	0.00781	0	0	0	0	0	0	0	0	0	0	0	0	0	0.02672	0	0	0	0	0.00092	0.00436	0	0	0.00255	0	0	0.0731	0.00843	0.05309	0.00395	0	0	0.03221	0	0	0.12309	0	0.01894	0.0138	0.00115	0.00687	0	0	0	0.00363	0	0	0	0	0	0.00429	0.01847	0.04378	0	0.02796	0.01763	0	0	0	0.11283	0	0	0	0	0	0	0.0496	0.01383	0	0	0	0	0	0	0.01139	0	0	0	0	0.00337	0	0.01259	0.01933	0	0.26148	0	0	0	0	0.14698	0	0.0413	0	0	0.01018	0	0.01701	0.07235	0	0.00453	0	0.04665	0.09821	0	0	0	0.0079	0	0	0.11826	0	0.01031	0.04153	0	0.02933	0.14304	0	0	0	0	0	0	0.01616	0.04776	0	0	0.02144	0.15193	0	0.18924	0.0266	0	0.01777	0	0.07858	0	0	0.13081	0.00142	0.02831	0.02108	0	0.00706	0	0.1073	0	0	0	0	0.08543	0.24289	0.00054	0.18033	0.08552	0	0	0.01242	0	0	0.03116	0.08586	0	0	0	0	0	0.15655	0	0.00595	0.012	0	0.07095	0	0	0.03714	0.04114	0	0	0	0.03982	0.05198	0	0	0.0171	0	0	0	0	0	0	0	0.01766	0.0903	0	0.01797	0.02291	0	0	0.00065	0.03234	0	0	0.00937	0.0558	0	0.02487	0.01981	0	0.03496	0	0	0	0	0	0	0	0.00565	0.04584	0	0	0.03739	0.03174	0	0.05654	0	0	0.01079	0.02096	0.00168	0	0	0	0.23256	0	0	0	0	0.32545	0	0	0	0.00588	0.02146	0	0	0	0	0	0.0093	0.0519	0	0	0	0	0	0	0.04684	0	0.00493	0.01292	0	0	0	0	0.01708	0	0	0	0.00343	0	0	0.00298	0	0.01101	0.00575	0	0	0	0	0	0.43548	0.04	0	0	0	0.01034	0	0	0.00232	0	0.51467	0	0.02561	0	0	0	0	0	0	0	0	0	0	0	0.0017	0	0	0	0	0	0.04429	0.01364	0	0.00488	0	0	0	0	0	0	0.0325	0	0	0	0	0.02478	0	0	0	0	0	0.00507	0	0	0	0	0	0	0.23438	0	0	0.05646	0	0	0	0	0.01703	0	0	0	0	0	0	0
"Desulfovibrio_piger"	0	0	0	0	0	0.07765	0	0	0	0	0	0	0	0	0.6105	0.14492	0	0	0	0	0	0	0	0.07624	0	0	0	0	0	0	0	0	0	0	0	0.09856	0	0	0	0.04012	0	0	0	0	0	0	0	0	0.37856	0	0	0	0	0	0	0	0	0	0	0	0	0	0	0	0	0	0	0	0	0	0	0.46094	0.3049	0	0.00663	0.00418	0	0	0	0	0	0	0	0	0	0	0	0	0	0	0	0	0	0	0	0	0	0	0.03919	0	0	0	0	0	0	0	0	0	0	0	0	0	0	0	0	0	0	0	0	0	0	0	0	0	0	0	0	0	0	0	0	0	0	0	0	0	0	0	0	0	0	0	0.78571	0	0	0	0	0	0	0	0	0	0	0	0	0	0	0	0	0	0	0.1009	0	0	0	0.11747	0	0	0	0	0	0	0	0	0	0	0	0	0	0	0	0	0	0	0	0	0	0	0	0	0	0	0.32653	0.2531	0	0	0	0	0	0	0	0	0	0	0	0	0	0	0	0	0.0523	0	0	0	0	0	0	0	0	0	0	0.04973	0	0	0	0	0	0	0	0	0	0	0	0	0	0	0	0	0	0	0	0	0	0	0	0	0.19023	0	0	0	0	0	0	0.33721	0.26825	0	0	0	0	0	0	0	0	0	0	0	0	0	0	0	0	0	0	0.13029	0	0	0	0	0	0	0	0	0	0	0	0	0	0	0	0	0	0	0.56593	0	0	0	0	0	0	0	0	0.02738	0	0	0	0	0	0.01685	0	0	0.47295	0	0	0	0	0	0	0	0	0	0	0	0	0	0	0.21723	0	0	0	0	0	0	0	0	0	0	0	0	0	0	0	0	0	0	0	0	0	0	0	0	0	0	0	0	0	0	0	0	0	0	0	0	0	0	0	0	0.20448	0	0	0	0	0	0	0	0	0	0	0.03996	0	0	0	0	0	0	0	0	0	0	0	0	0	0	0	0	0	0	0	0	0	0	0	0	0	0	0	0	0	0	0	0	0	0	0	0	0	0	0	0	0	0	0	0	0	0	0	0	0	0	0
"Dorea_formicigenerans"	0	0.63859	0.27358	0	0.13481	0	0.00623	0.1026	0.33386	0	0.62565	0.22026	0	0.22221	0	0	0	0	0.29464	0	0	0	0	0.15844	0.03608	0	0.14604	0	0.34076	0.15375	0.42007	0	0.09584	0.11109	0.12814	0.06602	0.25728	0	0.0103	0.15347	0.11213	0	0	0.17	0.09262	0.23434	0.35646	0	0.09435	0.16425	0.10596	0	0.56718	0	0	0.13683	0.10101	0.14767	0.77016	0.20781	0.58706	0.26759	0.22466	0	0.43432	0	0	0	0	0	0	0	0	0.06508	0.13604	0.21439	0.01413	0	0	0.10287	0.05384	0	0	0	0	0	0	0	0	0.14872	0.3955	0	0	0.24953	0.45899	0	0	0.13165	0.17966	0	0	0.18557	0.07617	0.08987	0	0.15679	0.11075	0.60107	0.33669	0.00776	0	0	0.06739	0.03419	0.12034	0	0	0.30468	0	0	0.06773	0.15641	0	0	0	0	0	0	0	0.32361	0	0	0	0.45933	0	0	0.40637	1.89552	0	0	0.63394	0.10945	0.30533	0	0	0	0.16491	0	0	0	0	0	0	0	0	0.7472	0	0.35921	0.49394	0.38198	0.50982	0	0	0.1072	0.37474	0	0	0.19092	0.46656	0.33225	0.31622	0.14164	0	0	0	0.07874	1.13543	0	0	0	0	0	0	0	0	0.38786	0.33666	0	0	0	0.1392	0.4652	0	0	0.70352	0.31545	0.51035	0	0.27389	0.20115	0	0	0	0	0.34928	0.41271	0.56616	0.34689	0.30122	0	0.39978	0.15383	0.45612	0.46116	0.03956	0.03498	0	0	0.46491	0.50727	0	0	0	0.23082	0.42103	0	0	0	0.55563	0.23028	0.03946	0.15117	0.3307	0	0.36474	0.66408	0.17704	0.37037	0	0.33326	0	0	0.38454	0.09146	0.5906	0.53786	0.15619	0.19069	0	0	0	0	0	0	0	0	0.11965	0.24362	0.01244	0	0	0	0.40605	0.02267	0	0	0.14084	0.25234	0.34797	0	0.42082	0.55787	0.20244	0.21175	0	0.04579	0.03522	0.13501	0	0.08454	0.02116	0.2235	0	0.47683	0.23616	0.09129	0	0.23671	0.0141	0.49675	0.44742	0	0.32599	0.05562	0	0	0.39491	0	0	0.6049	0	0	0.3086	0.09669	0	0	0	0.8781	0.13641	0	0.62024	0	0.63336	0	0	0	0.22845	0.22926	0	0.43766	0	0	0	0.15826	0	0	0	0	0	0	0	0.11667	0.11266	0	0.20514	0.38982	0	0.1064	0.18863	0.11128	0	0	0	0	0.45829	0.31602	0.15358	0	0.47784	0.21986	0	0.266	0.53768	0.16877	0	0	0.6714	0	0.34936	0	0.33825	0	0	0.52518	0	0	0.61552	0	0	0	0	0.45624	0	0	0.07766	0	0.13951	0	0	0.6384	0.3552	0	0	0.1892	0	0.32078	0	0.15512	0.59368	0	0	0	0.35891	0.40472	0	0	0	0	0	0	0.06218	0	0	0	0	0	0	0	0.21275	0	0	0	0.39333	0.52198	0	0	0.20844	0	0.3519	0.15206	0	0.86519	0	0	0	0	0.39536	0	0
"GGB79973_SGB14342"	0	0	0	0	0	0	0	0	0	0	0	0	0	0	0	0	0	0	0	0	0	0	0	0	0.10756	0	0	0	0.01398	0	0	0	0	0	0	0.05877	0	0	0	0	0	0	0	0	0	0	0	0	0	0	0	0	0	0	0	0	0.01333	0	0	0	0	0.00102	0	0	0	0	0	0	0	0	0	0	0	0	0	0	0	0	0	0	0	0	0	0	0	0	0	0	0	0.01339	0	0	0	0	0	0	0	0	0	0	0	0	0	0	0	0	0	0	0	0	0	0	0	0	0	0	0	0	0	0	0	0	0	0	0	0	0	0	0	0	0	0	0	0	0	0	0	0	0	0	0	0	0	0	0	0	0.01414	0	0.08377	0	0	0	0	0	0	0	0	0	0	0	0	0	0	0	0	0	0	0	0	0	0	0	0	0	0	0	0	0	0	0	0	0	0	0	0	0	0	0	0	0	0	0	0	0	0	0	0	0	0	0	0	0	0.06461	0	0	0	0	0	0	0	0	0	0	0.03695	0	0	0	0	0.03808	0	0	0	0	0	0	0	0	0	0	0.01491	0	0	0	0	0	0.02012	0	0	0	0	0	0	0.05156	0	0	0	0	0	0	0	0	0	0	0	0	0	0	0	0	0	0	0	0	0	0	0	0	0	0	0	0	0	0	0	0	0	0	0.00383	0	0	0	0	0	0	0	0	0	0.0017	0	0	0	0	0	0	0	0	0.01633	0	0	0	0	0	0	0.00333	0	0	0	0	0	0	0	0.00664	0	0	0	0	0	0	0.02672	0	0	0	0	0	0	0	0	0	0	0	0	0.04798	0	0	0.00722	0	0	0	0	0	0	0.02452	0	0	0	0	0	0	0	0	0	0	0	0	0	0	0.11437	0	0	0	0	0	0	0	0	0	0	0	0	0.0369	0	0	0	0	0	0	0	0.01458	0	0.00127	0	0	0	0.01195	0	0	0.24021	0	0	0	0	0	0	0	0	0	0	0	0	0	0	0	0	0	0	0	0	0	0.14288	0	0	0	0	0	0	0	0	0	0	0	0	0	0	0	0	0	0	0	0
"Clostridiaceae_bacterium_OM02_2AC"	0	0.00556	0	0	0	0	0	0	0	0	0	0	0.02949	0	0	0	0	0	0	0	0	0	0.00862	0	0	0	0	0	0	0	0	0	0	0	0	0.03101	0	0	0.00032	0	0.00016	0	0.09863	0	0	0	0	0	0	0.0134	0	0.01879	0	0	0	0	0	0	0	0.00228	0	0	0	0	0	0	0	0.11905	0	0	0	0.03602	0.18913	0	0.00766	0.00166	0	0	0	0	0	0	0	0	0	0	0	0	0	0	0	0	0	0	0	0	0.03101	0	0	0	0	0.08626	0	0	0	0	0	0	0	0	0.07056	0.00056	0	0	0	0	0	0	0	0	0	0	0	0	0	0	0	0	0	0.00326	0	0	0	0	0	0	0.04778	0	0	0	0.00125	0	0	0	0	0	0	0	0	0	0	0	0.06903	0.00582	0	0	0	0	0	0.02107	0	0	0	0	0	0	0	0	0	0	0	0	0	0	0	0	0	0	0.00064	0	0	0	0	0	0.00022	0	0.01858	0.00055	0	0	0	0	0.00897	0	0	0	0	0	0	0	0	0	0	0	0.15214	0	0	0	0	0	0	0	0	0	0	0	0	0	0	0	0	0	0	0	0	0	0	0.17019	0	0.00487	0	0	0	0	0	0	0	0.00699	0	0	0	0	0	0	0	0.00678	0	0	0	0	0	0.0283	0	0	0	0	0	0	0	0.63913	0	0.00206	0	0	0	0	0	0.00546	0	0.00937	0	0	0	0.00372	0.00279	0	0.00794	0.00035	0	0	0.44076	0	0	0	0	0	0	0	0	0.00383	2e-04	0	0	0	0	0	0	0	0	0.00058	0	0	0	0	0	0	0	0.13322	0	0.01793	0	0	0	0	0	0	0.00453	0	0	0	0	0	0.00528	0	0	0	0	0.00609	0	0	0.03068	0	0	0	0	0	0	0	0	0	0	0	0	0	0	0	0	0	0	0	0	0	0	0	0	0.00977	0	0	0	0	0	0	0	0.00225	0	0.01686	0	0	0.62747	0	0	0	0	0	0	0.44576	0	0	0	0.00165	0	0	0	0	0	0	0	0	0.00595	0	0	0	0	0	0	0	0	0	0	0	0	0	0	0.04892	0	0	0	0	0	0	0	0	0.01231	0	0	0	0	0	0	0	0	0	0	0.05826	0.0188	0	0	0	0
"Raoultibacter_timonensis"	0	0.00507	0	0	0	0	0.06091	0.01662	0	0	0	0	0	0	0	0	0	0	0	0	0	0	0	0	0.00362	0	0	0	0	0.00547	0	0	0	0	0	0	0	0	0.01859	0.01472	0.00303	0	0	0	0	0	0	0	0.00438	0.01127	0	0	0	0	0	0	0	0	0	0	0	0	0	0	0.02106	0	0	0	0	0.00637	0	0	0	0	0.00195	0.0206	0	0	0	0	0.0067	0	0	0	0	0	0	0	0	0	0	0	0	0	0	0	0	0	0	0	0	0	0.00868	0	0	0	0	0	0	0	0	0	0	0	0	0	0	0.00579	0	0	0	0	0	0	0	0	0	0	0	0	0	0	0	0	0	0	0	0	0	0	0	0.03828	0.0119	0	0.01388	0	0	0	0	0	0	0	0	0	0	0	0.00198	0.00618	0	0.22153	0	0	0	0	0	0	0	0	0.00197	0.00192	0	0	0	0	0	0	0	0.07411	0	0	0	0	0	0	0	0	0.00477	0	0.02662	0	0	0	0	0	0.00823	0	0	0	0	0	0	0	0.03048	0	0	0.00614	0	0	0	0	0.00796	0	0	0	0.00326	0	0	0	0	0.02748	0	0	0	0	0	0.01735	0	0	0	0	0	0	0	0	0.01782	0.00945	0	0.05443	0	0	0	0	0	0	0	0	0	0.00377	0	0.04688	0.05432	0	0	0.00161	0	0	0.00184	0	0	0	0	0	0.04978	0	0	0	0	0	0	0.00461	0.0191	0	0	0.00146	0.03078	0	0	0	0	0	0.0411	0.14214	0	0.00201	0	0	0	0	0	0	0.02316	0.00577	0.03925	0	0	0	0	0	0	0	0	0	0	0	0	0	0	0.07392	0	0	0.0037	0	0.37659	0	0	0	0	0	0	0	0	0	0	0.07659	0	0	0	0	0.00512	0	0	0.01052	0	0	0	0	0	0	0	0	0	0.00326	0	0.00274	0	0	0	0	0	0	0	0	0	0	0	0	0	0	0.00665	0	0	0	0	0	0.00595	0	0	0	0	0	0	0	0.02267	0	0	0	0	0	0	0	0	0	0	0	0	0	0	0	0	0	0	0	0	0	0.01208	0.00883	0	0	0	0.01443	0.00435	0	0	0	0	0.00229	0	0	0	0.01635	0	0	0	0	0	0	0	0	0	0	0	0	0.0011	0	0	0	0	0	0
"Klebsiella_pneumoniae"	0	0	0	0	2.18263	0	0	0	0.02085	0.01544	0	0	0.0259	0.0449	0.80582	0.00354	0	0.04584	0.05712	1.11916	3.79358	9.7531	0.0051	0.04767	0.02	0	0	1.22986	0	0.02087	0	0.00924	0	0.03477	0	0	0	0	0.03245	0.13588	0.23056	0.0166	0.16352	0	0.08864	0.96713	0	0	0.15757	0	0.28597	0	0.00603	0.06654	0.0081	0	0.30546	0.023	0.01183	0	0.01083	0.11163	2.82934	0.11517	0	0.02279	0	0.04219	0.03557	0	0	0	0	0.2214	0.088	0.02931	0.02023	0	0.00714	0	0.00863	0	0	0	0	0.0852	0	0.00272	0	0.16143	0	0.00901	0.05063	1.22515	0.60812	0	0.06645	0	0.00728	0	0.19847	0.00875	0	0	0.04332	0	1.31162	0	0.00784	0	0.00734	0	0.06737	0	0.10561	0.00833	0.45891	0	0	0	0.13686	0.07828	0	0	0.00533	0.05554	0	0	0.35725	0	0	0.89568	0	0	0	0	0.0783	0.0313	0	0.01616	0	0	0	0	0	0.01149	0	0	0	0	0	0.01373	0	0.03869	0	0	0	0	0	0	0.09929	0	0.01431	0	0	0	0	0	0.0087	1.07676	0	0.00819	0	0	0.05543	0	0	0	0	0.00497	0.02459	0	0	0	0	0	0	0.54993	0.07655	0	0	0.01766	0	0.02179	0.05659	0	0	0	0	0.00564	0	0	0.05179	0	1.27965	0	0.15771	0.00727	0	0.0851	0	0	0.12052	0.08537	0.00419	0	0.12748	0	0.00945	0.10894	0.03129	0	0.00892	0	0	0.01101	0	0	0.00366	0.00281	0	0	0	0	0	0	0	0	3.74264	0.51988	0	0.71018	0.13374	0.01185	0	0.18945	0.01495	0	0	0.01231	0	0	0	0	0.09134	0.16486	0	0	0	0	0	0.01346	0.48439	0.84449	0.11899	0	0	0	0.13448	0	0	0	2.03738	0	0	0	0	0	0.00785	0	0.34453	0.96547	0.12306	0.0403	0	0	0	0	0.75102	0	0	0	0.07615	0.02947	0.01858	0	0	0	0	0.08467	0.06678	0.62048	0.04944	0	0.06146	0	0	0	0	0	0	0	0	0	0	0.51046	0	0	0	0	0.03077	0	0.04232	0	0	0	0.0271	0	0	0	0	0.02353	0	0.06566	0	0	0	0.00205	0	0	0.00439	0.73474	0	0	0.00511	0	0	0	0	0	0	0	0.03029	0.05061	0	0	0	0	0	0.00343	0	0.06793	0	0.03754	0	0	0	0	0.07392	0.43131	0.12859	0	0	0.04661	0	0	0	0	0	0	0	1.09381	0.18032	1.46028	0	0	0	1.80652	0	0.04168	0	1.5577	0.98213	0.04857	0	0	0	0	0	0	0	0.26484	0.00649	0	0.02933	0	0.02407	0	0	0	0	0	0	0	0	0	0	0	0	0	0	0	0	0.06392	0	0	0.05569	0	0.00399
"Lachnoclostridium_phocaeense"	0	0	0.00231	0	0	0	0	0.08031	0	0	0	0	0	0	0	0	0	0	0.01202	0	0	0	0	0	0.00164	0	0.0012	0	0	0	0	0	0	0	0.03653	0.00162	0	0	0.00134	0.01224	8e-05	0	0	0.02353	0	0	0	0	0	0	0	0	0	0.01324	0	0	0	0	0	0	0	0	0	0	0	0.15045	0.11688	0	0	0	0.00451	0	0	0.00118	0	0.04134	0	0.01613	0	0	0	0.08481	0	0	0	0	0	0.01712	0	0.02301	0	0	0	0	0	0	0	0	0	0	0.01436	0	0	0.00703	0	0	0	0	0	0	0	0	0.13203	0	0	0	0	0.09027	0	0	0.00249	0	0	0	0.02823	0	0	0	0	0	0	0	0	0	0	0	0.06374	0	0	0	0	0	0.00927	0	0	0	0	0	0	0	0	0	0	0	0	0	0	0.02102	0	0	0.02204	0	0	0	0	0.38352	0	0	0	0.002	0	0	0	0	0.01148	0	0	0	0	0	0	0	0	0	0	0	0.00242	0	0	0	0	0	0	0	0	0.02564	0	0.0974	0	0	0	0	0	0	0	0	0.01076	0	0	0	0	0	0	0	0	0.02359	0	0	0	0	0	0	0	0	0	0	0.02134	0	0	0	0	0	0	0	0	0.00243	0	0	0	0	0	0	0	0	0	0	0	0	0	0	0	0.02341	0	0	0	0	0	0	0	0	0	0	0	0	0	0	0	0	0	0	0.06788	0	0	0	0	0.03184	0.00607	0	0	0	0.04685	0	0	0	0	0	0	0	0	0	0	0	0.01442	0	0	0	0.03678	0	0.00331	0	0	0	0	0	0	0	0	0	0	0.0108	0.01007	0.00086	0	0	0	0	0	0	0	0.00687	0	0	0	0	0	0	0	0	0.05036	0	0	0	0	0.0124	0	0	0	0	0	0	0	0	0	0	0	0	0.00168	0	0	0	0	0	0	0	0	0	0	0.04961	0.05603	0	0	0.01384	0	0	0	0	0	0	0	0	0	0	0	0	0	0	0	0	0	0.04935	0	0	0	0.04046	0	0	0	0	0	0	0	0	0	0	0	0	0	0	0	0	0.00943	0	0	0	0	0.00788	0	0	0.0018	0	0	0	0	0	0	0	0.16228	0	0	0	0	0	0	0	0	0	0	0	0.2933
"Parabacteroides_faecis"	0	0	0	0	0	0	0	0	0	0	0	0	0	0	0	0	0	0	0	0	0	0	0	0	0	0	0	0	0	0	0	0	0	0	0	0	0	0	0.02171	0.00091	0.00897	0	0	0	0	0	0	0	0.11153	0	0	0	0	0	0	0	0	0	0	0	0	0	0	0	0.03296	0	0	0	0	0	0	0	0	0	0	0.00198	0	0	0	0	0	0	0	0	0	0	0	0	0	0	0	0	0	0	0	0	0	0	0	0	0	0	0	0	0	0	0	0	0	0	0	0.02002	0	0	0	0	0	0	0	0	0	0	0	0	0	0	0	0	0	0	0	0	0	0	0	0	0	0	0	0	0	0	0	0	0	0	0	0	0	0.00867	0	0	0	0	0	0	0	0	0	0	0	0	0	0	0	0	0	0	0	0	0	0	0	0	0	0	0	0	0.07993	0	0	0	0	0	0	0	0	0	0	0	0	0	0	0	0	0	0	0	0	0	0	0	0.36643	0	0	0	0	0	0	0	0	0	0	0	0	0.23016	0	0	0	0	0	0	0	0	0	0	0	0	0	0	0	0	0.11711	0	0	0	0.65407	0	0	0	0	0	0	0	0	0	0	0	0	0	0	0	0.0076	0	0	0	0	0	0	0	0	0	0	0	0	0	0	0	0	0	0	0	0.06803	0	0	0	0	0	0	0.07057	0	0	0.03771	0	0	0	0	0	0	0	0	0	0	0	0	0	0	0	0	0	0	0	0	0	0	0	0	0	0	0	0	0.07869	0	0	0	0	0	0.11078	0	0	0	0	0	0	0.03952	0	0	0	0	0	0	0	0	0	0	0	0	0	0	0	0	0	0	0	0	0	0	0	0	0	0	0	0	0	0	1.52469	0	0	0.3886	0	0	0	0	0	0	0.21461	0	0	0	0	0	0	0	0	0	0	0	0	0	0	0	0	0	0.01954	0	0	0	0	0.06832	0	0	0	0	0	0	0	0	0	0	0.63316	0	0	0	0	0	0	0	0	0	0	0	0	0.5785	0.2405	0.13226	0	0	0	0	0	0	0	0	0	0	0	0	0	0
"Lawsonibacter_asaccharolyticus"	0.02235	0.12969	0.03338	0.10156	0.02451	0	0.36038	0.1564	0.0122	0.01098	0.00209	0	0.07543	0.02927	0.50157	0.30268	0.04503	0	0.02066	0.00697	0	0	0.05081	0	0.04534	0	0.04726	0	0	0.03962	0	0	0.038	0.13358	0.09905	0.07175	0.04022	0.01566	0.04385	0.07174	0.04135	0	0.34286	0.03516	0.0579	0	0.29563	0.15069	0.05859	0.10517	0	0.06175	0.24264	0	0	0	0.00072	0	0	0.15345	0	0.01542	0	0.05187	0.15255	0.12687	0.06029	0	0	0	0	0	0	0.00712	0.01995	0.03682	0	0	0	0	0.01011	0.05564	0.02967	0	0	0.06732	0	0.21208	0.00472	0	0.00229	0	0	0.00945	0	0	0	0.01702	0.01965	0	0	0.19382	0.11441	0	0	0.01735	0.00643	0.2257	0.18678	0	0.36888	0	0	0	0.06491	0	0	0.02944	0	0	0	0	0	0	0	0	0	0	0	0.01968	0	0	0	0	0.02738	0	0	0	0	0	0	0.04309	0.06766	0.02034	0	0.01362	0.01273	0.00538	0.14975	0	0	0	0	0	0.05296	0	0.09961	0.03107	0.08432	0	0.01181	0.01164	0.01148	0.00425	0.02059	0	0.02068	0	0.02582	0.01906	0.04864	0.02914	0	0.03597	0	0	0	0.31409	0	0	0	0	0	0	0.01937	0	0.00725	0	0.06073	0.29566	0.09564	0.00633	0	0	0.04347	0	0.0117	0	0.00993	0.03902	0	0.15139	0.02881	0	0	0.08524	0	0.0761	0	0	0.01214	0.00153	0.02186	0	0.11604	0.04529	0	0	0.08439	0.23115	0	0	0	0.01641	0.00418	0.08881	0	0	0	0.23612	0	0	0.01787	0.11567	0.11441	0.02742	0.10946	0.00759	0	0.00386	0.01538	0	0	0.10499	0.10114	0	0.03405	0	0	0	0	0	0	0.2081	0	0.00523	0	0.17323	0.00693	0.06312	0.02286	0.08216	0	0	0	0	0.03408	0.14207	0.00271	0	0.01742	0	0.0028	0.00242	0	0	0	0.16571	0.03219	0.0651	0.04409	0	0.01108	0.04692	0	0.00491	0	0.03107	0	0	0	0.12854	0.09427	0	0.01018	0.0413	0	0	0.21361	0.02624	0	0.04001	0.02368	0.00248	0.02013	0	0	0.09362	0.00854	0	0.08374	0	0.03365	0	0.00489	0	0.01747	0.01418	0.08696	0.05691	0	0.01833	0	0.06635	0.05789	0	0	0	0	0.41024	0	0.03119	0	0.29181	0.01939	0.01714	0	0.05081	0.10842	0.16717	0	0	0.06811	0.14668	0	0	0	0.00843	0.01148	0.0083	0	0	0	0.18649	0.06369	0	0	0.01937	0.03011	0	0.08765	0	0.0361	0.03346	0	0.06739	0.02973	0.19729	0	0	0	0.00715	0.03601	0.23183	0	0	0.04755	0	0	0.09292	0	0	0	0.07285	0.07717	0.02771	0	0	0.02897	0	0.07174	0	0	0.03375	0.02189	0.42656	0	0	0	0	0.09035	0	0.59092	0	0.11561	0	0.06784	0.01691	0	0.02845	0	0.1243	0.09586	0.02377	0	0	0.05115	0	0.00093	0.03959	0	0	0.07024	0	0	0	0	0	0
"Gordonibacter_pamelaeae"	0	0.05064	0	0	0.00237	0	0.18201	0.03128	0.02204	0	0.01049	0.0099	0.03022	0.03757	0.05091	0.01229	0.00974	0	0.00833	0.03275	0	0.02582	0.04871	0	0	0	0.04507	0	0.00241	0.01319	0	0.01073	0.01644	0	0	0.02108	0.04112	0	0.01316	0.04223	0.01651	0	0	0	0.0015	0	0.00853	0.00751	0.06168	0.16071	0.02526	0.05763	0.12916	0.00479	0.01051	0	0	0	0	0.05954	0.05858	0.00251	0	0.00488	0.03524	0.10093	0.08557	0.13447	0.04498	0	0	0.00572	0	0.0052	0.02164	0.0037	0	0	0	0	0.00738	0.07405	0.04663	0	0	0.03159	0.03413	0	0	0.03893	0	0	0	0.01462	0.01731	0.01294	0	0.01463	0.00968	0	0	0.03781	0.02432	0	0	0.00799	0.00268	0.15854	0	0.01807	0.0332	0.01776	0	0	0	0	0	0.04687	0.04064	0	0	0	0.00065	0	0	0.02697	0.02876	0	0	0.02133	0.01658	0.00364	0	0	0	0.0242	0	0.00516	0.01795	0	0	0	0.00145	0	0	0	0.03415	0	0.02071	0	0	0.08477	0	0.00566	0.00936	0	0.01807	0.03816	0	0	0	0	0	0.0067	0.04213	0	0	0.01163	0	0.07965	0	0	0.01374	0.03216	0.00921	0	0.02325	0.07487	0	0	0	0.0086	0	0.01944	0.05488	0.00033	0.0246	0	0	0	0.24375	0.01954	0	0.01446	0	0.00734	0	0.03313	0.02366	0	0	0.03747	0.00908	0	0	0.06635	0.1015	0.02917	0.0086	0.04487	0.07011	0	0	0.02394	0.05301	0.02328	0	0	0	0.05528	0.00932	0	0.06716	0.01159	0.04699	0	0	0.03417	0.09992	0	0	0	0.04122	0.31358	0.03808	0.05144	0.07652	0	0	0	0	0.22509	0	0.03285	0	0	0.1508	0	0	0	0.04899	0.02964	0	0.01172	0.02366	0	0.02869	0.03478	0	0.14619	0	0	0	0	0	0	0	0.04034	0	0	0	0	0.01319	0.01569	0	0	0.06916	0.01806	0.02589	0.01565	0	0	0.02046	0.08397	0	0.0129	0	0	0	0	0	0.07689	0.05836	0	0	0.12895	0.0377	0	0	0.04299	0.07026	0.00847	0	0.00807	0.03842	0.03905	0.02089	0.14475	0.01014	0.23789	0	0	0	0.00853	0	0	0	0.06817	0	0	0	0	0	0	0.11423	0	0.15301	0	0.01739	0	0	0.13609	0	0.11985	0	0	0	0.00554	0	0	0	0	0	0.03548	0	0	0.01386	0	0	0	0	0	0	0	0.01979	0	0.02166	0	0	0	0.00741	0	0	0	0.07646	0.00911	0	0	0	0.02603	0	0	0.06276	0	0	0	0	0	0.0018	0	0	0	0	0.0178	0	0	0.12008	0.02451	0.00043	0	0	0	0	0	0	0	0.01547	0	0	0.03421	0	0.005	0	0.00804	0	0.01965	0.00368	0	0.01554	0	0	0.01436	0.00802	0.33168	0	0	0	0	0.01216	0.01181	0	0	0.02887	0	0	0	0.06409	0	0
"Firmicutes_bacterium_AF16_15"	0	0	0.14194	0	0	0	0.57078	2.93189	0.03176	0.33063	0	1.12939	0.6133	2.07002	0.09345	0	0	0	0	0	0	0	0	0	0.42605	0	0.46242	0	2.22754	5.82229	0	0	0.68574	0.42909	0.0028	0.02676	0.06769	0.10271	0.00813	0.08252	0.56453	0	0.0291	0.18628	0.58306	0	0	0	0.60103	0.20851	1.0352	0	0	0	0	0.00257	0.04253	0.15023	0	0	0	0.03265	0	0.09401	0.11786	0	0	0	0	0	0	0.49833	0	0.37946	0.02749	0.99805	0	0	0	0.22473	0.0175	0	0	0	0	0.08463	0	0	0.08288	0.39968	0.09913	0	0	1.52741	0	0	0	0.3203	0.17724	0	0	0	0	0.26051	0.78329	0	0.16514	0.37466	0.16033	0	0.92235	0	0	2.88202	3.15995	0	0	0.22256	0	1.04826	0.72009	0	3.8371	0	0	0.32425	0.19867	0	0	1.5958	0.84065	0	0	0.09612	0.22864	0	0	0	0	0	0	0.0722	1.24721	0	0	2.0689	0.1611	0	0.1237	0	0	0	0	0	0.62973	0	0.03232	0.38681	0	0.11826	0.29951	0	0.01915	0.88692	0.38833	0	0	1.57006	0.38873	0.12896	0.3197	0.1149	0.71509	0.389	0	0	0	0	0	0	0	0.55914	0.30472	0.40191	0.72565	0	0.04361	0.06917	0.30221	0	0.03487	1.72767	0	0	0	0.19664	0.00392	0.0764	0	0.127	0	0.83738	0.14882	0	0	0.10739	0	0.651	0.13279	0	0.28342	0	0	0.18167	0.13767	0.13319	0	0	1.22802	0.07597	0	0	0	0	0.02577	0	0	0	0.25778	0.22165	0.11735	0	0.0396	0	0.14708	1.00876	0.14405	0.092	0	0.04507	0	0	0.01784	0.23316	0.36831	0	0.07396	0.06234	0	0.17034	0	0	0	0	0	0	2.25458	0.51915	0	0	0.12762	0.10039	0.18436	0	0	0.03735	0.15696	0.08701	0.28096	0	0	0.14739	0.1055	0.38982	0.49311	0	0	2.00822	0.26114	0.62556	0	0.5403	0.35495	0.23164	0	1.37329	0.49937	0.1904	0	0	0	0.06103	0	0	0	0	0	0	0.01844	0	0	0	0.20488	0.65088	0	0	0.22906	0.03327	1.1071	0	0.28031	0	0	0	0	0	0	0.04935	0.23655	0	0	0.75332	0	0.52439	0	0	0	0	0	0	0	0.08568	0	0	0.21576	0.8085	0	0.99029	0.45638	1.63515	0	0.23195	0	0.14415	0	0	0.41488	0	0	0.25816	0	0	1.89534	0.81676	0	0	3.37252	0	0	0.39006	0	0	0	0.71047	0.42387	0	0.76981	0	0	0	0	0	0	1.23993	0.07	0	0	0.19898	0	0	0	0	0	0.59008	0	1.16577	0.05713	2.12926	0.03651	0	0.35341	0	0	0.92323	0	0.46738	0.71064	0	0	0	0.84542	0	0	0	0.22932	0.19109	0.02746	2.39112	0.11533	0.87754	0	0.12899	0	0	0.02333	0	0	0	0.21646	0	0	0	0	0	1.56148	0.15086	0	0	0
"Gemella_sanguinis"	0	0.00548	0	0	0	0.00832	0	0	0	0	0	0	0	0	0	0	0	0	0	0.00193	0	0	0	0.02407	0	0.00047	0	0	0	0	0	0	0	0	0	0	0	0	0.00147	0.00102	0.00088	0	0	0	0	0	0	0	0	0	0	0	0	0	0	0	0	0	0.00055	0	0.00627	0	0	0	0	0	0	0	0	0	0	0	0	0.00297	0.00049	0.00213	0	0	0	0	0	0	0	0.00994	0	0	0	0	0	0	0.01661	0	0	0	0	0	0.00773	0	0	0.00189	0	0	0	0	0	0	0	0	0	0	0	0	0	0	0	0	0	0	0	0	0	0	0	0	0	0	0	0	0.01497	0	0	0	0	0	0	0	0.00237	0	0	0	0	0	0	0	0	0	0	0	0	0	0	0	0	0	0	0.00149	0	0	0	0	0	0	0.00191	0	0	0	0	0	0	0	0	0	0	0	0	0	0	0	0	0	0	0	0	0	0	0.00061	0	0	0	0	0	0	0	0.00879	0	0	0.00974	0	0	0	0	0	0.00432	0	0	0	0	0	0	0	0	0	0	0	0	0	0	0	0	0	0	0	0	0	0	0	0	0	0	0	0	0	0	0	0.00148	0	0	0	0.01763	0.00011	0	0	0	0	0	0.00233	0	0	0	0	0	0	0	0	0	0	0	0	0	0	0	0	0	0	0.003	0	0	0	0	0	0	0	0	0	0	0	0	0	0	0	0	0	0	0	0	0	0	0	0.01733	0	0	0	0	0	0	0	0	0	0	0	0	0	0	0	0	0	0	0.00143	0	0.00116	0	0	0.00548	0	0	0	0	0	0	0	0.01464	0	0	0	0	0	0	0	0	0	0	0.02782	0	0	0	0	0.00442	0	0	0	0.01784	0	0.06223	0	0	0	0	0	0	0.00266	0	0	0	0	0	0	0	0	0	0	0	0	0	0.00348	0	0	0	0	0	0	0	0	0	0	0	0	0	0	0.00211	0	0	0.03125	0.00179	0.00164	0	0	0	0	0	0	0.00265	0	0	0	0	0	0	0.00103	0.00018	0	0	0	0	0	0	0	0	0	0	0.00089	0	0	0	0	0.00107	0	0	0	0	0	0.00119	0	0	0.00183	0.00329	0	0	0	0.00364
"Enterococcus_faecalis"	0	0	0	0	0	0	0	0	0	0	0	0	0	0	0	0	0	0	0	0	0	0	0	0	0	0	0	0	0	0	0	0	0	0	0	0	0	0	0.00238	0.14215	0	0	0	0	0.14739	0.98178	0	0	0.00223	0	0	0	0	0	0	0	0	0	0	0	0	0	0	0	0	0	0	0	0	0	0	0	0	0.00672	0.00227	0.01147	0	0	0	0	0	0	0	0	0	0.00091	0	0	0	0.00927	0	0	0	0.03904	0.01601	0	0	0	0	0	0	0	0	0	0	0	0	0	0	0	0	0.11419	0	0	0	0	0	0	0	0	0	0.02651	0	0	0	0	0	0	0	0	0	0	0	0	0	0	0	0	0	0	0	0	0	0	0	0	0	0.00455	0	0	0	0	0	0	0	0	0	0	0	0	0	0	0	0	0	0	0	0	0	0	0	0	0	0	0	0	0	0	0	0	0.05946	0	0	0	0	0.00911	0	0	0	0	0.00894	0	0	0	0	0	0	0	0	0	0	0	0.22327	0	0	0	0	0	0	0	0	0	0	0	0.00047	0	0	0	0	0	0	0	0	0	0	0	0	0	0	0	0	0	0	0.0063	0	0	0	0	0.00565	0	0	0	0	0	0	0	0	0	0	0	0	0	0	0	0	0	0	0	0	0	0	0	0	0	0	0	0	0.00705	0	0	0	0	0	0	0	0	0	0	0	0	0	0	0	0	0	0	0	0	0	0	0	0	0	0	0	0	0	0	0	0	0	0.044	0	0	0	0	0	0	0	0	0	0	0	0	0	0	0	0	0	0	0	0	0	0	0	0	0	0	0	0	0	0	0	0	0	0	0	0	0	0	0	0.00165	0	0	0	0	0	0	0	0	0	0	0	0	0	0.19513	0	0	0	0	0	0	0	1.32505	0	0	0	0	0	0.00921	0.02544	0	0	0	0	0	0	0	0	0	0	0	0	0.00545	0	0	0	0.02925	0	0	0	0.6107	0	0	0	0	0	0	0	0	0	0	0	0	0	0	0	0	0	0	0	0	0	0	0	0	0	0	0	0	0	0	0.00738	0	0	0	0	0	0
"Prevotella_bivia"	0	0	0	0	0	0	0	0	0	0	0	0	0	0	0	0	0	0	0	0	0	0	0	0	0	0	0	0	0	0	0	0	0	0	0	0	0	0	0.00028	0	0.00058	0	0	0	0	0	0	0	0	0	0	0.07366	0	0	0	0	0	0	0	0	0.04141	0	0	0	0	0	0	0	0	0	0	0	0.01662	0.00433	0.01584	1e-04	0	0	0	0.0951	0	0	0.0039	0	0	0	0	0	0	0	0	0	0.03728	0	0	0	0	0	0	0	0	0	0	0.00438	0	0	0	0	0	0	0	0	0	0	0.0275	0	0	0	0	0	0	0	0	0.01336	0	0	0	0	0	0	0	0	0	0	0	0	0	0	0	0	0	0	0	0	0.02081	0	0	0	0	0	0	0	0.00448	0	0	0	0	0.19145	0	0.00658	0	0	0	0	0	0	0	0	0	0	0	0	0	0	0	0	0	0	0	0	0	0.07893	0	0	0	0	0	0.00116	0	0	0	0	0	0	0	0	0	0	0	0	0	0	0	0	0	0	0	0	0	0	0	0	0	0.11908	0	0	0	0	0	0	0	0	0	0	0.00513	0	0	0	0	0	0	0	0	0	0	0	0	0	0.02165	0	0	0	0	0	0	0	0	0	0	0	0	0	0	0	0	0	0	0	0	0	0	0	0	0	0	0	0	0	0	0	0	0	0	0	0	0	0	0	0	0	0	0	0	0	0	0	0	0	0	0	0	0	0	0	0	0	0	0.00394	0	0	0	0	0	0	0	0	0	0	0	0	0	0	0	0	0	0	0	0	0	0	0	0	0	0.0086	0	0	0	0	0	0	0	0	0	0	0	0	0	0	0	0	0	0.06908	0	0	0	0	0	0	0	0	0	0	0	0	0	0	0	0	0	0.00351	0	0	0.00143	0	0	0	0	0	0	0	0	0	0	0	0	0	0	0.00602	0	0	0	0	0	0.03522	0	0	0	0	0	0	0	0	0	0	0	0	0	0	0	0	0	0	0	0	0	0	0	0	0.00982	0	0	0	0	0	0	0	0	0	0	0	0	0	0	0	0	0	0	0	0
"Eubacterium_callanderi"	0	0	0	0	0	0	0	0	0	0	0	0	0	0.00634	0	0	0	0	0	0	0	0	0	0	0	0	0.00096	0	0	0	0	0	0	0	0	0	0	0	0.00876	0.06604	0	0	0	0	0	0	0.06961	0.00557	0.024	0	0	0.04912	0.06067	0	0	0	0	0	0	0	0	0	0	0	0	0.02472	0.0029	0	0	0	0	0	0	0.02657	0.00444	0.01218	0	0	0	0	0	0.00277	0.04477	0	0	0.00487	0.03141	0	0	0	0	0	0	0	0	0	0	0	0	0	0	0	0	0	0	0	0	0	0	0	0	0	0	0	0	0	0	0	0	0	0	0	0	0	0	0	0	0	0	0	0	0	0	0	0	0	0	0.14903	0.12777	0	0	0.02302	0.01132	0.02924	0.00651	0	0	0	0	0.0083	0	0.0321	0	0	0	0	0.01515	0.01228	0	0	0	0	0	0	0	0	0	0	0	0	0.01592	0	0	0	0	0	0.01141	0	0.01221	0	0	0	0	0.00409	0.00154	0	0	0	0	0	0	0	0.37614	0	0	0	0	0	0	0	0	0	0.12087	0.03286	0	0	0	0.00574	0.01782	0	0.03111	0	0	0	0	0	0	0	0	0.00286	0	0	0	0	0.00574	0.02994	0	0	0.02275	0	0	0	0	0	0	0	0	0	0	0	0	0.16971	0	0	0	0	0	0	0	0	0	0.17257	0	0	0	0	0	0.01035	0	0	0	0	0	0	0	0	0.002	0.01696	0	0	0	0	0	0	0	0.0154	0	0.00166	0	0	0.22043	0	0	0	0	0	0	0	0	0	0	0	0	0	0	0	0	0	0	0	0	0	0	0	0	0	0	0.0568	0	0	0.00513	0	0	0	0	0	0	0	0	0	0	0	0	0	0	0	0	0	0	0.02852	0	0	0	0	0.00936	0	0	0	0	0	0	0	0	0	0	0	0	0	0	0	0	0	0	0	0	0.50135	0	0	0	0.01503	0	0	0	0	0	0	0	0	0	0.00364	0	0	0	0	0	0	0	0	0	0	0	0	0	0	0	0	0	0	0	0	0	0	0	0	0	0	0	0	0	0	0	0	0	0	0	0	0	0	0	0	0	0	0	0.33593	0	0	0	0	0	0	0	0	0	0	0	0	0	0	0
"Bittarella_massiliensis"	0.00316	0	0	0.00427	0	0	0.01755	0.00441	0.01224	0	0	0	0.06218	0	0.02115	0.02071	0.00882	0	0	0	0	0	0.00043	0	0	0	0	0	0	0	0.00664	0	0.02581	0	0	0	0	0	0.00924	0.00643	0.00464	0	0	0	0	0	0	0.0182	0	0	0.00875	0.02886	6e-04	0	0.00536	0	0	0.00161	0	0.04604	0.01532	0	0	0.0012	0.00274	0.03382	0.03128	0.02764	0.02846	0	0.01236	0.01312	0	0.01026	0.0094	0.01266	0	0	0	0	0	0.00059	0	0	0	0	0.01632	0	0.00912	0.00019	0	0	0	0	0	0.00222	0	0	0	0.02683	0.02126	0	0.0079	0.00181	0.0043	7e-04	0	0.02093	0	0.00663	0.05057	0.0021	0	0.01529	0	0.00779	0.01757	0	0.00707	0	0	0	0.00678	0	0	0.01299	0.00995	0.01277	0	0	0.00177	0	0	0	0	0	0.00809	0	0.00209	0.01547	0	0	0.01666	0	0	0.00999	0	0	0	0.00394	0	0.00235	0	0.00395	0	0	0.015	0	0	0.02466	0	0	0	0	0	0.07465	0.00041	0	0.00579	0	0	0	0.00456	0	0.00079	0	0.00554	0.00168	0.00833	0	0	0	0.00162	0.00247	0	0	0.01462	0.01155	0	0.02413	0	0	0.00742	0.00349	0	0.00356	0	0	0.01067	0	0	0	0.00084	0	0	0.01344	0	0	0	0	0	0	0	0	0	0.00317	0	0	0	0	0	0.00522	0.00053	0.00359	0	0.0281	0.01011	0	0.00175	0.00075	0	0	0	0.00422	0	0.00012	0	0.05065	0	0	0.04317	0.01351	0	0.00366	0.00171	0	0.00965	0	0.00421	0.01728	0.01314	0.00354	0	0.00575	0.01215	0	0	0	0	0.01566	0.04371	0.00048	0	0	0.01174	0	0	0.01451	0	0.00349	0	0	0	0	0	0	0.01365	0	0	0	0.00193	0.00984	0	0	0	0	0.0109	0.00293	0	0.03167	0	0.00586	0.01558	0	0	0.0014	0.0057	0	0.00166	0.00892	0.02549	0	0	0	0.00019	0	0.00692	0.00212	0	0.00445	0.00601	0.00551	0	0	0	0	0	0.00071	0	0.05106	0.00271	0	0.01499	0	0.03071	0.01593	0.01165	0.03389	0.00785	0	0	0.00012	0.01884	0	0.00062	0	0	0.00131	0.00602	0	0	0	0	0.00024	0	0	0.01068	0	0	0	0	0	0	0	0	0.02223	0.00362	0	0	0.0014	0	0	0	0.00572	0	0	0	0	0	0.00019	0	0	0	0	0	0.00198	0	0.00551	0	0.00097	0	0	0	0	0.00329	0	0	0.00192	0	0	0.04718	0.01664	0	0.00441	0.00104	0.02226	0	0.01021	0	0.03169	0.01383	0.00642	0	0.01539	0	0	0.001	0.00024	0	0	0	0.02491	0	0.04689	0	0	0.01112	0.00479	0	0.00983	0	0.02227	0	0.00662	0	0.00536	0	0.00466	0
"Clostridia_bacterium_UC5_1_1D1"	0	0.00085	0.00326	0	0.00814	0	0.01624	0.01819	0	0	0.00551	0.00291	0	0.00488	0.06118	0.00648	0.01444	0	0.02853	0.01232	0	0	0.01056	0	0.00345	0	0.00882	0	0	0	0.02262	0.02262	0.00598	0.00532	0	0	0	0.01999	0.01588	0.02351	0.01005	0	0.0307	0	0.00301	0	0.02681	0.05924	0	0.00102	0.00489	0.00675	0.01249	0	0	0	0	0	0	0	0	0.00048	0	0.01875	0.00382	0.01693	0.00218	0.04816	0.22887	0.03516	0	0.02644	0	0.0065	0.01129	0.01858	0.00828	0	0	0	0	0.01949	0.06877	0.05911	0	0.01234	0	0.02062	0	0.00496	0	0	0	0	0.00178	0.00077	0.00373	0.01238	0	0.00247	0.01516	0.00612	0	0	0.00852	0	0	0.00489	0.02524	0.0044	0.00075	0.00411	0.0515	0.01061	0.00341	0	0.00914	0.00286	0.05134	0.02119	0.03994	0	0	0.03035	0	0	0	0.00263	0	0	0	0	0	0	0.00988	0.04787	0.08865	0	0.01204	0.00202	0.0025	0	0.01732	0	0	0	0	0.02685	0	0.00489	0	0.01405	0	0	0	0.00207	0.0085	0.00257	0	0.01589	0.00682	0.00834	0.00369	0	0	0.01757	0	0	0	0.0017	0	0.03368	0.00271	0.01083	0.0207	0	0.00207	0.00172	0.01164	0	0	0	0.00416	0.00052	0.02642	0	0.00969	0	0.0069	0.06026	0	0.00255	0.00319	0.02002	0	0.00814	0	0	0	0.00296	0	0	0	0	0	0.00309	0.00955	0.01057	0	0.00499	0.06479	0	0	0	0	0.00603	0	0	0.01956	0.03404	0.0088	0	0.02405	0.00339	0.01035	0	0.00586	0.02264	0.0048	0.00146	0	0	0	0.01339	0	0.00256	0.0068	0.01113	0	0.00741	0.0119	0	0.011	0.00262	0.00818	0.0031	0.01108	0	0	0.01234	0	0.0056	0	0.02188	0.07126	0.01674	0.00645	0	0	0.00999	0.01239	0.00295	0	0	0.00809	0	0.01512	0	0.0066	0.00092	0	0	0	0.00753	0.14397	0.0173	0	0.00591	0.00145	0.00345	0	0.03532	0.00467	0	0	0	0.01239	0.01382	0.00233	0.01829	0.00627	0.00517	0.0044	0.02536	0	0.01168	0.00824	0.00069	0.00568	0.06447	0.03404	0.02146	0	0	0	0	0	0.02647	0	0.00507	0	0.01132	0	0	0.00475	0.00418	0.00115	0	0.00221	0.0029	0	0	0.11915	0.01314	0	0.05394	0.02692	0	0	0.02079	0.02006	0.00041	0.00512	0.05533	0.00406	0	0	0	0	0.00401	0	0	0	0.05619	0	0	0.01989	0	0	0	0	0	0	0.03253	0.00126	0	0.01005	0	0.02053	0	0	0	0.00362	0.02703	0	0	0.00602	0	0	0.01188	0.07104	0	0	0	0	0.00156	0	0	0	0	0	0	0	0	0.01291	0	0	0	0	0.00401	0.01374	0	0	0	0	0.03966	0.00712	0	0	0	0	0	0.00367	0.11125	0.00269	0.00956	0.00075	0	0	0	0.0207	0.05191	0.03142	0	0.0045	0.14178	0.02443	0.01515	0	0.04488	0	0	0.00194	0	0	0.00436	0	0	0
"Actinomyces_SGB17132"	0	0	0	0	0.00236	0	0	0	0	0	0	0	0	0	0	0	0	0	0	0	0	0	0	0	0	0	0	0	0	0	0	0	0	0	0	0	0	0	0.00188	9e-05	0.0018	0	0	0	0	0	0	0	0	0	0	0	0	0	0	0	0	0	0.00741	0	0	0	0	0	0	0.0045	0	0	0	0	0	0	0	0.00165	0.00276	0.00348	0	0	0	0	0	0	0	0	0.00978	0	0	0	0	0	0.00215	0	0	0	0	0	0.02894	0	0	0	0	0	0	0	0	0	0	0	0	0	0	0.00524	0	0	0	0	0	0	0.00258	0	0	0	0	0	0	0	0	0.00192	0.00287	0	0	0	0	0	0	0	0.00843	0	0	0	0	0	0	0	0	0	0	0	0	0	0	0	0	0.00061	0	0.00786	0	0	0	0	0.0014	0	0	0	0	0.00512	0	0	0	0	0	0	0	0	0.00031	0	0	0	0	0	0.00069	0	0	0	0	0.0046	0	0	0.00039	0	0	0	0	0	0	0	0.00715	0	0	0	0	0	0	0	0	0	0	0	0	0	0.00045	0	0	0	0	0	0	0	0	0	0	0	0	0	0	0	0	0	0	0	0	0	0	0	0	0.00463	0	0.0066	0	0	0	0	0	0	0	0	0	0	0	0	0	0	0	0	0	0	0	0	0	0	0	0	0	0	0	0	0	0	0	0	0	0	0	0	0	0	0	0	0	0	0	0	0	0	0	0	0	0	0.00437	0	0	0	0.00023	0	0	0	0	0	0	0	0	0	0	0	0	0	0	0	0	0.00364	0	0	0.00352	0	0	0	0	0	0	0	0	0	0	0	0	0	0	0	0	0	0	0	0	0	0	0.00056	0.00493	0	0	0	0	0	0.02366	0	0.00205	0	0	0	0	0	0.00633	0	0	0	0	0	0	0	0	0	0	0	0	0.00173	0	0	0	0	0	0.0029	0.00626	0	0	0	0	0	0	0	0	0	0	0.02403	0	0	0	0	0	0	0	0.0079	0	0.01806	0	0	0	0	0	0	0.0028	0	0	0	0	0	0	0	0	0.00481	0	0	0	0.00346	0	0	0	0	0	0	0	0	0	0	0	0	0.00543	0	0	0.00105	0.00088
"Massilimicrobiota_timonensis"	0.00173	0.02747	0	0	0	0	0.03174	0.03073	0	0	0	0	0	0	0	0	0	0	0	0	0	0	0	0	0	0	0	0	0	0	0	0	0	0	0	0.00231	0	0	0.0241	0.02005	0.00066	0	0	0.02232	0	0	0	0.01744	0	0	0	0	0.02247	0	0	0	0	0	0	0.19513	0	0	0	0	0	0.06391	0.20554	0.07379	0	0	0.02688	0	0	0.00904	0.01019	0.01304	0	0	0.12427	0	0	0.10855	0	0	0	0.00229	0.00617	0	0	0	0	0	0	0	0	0.05001	0	0	0	0	0	0	0	0	0	0	0	0	0	0	0	0	0.008	0	0	0	0	0	0.0028	0	0.00285	0	0	0	0	0	0.02629	0.01138	0	0.00848	0.00411	0	0	0	0.03934	0	0	0	0	0	0	0.00477	0	0	0	0	0	0	0	0	0	0	0	0	0	0	0.01393	0	0	0.0021	0.00283	0.00794	0	0	0	0.00984	0	0	0.00513	0.00319	0	0.01089	0.14312	0.02281	0.03187	0	0	0.08263	0	0.01835	0	0	0.02748	0	0	0	0	0	0	0.01301	0	0	0.00149	0	0	0.01313	0	0	0	0	0	0.02388	0.02321	0	0	0.03517	0.00137	0	0	0.00038	0.01202	0	0	0	0.00756	0	0	0.00534	0	0	0	0	0	0.0094	0	0	0.0172	0	0	0.00044	0	0	0	0	0.00888	0.00471	0	0.00426	0	0	0	0.00487	0	0	0	0	0.04047	0	0	0	0	0	0	0.00329	0.01358	0	0	0	0	0.05212	0.02213	0	0.05918	0	0	0	0	0	0	0	0	0	0	0.00102	0	0	0	0.00471	0	0	0.00527	0	0	0	0	0	0	0	0	0.01473	0	0	0	0	0	0	0	0	0	0	0	0	0	0	0	0	0	0.04797	0	0.01008	0.07726	0	0	0	0	0	0.00863	0	0	0	0	0	0	0	0.01867	0	0.01587	0.05028	0.00119	0	0	0	0.00401	0	0	0	0	0	0	0	0	0	0	0	0	0	0	0	0	0	0	0	0	0	0	0.3088	0.021	0.01231	0.02109	0.00753	0	0	0.24137	0.01642	0	0	0.00144	0.02173	0	0	0.00509	0	0.03375	0	0	0	0	0.0235	0	0	0	0	0	0	0	0	0	0	0.00522	0	0	0	0	0.01572	0	0.02376	0.0105	0	0	0	0.00536	0	0	0	0.0285	0.00202	0.00497	0.00498	0.01739	0	0	0	0	0	0	0	0.00514	0	0.01697	0	0	0	0	0.00618	0	0	0	0.01139	0
"Streptococcus_anginosus"	0	0	0	0	0	0	0	0	0	0	0	0	0	0	0	0	0	0	0	0	0	0	0	0.08081	0	0	0	0	0	0	0	0	0	0	0	0	0	0	0.00113	0.00011	0.00102	0	0	0	0	0	0	0	0	0	0	0.09822	0	0	0	0	0	0	0	0	0	0	0	0	0	0	0	0	0	0	0	0	0	0.00024	0.00076	0.00045	0	0	0	0	0	0	0	0	0	0	0	0	0	0	0	0	0	0	0	0	0	0	0	0	0	0	0	0	0	0	0	0	0	0	0	0	0	0	0	0	0	0	0	0	0	0	0	0	0	0.00145	0	0	0	0	0	0	0	0	0.0734	0	0	0	0	0	0	0	0	0	0	0	0	0.00254	0	0	0	0	0	0	0	0	0	0	0	0	0	0	0	0	0.00587	0	0	0	0	0	0	0	0	0	0	0	0	0	0	0	0.00224	0.00026	0	0	0	0	0.00102	0	0	0	0	0	0	0	0	0	0	0	0	0	0	0	0	0	0.02756	0	0	0	0	0	0	0	0	0	0	0	0	0	0	0	0	0	0.00468	0	0	0	0	0.00281	0	0	0	0	0	0	0	0	0.00029	0.02472	0.02486	0	0	0	0	0	0	0	0	0	0	0	0	0	0	0	0	0	0	0.01893	0	0	0	0	0	0.00849	0.0056	0	0	0	0	0	0	0	0	0	0	0	0	0	0	0	0.00787	0	0	0	0	0	0	0	0	0	0	0	0	0	0	0	0	0	0	0	0	0	0	0	0.01093	0	0	0	0	0.00273	0.00047	0	0.0168	0	0	0.00267	0	0	0	0	0.0032	0	0.05629	0	0	0	0	0	0	0	0.02935	0.03642	0	0	0	0	0	0	0	0	0.02425	0	0.03991	0	0	0	0	0	0	0	0	0	0	0	0	0	0	0	0	0	0	0	0	0	0	0	0	0	0	0	0	0	0	0	0	0	0	0	0	0	0	0	0	0	0	0	0.0072	0	0.02472	0	0	0	0	0	0	0	0	0	0	0	0	0	0	0	0	0	0	0	0	0	0	0	0	0	0	0	0	0.02285	0	0	0	0	0	0	0	0	0	0	0
"Actinomyces_sp_ICM47"	0	0	0	0	0.01935	0.0103	0	0	0.00041	0	0	0	0	0	0	0	0	0	0.00602	0	0	0	0	0	0	0	0	0	0	0	0	0	0	0	0	0	0	0	0.00465	0.00675	0.00448	0	0	0	0	0	0	0.00248	0	0	0	0	0	0	0	0	0	0	0.06742	0	0.002	0	0	0	0	0.00762	0	0	0	0	0	0	0	0.00452	0.00655	0.00358	0	0	0	0.01119	0	0.03089	0.00273	0	0.00878	0	0.00525	0.00627	0	0	0.00484	0.00074	0	0	0	0	0.03181	0	0	0	0.00258	0	0	0	0	0	0	0	0	0	0	0.00717	0	0	0	0.00278	0.00132	0	0.01025	0	0	0	0	0	0	0.00593	0	0	0.00983	0	0	0	0	0	0.00033	0	0.0107	0	0	0	0	0	0	0	0	0	0	0	0	0	0	0	0	0.00236	0	0.01533	0	0	0	0	0.00589	0	0.00179	0	0	0	0	0	0	0	0	0	0	0	0.00175	0.00414	0	0.00198	0	0	0.019	0	0	0	0.00093	0.09223	0.00227	0	0.00283	0	0.01417	0	0	0	0	0	0.0121	0	0	0	0	0	0	0	0	0	0	0	0	0	0	0	0	0	0	0	0	0	0	0	0.00521	0	0	0	0	0	0	0	0	0	0.01314	0	0	0	0.00267	0.00225	0	0	0.01246	0.00173	0	0	0	0	0	0.00112	0	0	0	0	0	0	0	0	0	0.00443	0	0	0	0	0.00098	0	0	0.06084	0.00051	0	0	0	0	0	0.00024	0	0.00427	0.01122	0	0	0	0	0.00069	0	0	0	0	0	0.00131	0.00813	0	0	0.01483	0	0	0.00389	0	0	0	0.00206	0	0.0088	0	0	0	0.00758	0	0	0	0	0	0.00324	0	0.00021	0	0	0	0	0.00258	0	0.00594	0	0	0	0.00057	0	0	0	0.00163	0	0	0.01226	0	0	0	0	0	0	0	0.0069	0.00236	0	0	0	0.00453	0	0.29207	0	0.01845	0.00394	0	0	0	0	5e-04	0	0	0	0	0	0	0	0	0	0	0	0	0.00596	0	0	0	0	0	0.01645	0.00741	0	0	0	0	0	0	0	0	0	0	0.03206	0	0	0.00358	0	0	0	0	0.00397	0	0.02698	0	0	0	0	0	0	0.03107	0	0	0	0	0.01044	0	0	0	0.02591	0	0.01747	0.00498	0	0	0	0	0	0	0	0	0	0	0	0.00031	0.01988	0.00591	0	0.01796	0.00848	0.00378
"Actinomyces_naeslundii"	0	0	0	0	0	0.00344	3e-04	0	0	0	0	0	0	0	0	0.00025	0	0	0	0.00664	0	0	0	0	0	0	0	0	0	0	0	0	0	0	0	0	0	0	0.00145	0.0021	0.00271	0	0	0	0	0	0	0	0	0	0	0.0031	0	0	0.00073	0	0	0	0	0	0	0	0.00074	0	0	0	0.00079	0	0	0	0.00054	0	0	0.00065	0.00214	0.00179	0	0	0	0	0	0	0	0	0	0	0	0	0	0	0	0	0	0	0	0	0	0	0	0	0	0	0	0	0	0	0	0	0	0	0	0	0	0	0	0	0	0	0	0	0	0	0	0	0	0	0	0	0	0	0	0	0	0	0	0	0.00511	0	0	0	0	0	0	0	0	0	0	0	0	0	0	0	0	0	0	0	0	0	0	0	0	0	0	0	0.00084	0.00078	0	0	0	0	0	0	0	0	0.01577	0	0	0	0.00099	0	0	0	0	0	0	0.01392	0.0197	0	0	0	0.01152	0	0	0	0.00347	0	0	0	0	0	0	0	0	0	0	0	0	0	0	0	0	0	0	0	0	0	0	0	0	0	0	0	0	0	0	0	0	0	0.00428	0	0	0	0	0.00126	0	0.00271	0	0.01806	0.00225	0.00058	0	0.00036	0	0	0.00338	0	0	0	0	0	0	0	0	0	0.00184	0	0	0	0	0	0	0	0	0.02101	0	0	0	0	0	0	0	0	0	0	0	0	0	0.00409	0	0	0	0	0	0	0	0	0	0	0	0	0	0	0	0	0	0.01131	0	0	0	0.00101	0	0	0	0	0.0057	0	0	0.01765	0	0.0022	0.01614	0	0.02891	0	0	0	0	0	0	0	0	0	0.00149	0	0	0	0	0	0	0	0	0.0184	0.00484	0	0	0	0	0	0.00467	0	0	0	0.04194	0	0	0	0	0	0	0	0	0	0	0	0	0	0	0	0	0	0	0	0	0	0	0	0	0	0	0	0	0	0	0	0	0	0	0	0	0	0	0	0	0	0	0	0	0	0	0	0.00837	0	0	0	0	0	0	0	0	0.00072	0.0013	0	0	0	0	0	0	0	0	0	0	0	0	0.02443	0	0	0	0	0	0	0	0	0	0.00394	0.00044	0	0.01553	0	0
"Luxibacter_massiliensis"	0	0.00109	0	0.00255	0.00109	0	0	0	0	0	0	0	0	0	0	0	0	0	0	0	0	0	0	0	0	0.00827	0	0	0	0	0	0	0	0	0	0	0	0	0.00048	0.00087	0.00493	0	0	0	0	0	0	0	0.00185	0	0	0.00337	0	0	0	0	0	0	0	0	0	0	0.00051	0	0	0	0	0	0.00638	0	0	0	0.02658	4e-05	0.01137	5e-04	0	0	0	0	0	0	0	0	0	0.00071	0	0	0	0	0	0	0	0	0	0	0	0.00442	0	0	0	0	0.00482	0	0	0	0	0	0.02423	0	0	0	0.00185	0	0	0	0	0	0.00421	0	0	0	0	0.00039	0	0	0	0	0	0	0	0	0	0	0	0.00641	0	0	0	0	0.00328	0	0	0	0	0	0.00374	0.00056	0	0.01406	0.01437	0	0	0	0	0	0	0.00891	0	0	0	0	0	0	0	0.14364	0	0	0	0	0	0	0.01273	0	0	0	0	0.00011	0	0	0	0	0	0	0.01628	0	0	0	0	0	0	0	0.00059	0.02507	0.00758	0	0	0	0	0	0	0	0	0.00282	0	0	0	0	0.00132	0	0	0	0	0	0	0	0	0	0	0.00094	0	0	0	0	0	0	0	0	0	0	0	0	0	0	0	0	0	0	0	0	0	0	0	0	0	0	0	0	0	0.03738	0	0	0	0	0	0.016	0	0	0	0.00481	0	0	0	0	0.00349	0	0	0	0	0	0	0	0	0	0	0	0	0	0	0	0.01126	0.00444	0	0	0	0	0	0	0	0	0.00349	0	0	0	0	0	0	0	0	0	0	0.00375	0.00226	0	0	0	0.00439	0	0	0	0.00389	0	0	0	0	0	0	0	0	0	0	0	0.00246	0	0	0	0	0	0	0	0	0	0	0.01103	0	0	0	0	0	0	0	0	0	0	0	0	0.00554	0.01254	0	0	0	0.00331	0	0.00387	0.00084	0.00011	0	0	0.00244	0	0	0	0	0	0	0.00427	0	0	0	0	0.00266	0	0	0	0	0	0	0	0.01457	0	0	0	0.08317	0	0	0	0	0	0	0	0.00116	0.00063	0	0	0.00119	0.00305	0	0.00324	0	0	0	0	0.00818	0	0.00416	0.00182	0	0	0	0.00169	0	0	0.02099	0	0	0	0	0	0	0	0	0	0	0.00351	0.02113	0	0	0	0
"Actinomyces_johnsonii"	0	0	0	0	0	0	0	0	0	0	0	0	0	0	0.00034	0	0	0	0	0	0	0.00361	0	0	0	0	0	0	0	0	0	0	0	0	0	0	0	0	0.00108	0.00033	5e-04	0	0	0	0	0	0	0	0	0	0	0	0	0	0	0	0	0	0.01064	0	0	0	0	0.00038	0	0.00819	0	0	0	0	0	0	0.0272	0.00032	0.00088	7e-04	0	0	0	0	0	0	0	0.0076	0.05828	0	0	0	0	0	0	0	0	0	0	0	0	0	0	0	0	0	0	0	0	0	0	0	0	0	0	0	0	0	0	0	0	0	0	0	0	0	0	0	0	0	0	0	0.00801	0	0	0	0	0	0	0	0	0	0	0	0	0	0	0	0	0	0	0	0	0	0	0	0	0	0	0	0	0	0	0	0.00541	0	0	0	0	0	0	0	0	0	0	0	0	0	0	0	0	0	0	0	0	0	0	0	0	0.01124	0	0	0	0	0	0	0	0	0	0	0	0	0	0	0	0	0	0	0	0	0	0	0	0	0.00392	0	0	0	0	0	0	0	0	0	0	0	0	0	0	0	0	0	0	0	0	0	0	0	0	0	0	0	0.00206	0.00236	0	0	0	0	0	0	0	0	0	0	0	0	0	0	0	0	0	0	0	0	0.00974	0	0	0	0	0	0	0	0	0	0	0	0	0	0	0	0	0	0	0	0	0	0	0	0	0	0	0	0.00128	0	0	0	0	0	0	0.00096	0	0	0	0	0	0	0	0	0.00391	0	0	0.00805	0	0	0	0	0.00992	0	0	0	0	0	0	0	0	0	0	0	0	0	0	0	0	0	0	0.00095	0	0	0	0	0	0	0	0	0	0	0	0	0	0	0	0	0	0	0	0	0	0	0	0.00112	0	0	0	0	0	0	0	0	0	0	0	0	0	0	0	0	0	0	0	0	0	0	0	0	0	0	0	0	0	0	0	0	0	0	0	0	0	0	0	0	0	0	0	0	0	0	0	0	0	0	0	0	0	0.00188	0	0.02934	0	0.02661	0.01905	0	0	0	0	0	0	0	0	0.00267	0	0	0	0	0
"Massilioclostridium_coli"	0	0	0	0	0	0	0.00251	0	0	0	0	0	0	0	0	0	0.00244	0	0	0	0	0	0.00465	0	0	0	0	0	0	0	0	0	0	0	0	0	0	0	0.00038	0.00124	2e-04	0	0	0	0	0	0	0	0	0	0	0	0	0	0	0	0	0	0	0	0	0	0	0	0	0.00137	0	0	0	0	0	0	0	0	0.00032	0.00233	0	0	0	0	0	0.0059	0.01105	0	0	0	0	0	0	0	0	0	0	0	0	0	0	0	0	0	0	0	0	0	0	0	0	0	0	0	0	0	0	0	0	0	0	0	0	0	0	0	0	0	0	0	0	0	0	0	0	0	0	0	0.01352	0	0	0	0	0	0	0	0.00038	0	0	0	0	0.00626	0	0	0	0	0	0	0	0	0	0	0	0	0	0	0	0	0	0	0	0	0	0	0	0	0.00827	0	0	0	0	0	0	0	0	0	0	0	0	0	0.00977	0.04329	0	0	0	0	0	0	0	0	0	0	0	0	0	0	0	0	0	0	0.00197	0.00272	0	0	0	0	0	0	0.00653	0	0	0	0	0.00169	0	0	0	0	0	0	0	0	0	0	0	0	0	0	0	0.00176	0.00532	0.03796	0	0.02243	0	0	0	0	0	0	0	0	0	0	0.01093	0	0	0	0	0	0	0	0	0.00086	0	0	0	0	0	0	0.00367	0	0	0	0	0	0	0	0.00214	0	0.00095	0	0	0	0	0	0	0.00185	0	0	0	0	0	0	0.04479	0	0.00239	0	0	0	0	0.00305	0	0.00204	0	0	0	0	0	0	0	0	0	0	0	0	0	0	0	0	0	0.00104	0.00278	0	0	0	0	0	0	0	0	0	0	0.02954	0	0	0	0	0.00202	0	0	0	0	0	0	0	0	0	0	0.00238	0	0	0	0.00152	0.00314	0	0	0	0.00169	0	0	0	0	0	0	0	0	0	0	0.00038	0	0	0	0	0	0	0	0	0	0	0	0	0	0.00631	0	0	0	0	0.00025	0	0	0	0	0	0.00058	0	0	0	0	0	0	0	0	0.16544	0.00787	0	0	0.003	0.00137	0	0	0	0	0	0	0	0	0	0	0	0	0	0	0.00076	0	0	0	0	0	0	0	0	0
"GGB79916_SGB4587"	0.31487	1.65807	0.031	0	0	0.07409	0	0	0	0	0	0	0.66733	0	0.00474	0.17976	0.03922	2.01894	0	0	0	0	0	0	0.00049	0	0	0	0	0	0	0	0.00049	0.01985	0	0	0	0	0.18876	0.26671	0.03095	0	0.50342	0	0	0	0.11476	0.0177	0.14755	0.35278	0	2.98955	0.04509	0	0	0	0	0	0	0.25405	1.63691	0	0.18317	0	0	1.05508	0.0114	0	0	0	0.04416	0	0	0.13136	0.26437	0.04509	1.84249	0	0	0	0.33834	0.00052	0.05399	0	0	0	0.00648	0	1.1099	0	0	0	0.63178	0	0	0	0	0	0	0.00439	0.63958	0.59528	0.69179	0.43542	0.00019	0	0	0	0	0	0.24559	0.00744	0.00164	0	0	0.03832	0.08138	1.30925	0.01341	0.0056	0	0	0	0.23848	0	0	0.78663	0.45187	0.01251	0.01132	0.1066	0.04143	0	0	1.23138	2.72497	1.28848	0	0.23271	0.02826	0.3323	0.26492	0	0	12.77703	0	0	2.02	0	0.04225	0	4.66109	0.62633	0.0045	0.08751	0	0.19205	0	0	1.47334	0.11	0	0	0	0.70788	2.82841	0.45854	0	0	0	0	0.26183	1.04059	0.03816	0.04942	0.05147	0.18419	0.01567	0.00143	0.23037	0	0.29239	0	0	0.72819	0	0.21842	0.8327	0.02549	0.28784	0	0	0.02604	0	2.25876	0.0038	0.01052	0	0	0.00721	0	0	0.96706	0.01188	2.02481	0	1.03419	0	0	0.27626	0.01825	0	0	0	0.01281	0.3575	0.15595	0.20957	0	0	0	0	0.04755	0	0.0062	2.14844	0.00099	2.8123	0	0.02403	0	0	0	0.54737	0	0	0.0924	3.3024	0	0.00971	1.13034	0	0.00418	0	0	0	0	0	0	0	4.97676	0.20995	0.00036	0.58066	0.03266	4.87272	0.15872	0	0.00867	1.54211	0	0.11706	0	0	1.3749	0.0044	0.02467	0.50362	0	5.99822	0	0	0	0.00856	0.28529	0.53276	1.11439	0	0.00285	0.01498	3.69336	0	0	0	0	0.34011	0	0	0	0.00519	0	0	0	0	0	0	0.0082	0	0.59538	0	0.00264	0.01293	0	0	0	0	0	4.10856	0	2.61277	0.14456	0.00084	6.19336	0.03111	0.27627	0	0	0	0.00294	0.0023	0	0	0.00951	0	0.8356	0.01416	0.18379	0.00021	0.02318	0	1.24703	0.22379	2.98835	0.00252	0.09825	0	0	0	0	0	0.00335	0	0	0	0	0	0.04501	0	0	0.06959	0.04431	0	0	0	0	0.7794	0	0	0	0	0	0	0	0	0.02632	1.61147	0	2.0393	0.20337	0.22714	0	0.006	0.09023	0	0	0.01311	0	0	0	1.80431	0	0	0.02175	0	0	0	0	0	0.01376	0.61255	0.62042	0.15632	0.00928	0	0	0.00963	0.0597	0	0.00852	0	0	1.1074	0.15187	0.59634	0	0.15045	0	0.00054	3.58741	0.00917	0	0.00024	0.91689	0	0.37626	0.01205	0	0	0	0.17318	0	0.7621	0.04961	0.00154	0	0	0	0.00924	0.02037
"Blautia_hydrogenotrophica"	0.12214	0	0.03573	0.0385	0	0	0.0053	0	0	0	0	0	0	0	0	0	0	0	0	0	0	0	0.26933	0	0.08412	0	0.00254	0	0	0	0	0	0	0	0	0	0	0	0	0.03505	0	0	0	0	0	0	0.00886	0.24978	0.00083	0	0	0	0	0	0	0	0	0	0	0.04521	0	0	0	0.00494	0.04367	0.52299	0.26391	0	0	0	0	0.10934	0	0.00402	0.00253	0.00683	0	0	0	0	0	0	0	0	0	0	0	0	0	0	0	0	0	0	0	0	0	0.22046	0.02656	0	0	0	0	0	0	0	0	0	0	0	0	0	0	0	0.05824	0	0	0	0	0	0	0	0	0	0	0	0	0.01172	0	0.02879	0	0	0	0	0	0	0	0	0	0	0	0	0	0	0	0	0.008	0	0.03113	0	0	0	0	0	0	0	0	0.06938	0	0	0	0.00814	0.08123	0	0	0	0	0	0.006	0	0	0	0	0	0	0	0	0	0	0	0	0	0	0	0	0	0	0	0	0	0.67599	0.01428	0	0	0	0	0	0	0.03221	0	0	0	0	0	0	0	0.8354	0.00404	0	0	0	0	0	0.06637	0.09626	0	0	0	0	0.39583	0.07915	0	0	0.14823	0	0.48808	0	0	0	0	0	0	0	0	0.02862	0.10478	0.00735	0	0	0	0	0	0	0	0.00716	0	0.07627	0	0	0.06788	0	0	0	0.10081	0	0	0	0.01293	0	1.6089	0	0	0.04037	0	0	0	0.0244	0	0	0	0	0	0	0	0	0	0	0	0.08898	0	0	0.01731	0	0.00667	0	0	0	0	0	0	0.20898	0.06318	0.00221	0	0	0.128	0	0	0	0	0	0	0	0	0	0	0	0	0.02635	0.95693	0	0	0	0	0	0	0	0	0	0	0	0	0	0.00322	0.34515	0	0	0	0	0	0	0	0	0	0	0.00864	0	0	0	0.08881	0	0	0	0	0	0	0	0	0.02792	0	0	0	0	0	0	0	0.26906	0	0	0	0	0	0.14404	0	0	0	0	0.15141	0	0	0	0	0	0	0	0	0	0	0	0	0	0	0	0	0.07872	0.02665	0.16813	0	0	0	0.47801	0	0	0	0	0	0	0	0	0	0	0	0	0	0	0	0.02628	0	0.03311	0	0	0	0	0	0	0	0	0.35414	0	0.00424	0	0	0	0	0	0	0	0.1284	0
"Collinsella_intestinalis"	0	0	0	0	0	0	0	0	0	0	0	0	0	0	0	0	0	0	0	0	0.28669	3.85861	0	0	0	0	0	0	0	0	0	0	0	0	0	0	0	0	0.1692	0	0	0	0	0	0	0	0.29906	0	0	0	0	0	0	0	1.30047	0	0	0	0	1.07968	0	0.00983	0	0	0	0	0	0	0	0	0	0	0	0.03057	0	0	0	0	0	0	0	0	0	0	0	0	0	0	0	0	0	0	0	0	0	0	0	0	0	0	0	0	0	0	0	0	0	0	0	0	0	0	0	0	0	0	0	0	0	0	0	0	0	0	0	0	0.01073	0	0	0	0.51807	0	0	0	0	0	0	0	0	0	0	0	0	0	0.59626	0	0	4.24157	0	0	0.76803	0	0	0	0	0	0	0	0	0	0	0	0	0	0	0	0	0	0	0	0	0	0	0	0	0	0	1.03708	0	0	0	0	0	0	0	0	0	0	0	0	0	0	0	0	0	0	0	2.40555	0.13406	0	1.04615	0	0.18734	0	0	0	0	0	0	0	0	0.00504	0	0	0	0	0	0	0	0	0	0	0	0	0	0	0	0	0.05069	0	0	0	0	0	0	0	0	0	0	0	0	0	0	0	0	0	0	0	0	0	0	0	0	0	0	0	0	0	0	0	0	0	0	0	0	0	0	0	0	0	0	0	0	0	0	0	0	0.22476	0	0	0	0	0	0	0	0	0	0	0	0	0	0	0	0	0	0	0	0	0	0	0	0	0	0	0	0	0	0	0	0	0	0	0	0	0	0	0	0	0	0	1.59078	0.09098	0	0.5566	0	0	0	0	0.02038	0.00491	0	0	0	0	0	0	0.74753	0	0	0	0	0	0	0	0	0	0	0	0	0	0	0.06969	0	0	0	0	0	0	0	0	0	0	0	0	0	0	0	0	0	0	0	0	0	0.00509	0	0	0	0	0	0	0	0	0	0	0	0	0	0.00709	0	0	0	0	0	0	0	0	0	0	0	0	0	0	0	0	0	0	0	0	0	0	0	0	0	0	0.50481	0	0	0	0	0	0	0	0	0	0	0	0	0	0
"GGB2998_SGB3988"	0	0	0	0	0	0	0	0	0	0	0	0	0	0	0	0	0	0	0	0	0	0	0	0.0068	0	0	0	0	0	0	0	0	0	0	0	0	0	0	0	0.00691	0.00992	0	0	0	0	0	0	0	0.02941	0.03153	0	0	0	0	0	0	0	0	0	0.0684	0	0.01134	0	0	0	0	0	0	0	0	0	0	0	0.00187	0	0	0	0	0	0	0	0	0	0	0	0	0	0	0	0	0	0	0	0.01725	0	0	0	0	0	0	0	0	0	0	0	0	0.02747	0	0	0	0	0	0	0	0	0	0	0	0	0	0	0	0	0	0	0	0	0	0	0	0	0	0	0	0	0	0	0	0	0	0	0	0	0	0	0	0	0	0	0	0	0	0	0	0	0	0	0	0	0	0	0	0	0	0	0	0	0	0	0.03814	0	0	0	0	0	0	0	0	0	0	0	0	0	0	0	0	0	0	0	0	0.00477	0	0	0	0	0	0	0	0	0	0	0	0.04895	0	0	0	0	0	0	0	0	0	0	0.16908	0.00634	0	0	0	0	0	0	0	0	0	0	0	0	0	0	0	0	0	0.03576	0	0	0.0042	0.0186	0	0	0	0	0	0	0	0	0	0	0	0	0	0	0	0	0	0	0	0	0	0	0	0	0	0	0	0	0	0	0	0	0	0	0	0	0	0	0	0	0	0	0	0	0	0	0	0	0	0	0	0	0	0	0	0	0	0	0	0	0	0	0	0	0	0	0	0	0	0	0	0	0	0	0	0	0	0	0	0	0.10637	0	0	0	0	0	0	0	0	0	0	0	0	0	0.03791	0	0	0	0	0	0	0	0.0364	0	0	0	0	0	0	0	0	0	0	0	0	0.01623	0	0	0	0	0	0	0	0	0	0	0	0	0	0	0	0	0	0	0	0	0	0	0	0	0	0	0	0	0	0	0	0	0	0	0	0.02912	0	0	0	0	0	0	0	0	0	0	0	0	0	0	0	0	0	0	0	0	0	0	0	0	0	0	0	0	0	0	0	0	0	0	0	0	0	0	0	0
"GGB3005_SGB3996"	0	0	0.10969	0.04547	0	0	0.12496	0.05124	0	0	0	0	0	0	0	0	0	0	0	0	0	0	0.08587	0	0	0	0	0	0.0313	0	0	0	0	0.17058	0	0.00546	0	0	0.00566	0.00044	0.00028	0	0	0	0	0	0	0	0.01579	0.0066	0	0	0	0	0	0.00072	0	0	0	0	0	0	0	0.04633	0.01718	0	0	1.27391	0.01752	0	0	0	0	0.00184	0.03386	0.00087	0	0	0	0	0	0	0	0	0	0	0	0	0	0	0	0	0	0	0	0	0	0	0	0	0	0	0	0.0051	0	0	0	0	0	0	0	0	0	0	0	0	0	0	0	0.0016	0.00287	0	0	0	0	0	0	0	0	0.01873	0.00735	0	0	0	0	0	0	0	0	0	0	0	0.01627	0	0	0	0	0.11927	0	0	0	0	0	0	0	0	0.00198	0	0	0	0	0	0	0	0	0	0	0	0	0.01864	0	0	0	0	0.06347	0	0	0	0	0	0	0	0	0	0	0	0	0	0.04313	0	0	0	0	0	0	0	0	0	0	0	0	0	0.02295	0	0	0.14829	0	0	0	0	0	0	0	0	0	0	0	0	0	0	0	0	0	0	0	0	0	0	0	0	0	0	0	0.72987	0	0	0	0	0	0	0	0	0	0	0	0	0.09002	0	0	0	0	0	0	0.00532	0	0	0	0	0.05424	0	0	0	0	0	0	0	0	0	0	0.06966	0	0	0	0	0	0	0	0.00843	0	0	0	0	0.01021	0.02198	0	0	0	0	0	0	0	0	0	0	0	0	0	0	0.00266	0	0	0	0	0	0	0	0	0	0	0	0	0	0	0	0	0	0	0	0	0	0	0.00917	0	0	0	0	0	0	0	0.0067	0	0	0	0	0	0	0	0	0	0.01449	0	0	0	0	0	0	0	0	0	0	0	0	0	0.2289	0	0	0	0	0	0	0	0	0	0	0	0	0.018	0.10016	0	0	0	0	0	0	0	0	0	0	0	0	0	0	0	0	0	0.00272	0	0	0	0	0	0	0	0	0	0	0	0	0	0	0.07076	0	0	0	0	0	0	0	0	0	0	0	0	0	0	0	0	0	0	0.3645	0	0	0.31229	0	0	0	0	0	0
"Clostridium_sp_AF36_4"	0	0	0	0	0	0	0	0	0	0	0	0	0	0	0	0	0	0	0.03565	0.05342	0	0	0	0	0	0	0.00913	0	0	0	0	0	0	0	0	0.01717	0	0	0.00069	0.02868	0.09598	0	0	0.35939	0	0	0	0	0.76707	1.14182	0	0	0	0	0	0	0	0	0	0	0	0	0	0.27006	0.72287	0	0	0	0	0	0	0	0	0.0036	0.00127	0.05133	0	0.43185	0	0	0	0	0	0	0	0	0	0	0.02322	0	0.09696	0	0	0	0	0	0	0	0.45731	0	0	0.25162	0.03313	0	0	0	0	0.57013	0	0	0	0	0	0	0.62852	0	0	0	0	0	0	0	0	0	0	0	0	0	0	1.2662	0	0	0	0	0	0	0	0	0	0	0	0	0.63642	0	0	0	0	0	0	0	0	0	0	0	0	0	0	0	0	0	0	0	0	0	0	0	0	0	0	1.22808	0	0	0	0	0	0	0	0	0	0	0	0	0	0	0	0	0	0	0	0	0.07974	0	0	0	0	0	0	0	0	1.15431	0	0	0.00843	0	0	0.61879	0	0	0	0	0	0	0	0	0.01595	0	0	0	0.00914	0	0	0	0	0	0	0	0	0	0	0.07409	0.02226	0	0	0	0	0.03635	0	0	0	0	0	0	0	0.18727	0	0	0	0	0	0	0.14883	0	0	0	0	0	0.21126	0	0	0	0	0	0	0	0	0	0	0	0	0	0	0	0	0	0	0	0	0.37527	0	0.41818	0	0.03657	0	0	0	0	0	0	0	0	0	0	0.38106	0	0	0	0	0	0	0	0	0	0	0.02622	0	0.94982	0	0	0	0.07105	0	0.40948	0	0	0	0	0	0	0.01282	0	0	0.29739	0	0	0	0	0	0	0	0	0	0	0	0	0	0.52978	0	0.77034	0.19986	0.0334	0	0	0	0.26099	0	0	0	0	0.0388	0	0	0	0	0	0	0	0	0.13821	0	0.45363	0	0	0	0	0.26756	0	0	0	0	0	0	0	0	0.36528	0	0	1.06757	0	0	0	0	0	0	0	0	0.03432	0.20699	0.10489	0.5205	0	0	0	0	0	0	0	0	0	0	0	0	0	0	0	0	0.09312	0	0.27176	0.10509	0	0	0	0	0	0	0	0	0	0.07955	0	0	0	0	0	0	0	0	0	0
"GGB45497_SGB63169"	0	0	0.0154	0	0	0	0.56173	0.00198	0	0	0	0	0	0	0	0	0	0	0	0	0	0	0	0	0.02837	0	0	0	0	0	0	0	0	0	0	0	0	0	0.00489	0.00162	0	0	0	0	0	0	0	0	0	0	0	0	0.03936	0	0	0	0	0	0	0	0	0	0	0	0.00607	0.12991	0.00251	0.21971	0	0	0	0	0	0.00324	5e-04	0.00301	0	0	0	0	0.07317	0	0	0	0	0.02228	0	0	0.158	0	0	0	0	0	0	0	0	0	0	0	0	0	0	0	0.037	0	0	0	0	0	0	0	0	0	0	0	0	0	0	0	0.00882	0	0	0	0	0	0.04452	0	0	0	0	0	0	0	0	0	0	0	0	0	0	0	0	0	0	0	0	0	0	0	0	0	0	0	0	0	0	0	0	0	0	0	0	0	0	0	0.01013	0	0	0	0	0	0.00192	0.00294	0	0	0	0	0	0	0	0	0	0	0	0	0	0	0	0	0	0	0	0	0	0	0	0	0	0	0	0	0	0	0.00285	0.02396	0.05935	0.00972	0	0.01874	0	0	0	0	0	0	0	0	0	0	0	0	0	0.00115	0	0	0	0	0	0	0	0	0	0.02844	0	0	0	0	0	0	0	0	0	0.03057	0	0	0	0	0	0	0.01294	0.00713	0	0	0	0	0	0	0	0	0	0	0	0	0	0	0	0	0	0.0474	0.00777	0	0	0	0	0	0	0.01855	0	0	0.00648	0	0	0	0	0	0	0	0	0	0	0	0.03265	0	0	0.00228	0	0	0	0	0	0	0	0	0	0	0	0	0	0	0.00893	0	0	0	0	0	0.00569	0	0	0	0	0	0	0.00545	0	0	0	0	0	0	0	0	0	0	0	0	0	0	0	0	0	0	0	0	0	0	0	0	0	0	0	0	0	0	0	0	0	0	0	0	0	0	0	0	0	0	0	0	0	0	0	0	0	0	0	0	0	0	0	0	0	0	0	0	0	0	0	0.01159	0	0	0	0	0	0	0	0	0	0	0	0	0.00435	0	0	0	0	0	0.00462	0	0.01603	0	0	0	0	0	0	0	0	0	0	0.14228	0	0	0	0	0	0	0	0	0
"Citrobacter_freundii"	0	0	0	0	0.00046	0	0	0	0.05933	0	0	0	0	0	0	0	0	0	0	0	0	0	0	0	0	0	0	0	0	0	0	0	0	0	0	0	0	0	0.02662	0.00705	0.01191	0	0	0	0	0	0	0	0.09535	0	0	0	0	0.47305	0	0	0	0	0	0.37938	0	0	0.00175	0	0	0.0072	0	0.00056	0	0	0	0	0	0.01652	0.01769	0.00241	0	0	0	0	0	0	0	0	0.01315	0.15438	0	0	0	0	0	0	0	0.01278	0.00528	0	0	0	0	0.00227	0	0.01467	0	0	0	0	0	0	0.13278	0	0	0	0	0	0	0	0	0	0	0.01163	0.09509	0	0	0.32634	0.00069	0	0	0	0	0	0	0.00409	0	0	0	0	0	0	0	0	0	0	0	0	0	0	0	0	0	0	0	0	0	0	0	0	0	0	0	0	0	0	0.00647	0	0	0	0	0	0	0	0	0	0	0	0	0	0	0	0	0	0	0	0	0	0	0	0	0	0	0	0	0	0	0	0	0	0	0	0	0	0	0	0	0.04304	0	0	0.0013	0	0	0	0	0	0	0	0	0	0	0	0	0	0	0.01186	0	0	0.02591	0	0	0	0	0	0	0	0	0	0	0	0	0	0	0	0	0.02188	0	0	0	0	0	0	0	0	0	0	0	0	0	0	0	0	0.00757	0	0	0	0	0	0	0	0	0	0.02734	0	0	0	0	0	0	0	0.00061	0	0	0	0.12351	0.14699	0	0	0	0	0	0	0	0	0	0	0	0.01844	0	0	0	0	0	0	0	0	0	0	0	0	0	0	0	0	0	0	0	0	0	0	0	0	0	0	0	0	0.0017	0	0	0	0	0	0	0	0	0	0	0	0	0	0	0	0	0	0	0	0	0	0.00143	0	0	0	0	0	0	0	0	0	0	0	0	0	0	0	0	0.05158	0	0	0	0	0	0	0	0.0266	0	0	0	0	0	0	0	0	0	0	0	0	0	0	0	0	0	0	0	0.01419	0	0	0	0	0	0	0	0	0	0.00243	0	0	0	0	0	0	0	0	0	0	0	0	0	0	0	0	0	0.02292	0	0	0	0	0	0.00933	0	0	0	0	0.00033
"GGB3746_SGB5089"	5.35484	0	0	1.0556	0	0	0.0292	0.26933	0.00651	2.92221	0	0	0	4.25088	0.63653	0.70373	0	0	0.5645	0.51056	0	0	0	0.13115	0.44504	4.83782	0	3.82225	0	0	0	0	0.94682	0.68684	0	0	0	0	1.02239	0.55272	2.26995	0	0.30529	2.94405	0	0	0.35974	0	0.0059	0.08649	0.49976	0.34536	0.44835	1.26339	0	0.02051	0	0	0.45011	0	0.93583	0	0	1.46326	0.15352	0	0.27994	0.22384	0.03759	0.0607	0	0	0	0.97754	0.38037	0.42584	0	0	0	0.02481	0	0	0	0	0	0.39085	0.74824	1.23811	0.05443	0.40681	0	0	0	0	3.06345	0	0.39265	0	0.21257	0	2.28273	0.48925	0.02859	0	0.87847	0	1.401	0	0	0	3.53829	0.20436	0	0.03367	0.01023	2.02567	0	0.13401	0	2.40954	0.56688	0	0.93599	0	0.14509	2.72463	0	0	0	0.64223	0	2.41665	0	0	0	0	0.26886	0	0	4.89384	0.03591	0.05563	0.18409	0.21959	0.7925	0	0	0	0.0407	0.03872	0	0.82596	0	2.41232	1.88446	0	0.13724	0.58741	0	0	0.23211	0	0.13904	0.03314	0	0	0	0.11582	0.07502	0.51103	0.35178	0.68824	0.54057	0.71648	0	0	0	0.11081	0	0	2.0439	2.23542	0.0136	0	0	0	0	0.16357	0	0	0	0	0	0	0	0.50101	0	0	0	0	0	0.11796	0	0	0.02636	1.79264	0	0	0	0	0.46863	0.00798	0.96338	0	0.13092	0.3804	0	0	0.1042	0	1.69586	0.00938	0.08096	0.07767	1.69077	0	0	0	0	0.48961	0	0	1.31371	0.09312	0.28	0.41038	0	0	0.20986	0.57619	0.06484	0	0	0.01674	0.33109	0	0.0072	0	3.26942	0	0	0.00534	0	0	0	0.61963	0	0.43642	0.38082	0.44807	0	0	0	0	0.3077	0	0.03608	0	2.71998	0	0	0.26381	0.82716	0.67122	0	0	0	0	0.18825	0.0113	0.11296	0.9515	0.0803	0.63114	1e-04	0.26219	4.65826	3.6219	0.83329	0.87827	0	0	0.12657	0	0	0	0	3.01451	0	0.1482	0	0.21777	4.3917	0.65108	0	0.0509	0.26375	0	2.20239	0	0.12169	0	0.02801	4.37632	0	0	0	0	0.29261	0.67893	0	0.94426	0	0	0	0	0	0	0	0	0	0.003	0	0	0.12582	0	0.44863	0.98506	1.1923	0	1.65267	0	0	0	0	0	0	0	0.39028	1.1724	0	3.26677	0.79102	0	0.26385	0	0	0	0	0	0	0.68026	0	0	0.64237	0	0	0	0	1.88794	0	0	0.229	1.22882	0.13592	0.40549	1.12353	0.35071	0	0	0	0	0	0.27819	2.36151	0.33633	0	0	0.27861	0	0	0	7.2863	0	2.99905	0.0942	0	0	0	0	0.13511	0	0.67764	0	0	1.09451	0.05823	0	0.61449	0	0	0.16784	0.67094	0	0.66945	0	0	0	0.21351	0.01473	0	2.88182	0	0	0	3.93587	0	0	0
"Desulfovibrio_SGB5077"	0.60453	0.84429	0.93284	0	0	0	0	0	0	0	0	0.01576	0	0	0.11427	0	0	0	0.26592	0	0	0	0	0	0	0	0	0	1.0596	0.00519	0.15679	2.36616	0.07373	0	0	0	6.90123	3.74874	0.09496	0.05083	0.06036	5.61131	0.02126	0	0	0	0.09039	0.02867	0.17813	0.04532	0.00687	0	0	0	0	0	0.00165	0.04997	0.08981	0.1672	0.41659	0	0	0	0	0	0	0	16.39279	1.41706	0.00618	0	0	0.00858	0.00567	0	0	0	0	0.00658	0.01909	0	0	4.52362	0	0	0	0	0.11906	0.07287	0	0	0	0	0.1018	0	0	0	0	0	0	0	0	0	0	0	0.77667	0	0	0.89876	0	0	0	0	0	0	0	0	0	0	0	0	0	0	0	0	0	3.34357	7.6467	0	0	0	0	4.35779	0	0	0	0	0	0	0	0	0.16401	0	0	0	0	0	0	0	0	0	1.02774	0	0	0	0	0	0	0.22862	0	0	0	0	0	0	1.35742	0	0	0	0	0.09099	0	0	0	15.61675	0	0	0	0	0	0	0	0	0	0	0.02113	0.03159	0.07334	0	0	0	0	0	3.01216	0	0	0	0	7.10597	0	0	0	0	0	0	0	0.81346	0	0	0	0	0.47475	0.75547	0	0	0	0	0.19432	0.47167	0	0	0	0	0	0	0	0.86041	0	0	0.16094	0	0.02204	0	0	0	0	0.02949	0	0	0	0	8.19194	0	0	0	0	0	0.62615	0	0	0	0	0	0	0	0	0	0	0	0	0	0.20043	0	0	0	0	0	0	0	0	0	0	0	0	0	0	0	0	0	0	0	0.00552	0.00128	0	0	0	0	0	0	0.29374	0	0	0	0	0	0.58307	0	0	0	0	0	0	0	0	0	0	0	0	0	0.09642	0	0	0	0	0	0	0.22629	0	0.11573	0	0.67747	0	0.17463	0	0	0	0	0	0	0	0	0	0	0	0	0	0	0.80885	0	0	0	0	0	0	0.00044	0.04229	1.97814	0	0.31388	1.58923	0	0	1.08138	0	0	0	0	0	0	0	0	0	0	0	0	0	0.00077	0	0	0	0	0	0	0	0	1.4884	0	0	0	0	0	1.62352	0	0	0.34369	0.00087	0	0.09072	0	0	0	0	2.78864	0	0	0	0	0	0	0	0	0	0	0.49387	0.16378	0	0	0	0	0	0	0	0	0	0	0.99988	0	0.25617	0	0	0	0	0	0	0	0	0	0
"Pyramidobacter_piscolens"	0	0	0	0	0	0	0	0	0	0	0	0	0	0	0.1387	0	0	0	0	0	0	0	0	0	0	0	0	0	0	0	0	0.00058	0	0	0	0	0	0	0	0	0.0325	0	0	0	0	0	0	0	0	0	0	0	0	0	0	0	0	0	0	0	0	0	0	0	0	0	0	0	0	0	0	0	0	0.00027	0.00539	0	0	0	0	0	1.93227	0	0	0	0	0	0	0	0	0	0	0	0	0.00245	0	0	0	0	0	0	0	0	0	0	0	0.01919	0	0.37762	0	0	0	0	0	0	0	0	0	0	0	0	0	0	0	0	0	0	0	0	0	0	0	0	0	0	0	0	0	0	0	0.02541	0	0	0	0	0	0	0	0	0	0	0	0	0	0	0	0.00717	0	0	0.01078	0	0	0	0	0	0	0	0	0	0	0	0	0	0	0	0.109	0	0	0	0	0	0	0.01133	0	0	0	0	0	0	0	0	0	0	0	0	0	0	0	0	0	0	0	0	0	0.00716	0	0	0	0	0	0	0	0	0	0	0	0	0	0	0	0	0	0	0	0	0	0	0	0	0	0	0	0	0	0	0	0	0	0	0	0	0	0	0	0	0	0	0	0.07861	0	0	0	0	0	0	0	0	0	0	0	0	0	0	0	0	0	0	0	0	0	0	0	0	0	0	0	0	0	0	0	0	0	0	0	0	0	0	0	0	0	0	0	0	0	0	0	0	0	0	0	0	0	0	0	0	0	0	0	0	0	0.00232	0	0	1.01371	0	0	0	0	0	0	0.001	0	0	0	0.00321	0	0	0	0	0	0	0	0	0	0	0.0026	0	0	0	0.04034	0	0	0	0	0.00354	0	0	0	0	0	0	0	0	0	0	0	0	0	0	0	0	0	0.00739	0	0	0	0	0	0	0	0	0	0	0	0	0	0	0	0	0	0	0	0	0	0	0	0	0	0	0	0	0	0	0	0	0	0	0	0	0	0	0	0	0	0	0	0	0	0	0	0	0	0	0	0	0	0	0	0	0	0	0	0	0	0	0	0	0	0	0
"GGB4456_SGB6141"	0	0	0	0	0	0	0.00847	0.01445	0.00517	0	0	0	0	0	0	0	0	0	0	0	0	0	0	0	0	0	0	0	0	0	0	0	0.02226	0	0	0	0	0	0.00281	0.01352	0.00764	0	0.04284	0.0324	0	0	0	0	0.11015	0.11166	0.13321	0	0	0	0	0	0	0	0	0.00553	0	0	0	0	0	0.23421	0.16788	0	0	0	0	0	0	0.00064	0.00278	0	0	0	0	0.16784	0.09524	0.01456	0.00648	0	0	0.02207	0	0	0	0	0.05147	0	0	0	0	0	0	0	0	0	0	0.01925	0.10331	0	0	0	0	0	0	0	0.0189	0	0	0	0	0	0	0	0	0	0	0	0	0	0.03042	0	0	0	0	0	0	0	0	0	0	0	0	0	0	0	0	0	0	0	0	0	0	0	0	0	0	0	0	0	0	0	0.02166	0	0.00135	0.00094	0	0	0	0	0	0	0	0	0	0.06564	0	0	0	0	0	0	0	0	0	0	0	0	0	0	0	0	0.00455	0	0	0	0.01382	0	0	0	0	0	0	0	0	0	0	0.03885	0	0	0	0	0	0	0	0	0	0	0	0	0.03046	0.02359	0	0	0.19412	0.00748	0	0.01451	0	0	0.05242	0	0	0	0.01438	0.0738	0	0	0	0	0	0.11029	0	0	0.01675	0	0	0	0	0.01433	0	0	0	0	0	0	0	0	0	0	0	0	0	0	0	0	0	0	0.00363	0.02218	0	0	0	0	0	0	0	0	0.00877	0	0	0	0	0.22123	0	0.01759	0	0	0	0.10234	0	0	0	0.01997	0	0	0	0	0	0	0	0.00875	0.00263	0	0	0	0	0	0	0	0	0	0	0	0	0	0.19482	0	0	0	0	0	0	0	0.00859	0	0.01721	0	0.01468	0.00745	0	0	0	0	0	0	0	0.00325	0	0	0	0	0	0.18362	0.11156	0	0	0	0	0.0011	0	0	0.065	0	0	0	0.04364	0	0	0	0.05034	0	0	0	0	0.07121	0	0	0	0.09819	0.07601	0	0	0	0	0	0	0	0.04712	0	0	0	0	0	0	0	0	0	0	0.14487	0	0	0	0.04419	0.03833	0	0	0	0	0	0	0.02367	0	0	0	0	0	0	0	0	0	0	0	0	0	0	0	0	0.01681	0	0.00828	0	0	0	0	0.0173	0	0	0	0.36754	0	0.00219	0	0.00218	0
"GGB9694_SGB15204"	0	0	0	0	0	0	0.06332	0.01275	0	0	0	0	0	0	0	0	0	0	0	0	0	0	0	0	0.0072	0	0	0	0	0	0	0	0	0	0	0	0	0	0.00078	0	0.00366	0	0	0	0	0	0	0	0	0	0	0	0.03202	0	0	0	0	0	0	0	0	0	0	0.00044	0	0.01437	0	0	0	0	0	0	0	0	0.05054	0	0	0	0	0	10.01984	0	0	0	0	0	0	0	0.00034	0	0	0	0	0	0	0	0	0	0	0	0	0	0	0.0109	0	0.03478	0	0	0	0	0	0	0	0	0	0	0	0	0	0	0.00638	0	0	0	0	0	0.04494	0.06449	0	0	0	0	0	0	0	0	0	0	0	0	0	0	0	0	0	0	0	0	0	0	0	0	0	0	0	0	0	0	0.02069	0	0	0	0	0	0	0	0.01171	0	0	0	0	0	0	0	0	0	0	0	0	0	0	0	0	0	0	0	0	0	0	0	0	0	0	0	0	0	0	0	0	0	0	0	0	0	0	0	0	0.03346	0	0	0	0	0	0	0	0	0	0	0	0	0	0	0	0	0	0	0	0	0	0.00634	0	0	0	0.00924	0	0	0.00621	0	0	0	0	0	0	0	0	0	0	0	0	0	0	0	0	0	0	0	0	0	0	0	0	0	0	0	0	0	0	0	0	0	0	0	0	0	0	0	0	0	0	0	0.1035	0.02989	0.00581	0	0	0	0	0	0	0	0	0	0	0	0	0	0	0	0	0	0	0	0	0	0	0	0	0	0	0.00348	0.06772	0	0.02504	0	0	0	0	0	0	0	0	0	0	0	0	0	0	0	0	0	0	0	0	0	0	0	0	0	0	0	0	0	0	0	0	0	0	0	0	0	0	0	0	0	0	0	0	0	0	0	0	0	0	0	0	0	0	0	0	0	0	0	0	0	0	0	0	0	0	0	0	0	0	0	0	0	0	0.01572	0	0	0	0	0	0	0	0	0	0	0	0	0	0	0	0	0	0	0	0	0.00738	0	0	0	0	0	0	0	0	0	0	0.01684	0	0	0	0	0	0	0	0	0
"Monoglobus_pectinilyticus"	0	0	0	0	0	0	0.00866	0.00021	0	0	0	0	0.11015	0	0	0	0	0	0	0.02057	0	0	0.08774	0	0	0	0	0	0.03691	0	0	0	0	0	0	0	0	0	0	0	0	0	0	0	0	0	0	0	0	0	0	0	0	0	0	0	0	0	0	0	0	0	0	0	0	0.06728	0	0	0	0	0	0.07311	0	0	0	0	0	0	0	0	0.02136	0	0	0	0	0	0	0	0	0.00593	0	0	0	0	0	0	0	0	0	0	0	0	0	0	0	0	0	0	0	0	0	0	0	0	0	0	0	0	0	0	0	0	0	0	0	0	0	0	0	0	0	0	0	0	0	0	0	0	0	0	0	0	0.0624	0	0	0	0	0	0	0	0	0	0	0	0	0	0.01044	0	0	0	0	0	0.00231	0	0	0	0	0	0	0	0	0	0	0	0	0	0	0	0	0	0	0	0.29336	0	0	0	0	0	0	0	0.11503	0	0	0	0	0	0	0	0	0	0	0.03505	0	0	0	0.02936	0	0	0	0.01324	0	0	0	0	0.32702	0	0	0	0	0.11712	0	0	0	0	0	0	0	0	0	0	0	0	0	0	0	0	0	0	0	0	0	0	0	0.12885	0	0	0	0	0	0	0	0	0	0	0	0	0.01361	0	0	0	0	0	0	0	0	0	0	0	0	0	0	0	0	0	0	0	0	0	0	0.01638	0.05623	0	0	0	0	0	0	0	0	0	0	0	0	0	0	0	0	0	0	0	0	0	0	0	0	0	0	0	0.01348	0	0	0	0	0	0	0	0	0	0	0	0	0	0	0.02455	0	0	0	0	0	0.07721	0	0	0	0	0	0	0	0	0	0.08411	0	0	0	0	0	0	0	0	0	0	0	0	0	0	0	0	0	0	0	0	0	0	0	0	0	0	0	0	0	0	0	0	0	0	0	0	0	0	0	0	0	0	0	0.09983	0	0	0	0	0	0	0	0	0	0	0	0	0	0	0	0	0	0	0	0	0	0	0	0	0	0	0	0.45102	0	0	0	0	0	0	0	0	0	0	0	0	0	0	0	0	0
"Frisingicoccus_SGB4673"	0	0	0	0	0	0	0.20229	0	0	0	0	0	0	0	0	0	0	0	0	0	0	0	0	0	0	0	0	0	0	0.0105	0	0	0	0	0	0	0	0	0.00047	0.01144	0.00432	0	0	0	0	0	0	0	0	0	0	0	0.13214	0	0	0	0	0	0	0	0	0	0	0	0	0.02225	0.00114	0	0	0	0	0.43291	0	0.00054	0.05931	0.0181	0	0	0	0	0	0	0	0	0	0.0031	0	0	0	0	0	0	0	0	0	0	0	0	0	0	0	0	0	0	0	0	0	0.05658	0	0	0	0.01236	0	0	0.03288	0	0	0.00485	0.03333	0	0.01026	0	0	0	0.09159	0	0.41142	0.1431	0	0	0	0	0	0	0	0	0	0	0	0	0	0	0	0	0	0	0	0	0	0.03878	0	0.08855	0	0	0	0	0	0	0	0	0	0	0.01079	0	0	0	0.05615	0	0	0	0	0	0	0	0	0	0	0	0	0	0	0	0	0	0	0	0.02565	0	0	0	0	0	0	0	0	0	0	0	0	0	0	0.21351	0	0	0	0.20285	0	0	0	0	0	0	0	0	0	0	0	0	0	0.00187	0	0	0	0	5e-04	0	0	0.10448	0.01985	0	0	0	0.05724	0.09505	0	0	0	0	0	0.00134	0	0	0.03558	0	0.04826	0	0	0	0	0	0.48832	0	0	0	0	0	0.01477	0	0.64145	0	0	0	0	0	0	0	0	0	0	0	0.43501	0	0	0	0	0	0	0.05882	0	0	0	0	0	0	0	0	0	0	0	0	0	0	0	0	0	0.12448	0	0	0	0	0	0	0	0	0	0	0.02888	0	0	0	0	0	0.37419	0	0	0	0.04068	0	0	0.0162	0	0	0	0	0	0	0	0	0	0	0	0	0	0	0	0	0	0	0	0	0	0	0	0	0	0	0	0	0	0	0	0	0	0	0	0	0.23346	0	0	0	0	0	0	0.02062	0	0	0.0139	0	0	0	0	0	0	0	0	0	0.07384	0	0	0	0	0	0	0	0.04875	0	0	0.17981	0	0	0	0	0	0.16581	0	0	0	0	0	0	0	0	0	0	0	0	0	0	0	0	0	0	0	0	0	0	0.03743	0	0	0	0	0	0.06397	0.0034	0	0	0	0	0
"Anaerofustis_stercorihominis"	0.00483	0.00026	0.00034	0.00594	0	0	0	0	0	0	0	0	0	0	0.04104	0	0	0	0	0	0	0	0	0	0.00025	0	0	0	0	0	0.00012	0	0.00175	0	0	0	0	0	0.00174	0.00326	0.00169	0	0	0	0	0	0	0.01352	0	0.00093	0	0	0.01132	0	0.00119	0	0	0	0	0.00145	0.00113	0	0	0	0.00382	0.00403	0.00344	0	0	0.00985	0	0.00695	0	0.00067	0.00182	0.00202	0.00136	0.00193	0	0	0	0.00676	0.0029	0	0	0.00111	0	0	0	0.00082	0	0	0	0	0	0.0013	0	0	0	0.00177	0	0	0.0026	9e-04	0	0	0	0.00071	0.00748	0.00062	0	0.00292	0	0	0.00179	0	0.00528	0.00438	0	0	0.00281	0	0	0	0	0	0.00277	0.00596	0.00543	0.00291	0.00018	0	0	0	0	0.00242	0.00077	0	0	0	0	0.00488	0.00385	0	0	0.04629	0.00052	0	0.00016	0.00296	0.02512	0	0	0.00023	0	0	0	0.00155	0.00505	0.00249	0.00045	0	0	0	0	0.00189	0	0	0	0	0	0.00164	0.03929	0	0	0	0.00274	0.00252	0	0	0	0	0.00292	0	0.01081	0	0	0	0.00158	0	0.00913	0.00251	0.03652	0	0	0	0	0	0	0.00233	0	0	0.04723	0	0	0.00186	0	0.00121	0	0.00398	0	0	0	0	0	0.00213	0	0	0	0.0092	0	0	0	0.00554	0.00365	0.01085	0	0.00234	0.00113	0	0	0	0	0.00657	0.00626	0	0	0.00364	0	0.00055	0.0052	0	0	0	0.00024	0	0	0	0	0	0	0.00432	0	0.002	0	0.01353	0	0	0	0.00683	0	0	0	0	0.01139	0	0	0	0	0	0.00136	0	0	0	9e-04	0.00643	8e-04	0.00117	0	0	0	0	0	0.00321	0	0.00083	0	0	0	0.00343	0	0.00148	0.00603	0	0	0.00435	0.00016	0	0	0.01126	0.00354	0	0	0	0.00487	0.01148	0	0.03065	0	0.00499	0.00444	0.00096	0.07822	0	0	0	0.01249	0	0	0	0	0.00756	0	0	0	0.00188	0.01723	0	0.00088	0.00388	0	0.00098	0	0.00412	0	0	0	0	0	0	0	0.00034	0	0	0	0	0	0	0	0	0	0	0	0.01598	0	0.03031	0.00427	0	0.00375	0.00116	0	0.00117	0	0.00268	0.00163	0	0	0.00201	0	0	0	0	0	0	0	0	0	0.00103	0	0	0	0	0	0.00138	0.00093	0	0	0	0.00888	0	0.00382	0.00089	0	0.00124	0	0.00046	0	0	0	0	0	0	0	0	0.00014	0.00222	0.00132	0.0025	0	0	0	0.00526	0.00271	0	0	0	0.00033	0	0	0.00172	0	0	0	0	0	0	0.01497	0	0
"GGB3510_SGB4687"	0	0	0	0	0	0	0.10523	0.02194	0	0	0	0	0	0	0	0	0	0	0	0	0	0	0	0	0.00023	0	0	0	0	0.00388	0.00844	0.01489	0	0.00351	0	0	0	0	0.00117	0.00714	0.00043	0	0	0	0	0	0	0	0	0	0	0	0.00746	0	0	0	0	0	0	0	0.04049	0	0	0.00792	0.00148	0	0	0	0	0	0	0.0086	0	0.00081	0.01457	0.00014	0	0	0	0	0	0.05394	0	0	0	0.00214	0	0	0	0	0	0	0	0	0	0	0	0	0	0.00252	0	0	0	0.00485	0	0.00269	0	0	0	0	0	0	0	0.02803	0.00172	0	0	0.21352	0	0	0	0.00147	0	0	0	0	0	0	0	0	0	0	0	0	0.01642	0	0	0	0	0	0	0	0	0	0	0	0	0	0.02693	0	0	0	0	0	0	0	0	0	0	0	0.00733	0	0	0	0	0	0	0	0	0	0	0	0	0	0	0	0	0	0	0	0	0	0	0	0	0	0.00014	0	0	0	0	0	0	0	0	0	0	0	0	0	0	0	0	0	0	0	0.04678	0	0	0	0	0	0	0	0	0.01484	0	0	0	0	0	0.00646	0	0	0	0	0	0	0	0	0	0	0	0.00954	0	0	0.08909	0.04386	0	0	0	0.0023	0	0	0	0	0	0	0	0	0	0.00856	0	0	0	0	0	0	0	0	0	0	0	0	0	0	0	0	0	0	0	0	0	0	0	0	0	0	0	0.036	0	0	0	0	0	0	0	0	0	0	0	0	0.02113	0	0	0	0	0	0	0	0	0	0	0	0	0	0	0	0	0	0	0	0	0	0	0	0	0	0	0	0	0	0	0	0	0	0	0	0.1228	0	0	0	0	0	0.04063	0	0	0	0	0	0	0	0	0	0	0	0	0	0	0.03021	0	0	0	0	0	0	0	0	0	0	0	0	0	0	0	0	0	0	0	0.00316	0	0	0	0	0	0	0	0	0	0	0	0	0	0	0.00847	0	0	0	0	0	0	0	0	0	0	0	0	0	0	0	0.02521	0	0	0	0	0	0	0	0	0	0	0	0	0.04758	0	0	9e-04	0	0	0.01239	0	0	0	0	0	0	0	0	0
"Granulicatella_SGB8255"	0	0.00195	0	0	0	0.00122	0.00102	0	0	0.00939	0	0	0.00327	0	0	0.00532	0	0	0.00685	0.00463	0.00552	0	0	0.01542	0	0.0072	0	0	0.02441	0	0	0	0.00478	0	0	0	0	0	0.01007	0.00517	0.00716	0	0	0	0	0.00659	0	0.00032	0	0	0	0	0	0	0	0	0	0.00451	0.00857	0	0.00124	0	0	0	0	0.00611	0	0	0	0	0	0	0	0.0115	0.00479	0.00787	0.01851	0	0	0	0	0.00194	0	0.02545	0.0445	0.00256	0	0	0	0.00171	0.00488	0	0.00213	0	0	0	0.05239	0	0.00273	0.01635	0.02327	0	0	0	0	0	0	0	0	0	0.00251	0.01331	0	0	0.00213	0	0	0	0.00195	0	0	0	0	0	0	0	0	0	0.01609	0.00067	0	0	0.00024	0	0	0	0.00456	0.02023	0.00257	0.00651	0	0	0	0	0	0	0.00026	0	0	0.00171	0	0	0.01168	0.00044	0	0	0	0	0	0	0	0	0.00024	0	0.00027	0	0	0.01021	0	0.00033	0	0	0.00025	0	0.00522	0	0	0.00473	0	0	0.00251	0	0.00171	0	0	0	0	0	0	0	0	0.00116	0	0.02507	0.00085	0	0.00608	0	0	0	0	0	0	0	0	0	0	0	0	0	0	0	0	0	0	0	0.00088	0	0	0	0	0	0	0	0	0	0	0	0.00652	0	0	0	0	0	0	0.00386	0	0.01144	0.0073	0.01142	0	0	0	0.00045	0	0.00295	0.01042	0	0	0.0089	0	0	0.0157	0	0	0.00347	0	0	0.0061	0.01551	0.02241	0	0	0.01239	0.00613	0.00351	0	0	0	0	0	0	0	0	0	0	0	0	0	0	0	0	0	0	0.00066	0.00092	0	0	0.03636	0.00169	0	0	0.00333	0	0	0	0	0.00562	0	0	0	0	0	0	0.00706	0	0	0.00564	0	0.00724	0	0	0.01062	0	0	0.00839	0.00938	0	0.00082	0	0.0032	0.0017	0	0	0	0	0	0	0	0	0.0121	0.00548	0	0	0	0	0.0071	0	0	0	0.01496	0	0.05394	0	0.00498	0	0	0	0	0	0.0066	0	0	0	0	0	0	0	0	0.00604	0	0.00135	0.00584	0.00748	0.00115	0	0	0	0	0	0.00692	0.01147	0	0	0	0	0	0	0	0	0	0.05198	0.00138	0	0	0	0	0	0.00609	0.00748	0.00943	0.00425	0	0	0	0	0	0.00707	0	0	0.00356	0	0	0.00391	0	0	0	0.0253	0.00112	0	0	0	0	0	0	0	0	0	0	0	0.0123	0	0	0.00479	0.02103	0.00105	0.00328	0	0.00074
"Candidatus_Parachristensenella_avicola"	0	0	0	0	0	0	0.00348	0	0	0	0	0	0	0	0	0	0	0	0	0	0	0	0	0	0.00646	0	0	0	0	0	0	0	0	0.00824	0.00176	0.01874	0	0	0.00014	0	0	0	0	0	0	0	0	0	0.01262	0.03894	0	0	0	0	0	0	0	0	0	0	0	0	0	0.00065	0	0	0	0	0	0	0	0	0	0	0.00063	0.00115	0	0	0	0	0.00049	0	0	0	0	0.00125	0	0	0	0	0	0	0	0	0	0	0	0	0	0	0	0	0.00342	0	0	0	0	0	0	0	0	0	0	0.01505	0	0	0.00161	0	0	0	0	0	0	0	0	0	0.00553	8e-05	0	0.00196	0	0	0	0	0.00207	0	0	0	0	0	0	0	0.00036	0	0	0	0	0	0.0115	0	0	0	0	0	0	0	0	0.00378	0	0	0	0	0	0	0	0	0	0	0	0	0	0	0	0	0	0	0	0	0	0	0	0	0	0	0	0	0	0	0	0	0.03548	0	0	0	0	0	0	0	0	0	0	0	0.0197	0	0	0.00145	0.00311	0	0	0.00407	0.00318	0	0	0	0	0	0	0	0	0	0	0	0	0.00027	0	0	0	0	0	0.00321	0	0	0	0.00638	0	0	0.00428	0.00158	0	0	0	0	0	0.00241	0	0	0	0	0	0	0	0	0	0.00165	0	0	0.00639	0	0	0	0	0	0	0	0	0	0	0	0	0	0.00133	0	0	0	0	0	0	0.0068	0	0	0.02278	0.09443	0	0	0	0	0	0	0	0	0	0	0.01044	0	0	0.00822	0	0	0	0	0	0	0	0	0	0	0	0	0	0.0589	0.00932	0	0	0	0	0	0.00131	0	0	0	0	0	0	0.00311	0	0	0	0	0	0	0	0	0	0	0	0	0	0	0	0	0	0	0	0	0	0	0	0	0	0	0	0	0	0	0	0	0	0	0	0	0	0	0	0	0	0	0	0	0	0	0	0	0.00022	0	0	0	0.00491	0	0	0	0	0	0	0	0	0.00158	0	0.02759	0	0	0	0	0	0	0	0	0	0	0	0	0	0	0	0	0	0	0.00575	0	0	0	0	0	0	0	0	0	0	0	0	0	0	0	0	0	0	0	0	0	0
"Mogibacterium_diversum"	0	0	0	0	0	0	0	0	0	0	0	0	0	0	0	0	0	0	0	0	0	0	0	0.00517	0	0	0	0	0	0	0	0	0	0	0	0	0	0	0.00154	0.00014	0.00082	0	0	0	0	0	0	0	0	0	0	0	0	0	0	0	0	0	0	0	0	0	0	0	0	0	0	0	0	0	0	0	0	0.00034	3e-05	0.00044	0	0	0	0	0	0	0	0.005	0	0	0	0	0	0	0	0	0	0	0	0	0.01046	0	0	0	0	0	0	0	0	0	0	0	0	0	0	0	0	0	0	0	0	0	0	0	0	0	0	0	0	0	0	0.00102	0	0	0	0	0	0	0.00127	0	0.0083	0	0	0	0	0	0	0	0	0	0	0	0	0	0	0	0	0	0	0.0071	0	0	0	0	0.00044	0	0	0	0	0	0	0	0	0	0	0	0	0	0.00073	0	0	0	0	0	0.0028	0	0	0	0	0	0.0184	0	0	0	0.00219	0	0	0	0	0	0.00091	0	0	0	0	0	0	0	0	0	0	0	0	0	0	0	0	0	0	0	0	0	0	0	0	0	0	0	0	0	0	0	0	0	0	0	0	0	0	0.00173	0	0.01544	0	0	0	0.00112	0	0	0	0	0	0	0	0	0	0	0	0	0	0	0	0	0	0.02165	0	0	0	0	0	0	0	0	0	0	0	0	0.00083	0	0	0	0	0	0	0	0	0	0	0	0	0	0	0	0	0	0	0	0	0	0	0	0	0	0	0	0	0	0	0	0	0	0	0.0051	0	0.00577	0	0	0.06077	0	0	0	0	0	0	0	0	0	0	0	0	0	0	0	0	0	0	0.00236	0	0	0	0	0	0	0	0	0	0	0.02998	0	0	0	0	0	0	0	0	0	0	0	0	0	0	0	0	0	0	0	0	0	0	0	0	0	0	0.00164	0	0	0	0	0	0	0	0	0	0	0	0.01119	0	0	0	0	0	0	0	0.00245	0.01235	0	0	0	0	0	0	0	0	0	0	0	0	0	0	0	0	0	0	0	0	0	0	0	0	0	0	0	0	0	0	0	0	0	0.00156	0	0	0	0.00072
"Anaerococcus_obesiensis"	0	0	0	0	0	0	0	0	0	0	0	0	0	0	0	0	0	0	0	0	0	0	0	0	0	0	0	0	0	0	0	0	0	0	0	0	0	0	0.00093	2e-05	0.0033	0	0.00273	0	0	0	0	0	0	0	0	0.02458	0	0	0	0	0	0	0	0	0	0	0	0	0	0	0	0	0	0	0	0	0	0.00211	0.00231	0	0.02978	0	0	0.4257	0	0	0	0	0	0	0	0	0	0	0	0	0.018	0	0	0	0	0	0	0	0	0	0	0	0	0	0	0	0	0	0	0	0	0	0	0	0	0	0	0	0	0	0	0	0	0	0	0	0.02507	0	0	0	0	0	0.00663	0	0	0	0	0	0	0	0	0	0	0	0	0	0	0	0.00403	0	0	0	0	0	0	0.00282	0	0.01402	0.00247	0	0	0	0.00388	0	0	0	0	0	0	0	0	0	0	0	0	0	0	0	0	0	0	0	0.00836	0	0	0	0	0	0	0	0	0	0	0	0	0	0	0	0	0	0	0	0	0	0	0	0	0	0	0	0	0	0	0	0	0	0	0	0	0	0.00435	0	0	0	0	0.01556	0	0	0	0	0	0	0	0	0	0.06147	0	0	0	0	0	0	0	0	0	0	0	0	0	0	0	0	0	0	0	0	0	0.04348	0	0	0	0	0.01181	0	0	0	0	0	0	0	0	0	0	0	0	0	0	0	0	0	0	0	0	0	0	0	0	0	0	0	0	0	0	0	0	0	0	0	0	0	0	0	0	0	0	0	0	0	0	0	0.061	0	0	0	0	0	0	0.00136	0	0	0	0	0	0	0	0	0	0	0	0	0	0	0	0	0	0	0	0	0	0.00065	0	0	0	0	0	0	0	0	0	0	0	0	0	0	0	0	0	0	0	0	0	0	0	0	0	0.00199	0	0	0	0	0	0	0	0	0	0	0	0.00309	0	0	0	0	0	0	0	0	0	0	0.00572	0	0	0	0	0	0	0	0	0	0	0	0	0	0	0	0	0	0	0	0	0	0	0	0	0	0	0	0	0	0	0	0	0	0	0	0	0	0
"GGB3057_SGB4059"	0	0	0.03789	0.03585	0	0	0	0	0	0	0	0	0	0	0	0	0	0	0.02603	0.016	0	0	0	0	0	0	0	0	0	0.04157	0	0	0	0	0.01606	0	0	0	0	0.02758	0	0	0	0	0	0	0	0.20207	0	0	0	0	0.01773	0	0	0	0	0	0	0	0	0.03354	0	0	0	0.00788	0.11236	0	0	0	0	0	0	0.0421	0	0	0	0	0	0	0	0.03011	0	0	0	0	0	0	0	0	0	0	0	0	0	0	0	0	0	0.20316	0	0	0	0	0	0	0	0	0	0	0	0	0	0	0.04287	0	0	0	0	0	0.00133	0	0	0	0	0	0	0.00184	0	0	0	0	0	0	0	0	0	0	0	0	0	0	0	0	0	0	0.03414	0	0	0	0	0	0	0	0	0	0	0.00744	0	0	0	0	0	0	0.00341	0	0	0	0	0	0	0	0	0.04102	0	0	0	0	0	0	0	0	0	0	0	0	0	0	0.0574	0	0	0	0	0	0	0	0	0	0	0	0	0	0	0	0	0.02402	0	0.05247	0	0	0	0	0	0	0.01752	0	0	0	0	0	0.06091	0	0	0	0	0	0	0	0	0.04487	0	0	0	0	0	0	0.05041	0	0	0	0	0	0	0.00405	0.00172	0	0	0	0	0	0	0	0	0	0	0	0	0	0	0	0.18012	0	0	0	0	0	0	0	0	0	0	0	0	0	0	0	0.00922	0	0	0.00295	0	0	0	0.00585	0	0	0	0	0	0	0	0.02433	0.08364	0	0	0	0	0	0	0	0	0	0	0	0	0	0	0	0.09177	0	0.01133	0	0	0	0	0	0	0	0	0	0	0.07063	0	0	0	0	0	0	0	0	0	0	0	0	0	0	0	0	0	0.04466	0	0.1673	0	0	0	0	0	0	0	0	0	0	0	0	0	0	0	0	0	0	0	0	0	0	0	0	0	0	0	0	0	0	0	0	0	0	0.01207	0.01417	0	0	0	0	0	0.06809	0.19134	0	0	0	0	0	0	0	0	0	0	0	0	0	0	0	0	0	0	0	0	0	0.02324	0	0.00125	0	0	0	0	0	0	0	0	0	0.01488	0	0	0	0	0	0	0	0	0	0
"Actinomyces_SGB17168"	0	0	0	0	0	0.09229	0	0	0	0	0	0	0	0	0	0	0	0	0	0	0	0	0	0	0	0	0	0.00301	0	0	0	0	0	0	0	0	0	0	0.00092	0.00114	0.00888	0	0	0	0	0	0	0	0	0	0	0	0	0	0.00281	0	0	0.00251	0.06951	0	0.00021	0	0	0.00031	0	0	0	0	0	0	0	0	0	0.00433	0.00168	0.00041	0	0	0	0	0.00849	0.002	0	0	0.00281	0	0	0	0	0	0.00427	0	0	0	0	0	0	0	0	0.00733	0	0.0077	0	0	0.0036	0	0	0	0.00365	0	0	0	0	0	0	0	0	0	0.00639	0	0	0	0	0	0	0	0	0	0.00133	0	0	0	0	0	0	0	0	0	0	0.00624	0	0	0	0	0	0	0	0	0	0	0	0	0	0.00181	0	0	0.01008	0	0	0	0	0	0.02046	0	0	0	0	0	0	0	0	0	0.01442	0	0	0	0	0.00453	0	0	0	0	0	0.00095	0	0.02598	0.02252	0	0	0	0.00668	0	0	0	0.002	0	0	0	0	0	0	0	0	0	0	0	0	0	0	0	0	0	0	0	0	0	0	0	0	0	0	0	0	0	0	0	0	0	0	0	0	0	0	0	0.00449	0.00893	0	0.00051	0.10894	0.00056	0.00301	0.01461	0	0	0	0.00063	0	0	0	0	0	0	0	0	0	0	0	0	0	0	0	0	0.00037	0	0	0	0	0	0	0	0.00342	0	0	0	0.00031	0	0	0	0.00665	0	0	0	0	0	0.00148	0	0	0	0	0	0	0.00289	0.00042	0.00599	0	0	0	0	0	0	0	0.00511	0	0	0.00076	0	0	0	0	0	0	0	0	0	0	0	0	0	0	0	0.00079	0.00245	0	0	0.01371	0	0	0.00294	0.01026	0	0	0	0	0	0	0	0.00149	0	0	0	0	0	0.07488	0	0	0	0	0	0	0	0	0	0	0	0	0	0	0	0	0	0	0	0	0.00259	0	0	0	0	0	0.00648	0.00226	0	0	0	0	0	0	0	0	0	0	0	0	0	0	0	0	0	0	0.01462	0	0.1146	0	0	0	0	0	2e-04	0.02877	0	0	0	0	0.00221	0	0	0	0.00823	0	0.00362	0	0.03437	0.00084	0.03404	0.01296	0	0	0	0	0	0	0	0.00271	0	0	0	0	0	0.00373
"Ruminococcus_callidus"	0	0	0	0	0	0	0.0741	0.44141	0	0	0	0	0	0.00206	0	0	0	0	0	0	0	0	0	0	0	0	0.23881	0	0	0	0	0	1.52342	1.30175	0.24783	0.11134	0	0	0	0.2691	0	0	0.71671	2.98363	0	0	0	0	0	0	0.74505	0	0	0.17281	0	0	0.11285	0	0	0	0	0	0	0	0	0	0	0	0	0	0	0	0	0.06447	0.11094	0.07749	0	0	0	0	0.16405	0	0	0	0	0	0	0	0	0	0	0	0	0	0	0	0	0	1.42244	0	0	0	1.01972	0	0.74085	0	0	0	0	0	0	0.25674	0	0	0	0	0	0	0	0	0	0	0	0	1.68678	0	0	0	0	0	0	0	0	0	0	0	0	0	0	0	0	0	0	0	0	0	1.05745	0	0.92651	0	0	0	0	0	0	0	0	0	0	0	0	0	0	0.27224	0	0	0	0	0	0	0	0	0	1.83509	0	0	0	0	0	0	0	0	0	0	0	0	0	0	0	0	0	0.8564	0	0	0	1.50676	0.00833	0	0	0	0	0	0	0	0	0	0	0	0	0	0	0	1.21103	0	0	0	0	0	0	0	0.00631	0	0	0	0	0	0	0	0	0	0.46687	1.12349	0.89374	0	0	0	0	0	0	0	0	0	0	0	0.73687	0	0	0.83473	0	0	0	0	0	0	0	0	0.24442	2.56804	0	0	0	0	0.60387	0	0	0	0	0	0	0	0	2.70791	0	0	0	0	0	0	0	0.10021	0	0	0	0	0	0	0	0	0	0	0	0	0	0	0	0	0	0	0	0	0	0	0.65097	0.53682	0	0.62109	0.61191	0	0	0.33173	0	0	0	0	0	0	0	0	0	1.12885	0	1.24519	0	0	0	0	0	0	0	0	0	0	0	0.59203	0	0	0	0	0	0	0	0	0	0	0	0.24651	0	0	0	0	0	0	0	0	0	0	0	0.32955	0	0	0	0	0	0.10276	0	0	0	0	0	0	0	0	0	0	0	0	0	0	0	0	0	0	0	0	0	0.1545	0	0	0	0	0	0	0	0	0	0	0	0	0	0	0	0	0	0	0	0	0	0	0	0	0	0	0	0	0	0	0	0	0	0	0	0	0	0	0	0	0	0	0
"Clostridia_bacterium"	0	0.58181	0	0	0	0	0	0	0	0	0	0	0.43278	0.18982	0	0	0	0	0.0528	0.05641	0	0	0	0	0	0	0	0	0	0	0	0	0	0	0	0	0	0	0.01026	0	0.00789	0	0	0	0	0	0.28916	0	0	0	0	0	0	0	0	0	0	0	0	0	0	0	0	0	0	0	0	0	0	0	0	0	0	0	0.01095	0.02231	0	0	0	0	0	0	0	0	0	0	0	0	0	0	0	0	0	0	0	0	0	0	0	0	0	0	0	0	0	0	0	0	0	0	0.56468	0	0	0	0	0	0	0	0	0.00247	0	0	0	0	0	0	0.00431	0.28919	0	0	0	0	0	0	0	0	0	0	0	0.05111	0	0	0.0116	0	0.30027	0	0	0	0	0	0	0	0	0	0	0	0.07431	0	0	0	0	0	0	0	0	0	0	0	0	0	0	0	0	0	0	0	0	0	0	0	0	0	0	0	0	0	0	0	0.19799	0	0	0	0	0	0	0	0.09325	0	0.93381	0	0	0	0	0	0.04332	0	0	0	0	0	0	0	0	0	0	0	0	0	0	0	0	0	0	0	0	0	0	0	0	0	0	0	0	0	0	0	0	0	0	0.12505	0	0	0	0	0	0.38844	0	0	0	0	0	0	0	0	0	0	0	0	0.88305	0	0	0	0	0	0	0	0	0.09875	0	0.20996	0.35228	0	0	0	0	0	0	0	0	0	0	0	0	0	0	0	0	0	0	0	0.15819	0	0	0	0.27442	0.00085	0	0	0	0	0	0.33007	0.18079	0	0	0	0	0	0	0	0.01174	0	0.22626	0	0	0	0	0	0	0	0.18334	0	0	0	0	0	0	0	0	0	0	0	0	0	0	0	0	0	0	0	0	0	0	0	0	0	0	0	0	0	0	0	0	0	0	0	0	0	0	0	0	0	0	0	0	0	0	0	0	0	0	0	0.00112	0	0	0	0	0	0	0	0	0	0	0	0	0	0	0	0	0	0	0	0	0.00583	0	0	0	0	0	0	0	0	0	0	0	0	0	0	0	0	0	0	0	0.0797	0	0	0	0	0	0	0	0	0	0	0	0	0	0	0
"GGB9186_SGB14125"	0	0	0.01886	0	0	0	0.03289	0	0	0	0	0	0	0	0	0	0	0	0	0	0	0	0	0	0.00699	0	0.02407	0	0	0	0	0	0	0	0	0.05408	0	0	3e-04	0.00919	0.00397	0	0	0	0	0	0	0	0	0	0	0	0	0	0	0	0	0	0	0	0	0	0	0	0	0.01066	0.04468	0	0	0	0	0	0	0	0.0083	0.00157	0	0	0	0	0.01098	0	0	0	0	0	0	0	0	0	0	0	0	0	0	0	0	0	0	0	0	0	0	0	0	0	0	0	0	0	0	0	0	0	0	0	0	0	0	0	0.02553	0	0	0	0	0	0	0.10916	0	0	0	0	0	0	0	0	0	0	0	0	0	0	0	0	0	0	0	0	0.06371	0	0	0	0	0	0	0	0	0.03945	0	0	0	0	0	0.00353	0.02723	0	0	0	0	0.01287	0	0	0	0	0	0	0	0	0	0	0	0	0	0	0	0	0	0	0	0	0.01388	0	0	0	0	0	0.00168	0	0	0	0	0.02545	0.0084	0	0	0	0	0.02487	0	0	0.03972	0	0	0	0.06739	0	0	0	0.03507	0	0	0	0	0	0	0	0	0	0	0.03104	0	0	0	0.01593	0	0	0.03067	0	0	0	0	0	0	0.01557	0.01745	0	0	0	0	0	0	0	0	0	0	0	0.00461	0	0	0	0	0	0.00775	0	0	0	0	0	0	0	0.02373	0	0	0	0	0.02965	0	0	0	0	0	0	0	0.02624	0	0	0	0	0	0	0	0	0.05249	0	0	0	0	0	0	0	0	0	0	0	0	0	0	0	0	0	0.02585	0	0.03632	0	0	0	0	0	0	0	0	0	0	0	0	0	0	0	0	0	0	0.02312	0	0	0	0.01881	0	0.00481	0	0	0	0	0	0	0	0	0	0	0	0	0	0	0	0	0	0	0	0	0	0	0	0	0	0.0332	0	0	0.09553	0	0	0	0	0	0	0	0	0	0.01591	0	0	0	0	0	0	0	0	0	0	0	0.00384	0	0	0	0	0	0	0	0	0	0	0	0	0	0	0	0	0	0.01778	0	0.05912	0	0	0	0	0	0	0	0.03246	0	0.00534	0.0765	0	0	0	0	0	0	0	0	0
"GGB3678_SGB4991"	0	0	9e-04	0.03252	0	0	0	0.00294	0	0	0	0	0	0	0	0	0	0	0	0	0	0	0	0	0	0	0	0	0	0.00016	0	0	0	0	0	0	0	0	0.00014	0.03699	0.00137	0	0	0	0	0	0	0.0159	0	0	0	0	0.00182	0	0	0	0	0	0	0	0	0	0	0	0	0.04341	0.07198	0	0	0	0	0	0	0.00033	0.00074	8e-05	0	0.06427	0	0	0	0.28136	0	0	0	0.00048	0	0	0	0.00321	0	0	0	0	0	0	0	0	0	0	0	0	0	0	0	0.01207	0	0	0	0	0	0	0	0	0	0	0	0	0	0	0	0	0	0	0	0	0	0	0	0	0	0	0	0	0	0	0.06685	0	0	0	0	0	0	0	0	0	0	0	0	0	0	0	0	0	0	0	0.00021	0	0	0	0.02385	0	0	0	0	0	0	0	0	0	0	0	0.04851	0	0	0	0	0	0	0	0	0	0	0	0	0	0	0	0	0	0	0	0	0	0	0	0	0	0	0	0	0	0	0	0	0	0.00622	0	0	0	0	0	0	0	0.00595	0	0	0	0	0	0	0	0	0	0	0	0	0	0	0	0	0	0	0.00042	0	0	0	0	0	0	0	0	0	0	0	0	0	0	0	0	0	0	0	0.0014	0	0	0	0	0	0	0	0	0	0	0	0	0	0	0	0	0	0	0	0	0	0	0	0	0	0	0	0	0	0	0	0	0	0	0	0	0	0	0	0	0	0	0	0	0	0	0	0	0	0	0	0	0	0	0	0.0226	0.00691	0	0	0	0	0	0	0	0	0	0	0	0.00637	0	0	0	0	0	0	0	0	0	0	0	0	0	0	0	0	0	0	0	0	0	0	0	0	0	0	0	0	0	0	0	0	0	0	0	0	0	0	0	0	0	0	0	0	0	0	0	0	0	0	0	0	0	0	0.02245	0	0	0	0	0	0	0	0	0	0.00483	0	0	0	0	0	0	0	0	0	0	0	0	0	0	0	0	0	0	0	0.01619	0	0	0	0	0	0	0	0	0	0	0	0	0	0	0	0	0	0	0	0	0
"Massiliimalia_timonensis"	0	0	0	0.00242	0	0	0.00733	0.00091	0	0	0	0	0	0.00672	0	0	0	0	0.00131	0	0	0	0	0	0	0	0	0	0	0	0	0	0	0.00129	0	4e-04	0	0	0	0.00104	0.00063	0	0	0	0	0	0	0	0	0.00242	0	0	0.00344	0	0.00612	0	0	0	0	0	0	0	0	0	0.00109	0	0.06932	1.53352	0.28893	0	0.00433	0	0	0.00174	0.00188	0.00281	0	0	0	0	0	0	0	0	0	0	0	0	0	0.0018	0	0	0	0	0	0	0	0	0.00046	0.00896	0	0.00468	0.03747	0	0	0	0	0	0	0	0	0.00097	0	0	0	0	0	0.00127	0	0	0	0	0	0	0	0	0.00769	0	0	0	0	0	0	0	0.01301	0	0.03105	0	0	0	0	0.00355	0	0	0	0	0.00245	0	0.00092	0	0	0	0	0.003	0	0	0	0.00205	0	0	0	0	0.00189	0	0.00593	0.02343	0	0	0	0.0013	0	0.00193	0.01389	0	0	0	0.00761	0	0	0	0	0	0	0	0	0	0	0	0	0	0.00328	0	0.01092	0.00786	0	0	0	0	0	0.00483	0	0.00051	0.01343	0	0	0	0	0.00206	0	0	0.00532	0	0	0	0	0.00132	0	0.00329	0	0	0	0	0	0	0.00142	0	0	0	0	0.00025	0	0	0	0	0	0.00113	0	0.00733	0	0	0.01218	0	0	0	0	0	0	0	0	0	0.00583	0	0	0.00441	0.01668	0	0	0.00139	0	0	0.02129	0	0	0	0	0	0	0	0	0.01508	0	0	0	0	0	0	0	0.00315	0	0	0.00204	0	6e-05	0.00341	0	0	0.00489	0	0	0	0	0	0.02085	0	0	0.03225	0	0	0	0.02492	0	0.00286	0	0	0	0	0	0	0	0	0.00322	0	0.01697	0	0	0	0	0	0	0	0	0	0	0.00654	0	0	0	0	0	0.00993	0	0	0.00362	0	0	0	0	0	0	0.08328	0	0.00061	0	0	0	0	0	0	0.00229	0	0	0	0	0	0	0	0	0	0	0	0	0	0	0	0	0	0	5e-04	0	0	0	0	0	0	0	0	0	0	0	0.001	0	0	0	0	0	0.00207	0	0	0.00084	0	0	0	0	0	0	0.00325	0	0	0	0	0.00296	0	0	0	0	0	0.00272	0	0	0	0	0	0.00789	0.006	0	0	0	0	0.00033	0	0	0	0	0	0	0	0	0.01275	0
"Eisenbergiella_sp_OF01_20"	0.51284	0	0	0	0	0	0.3515	0	0	0	0	0	0	0	0.2403	0.19079	0.03588	0.0161	0	0	0	0	0	0	0	0	0	0	0	0	0	0	0	0.0302	0	0	0	0	0.01152	0.00756	0	0.02689	0.02817	0	0	0	0.00836	0	0	0	0	0.01842	0	0	0	0	0	0	0	0	0	0	0	0	0	0	0.00098	0.07506	0.07687	0	0	0	0	0.02816	0.03058	0.00112	0.1015	0	0	0	0.52284	0	0	0	0.02505	0	0	0	0	0	0	0	0.09109	0	0	0	0	0	0	0	0	0.79728	1.14761	0	0	0	0	0	0	0	0	0	0.00369	0	0	0.03456	0.00144	0	0	0	0	0	0	0	0	0	0	0	0	0.00451	0	0	0	0	0	0	0	0	0.03871	0	0	0	0	0	0.09849	0	0	0	0	0	0	0	0.01069	0.02742	0	0	0	0	0	0.08372	0	0	0	0	0	0.03155	0.02922	0	0	0	0.00408	0	0	0	0	0	0	0	0	0.00555	0	0	0	0	0.0077	0	0.01663	0	0	0.05801	0	0	0.00476	0	0.03907	0	0	0	0	0	0	0	0	0	0	0	0	0	0	0	0	0	0	0	0	0.83107	0	0	0	0	0	0.02339	0.00065	0	0	0	0	0.03531	0.03614	0	0	0	0	0	0	0	0	0	0	0	0	0.23079	0	0	0	0	0.00172	0	0	0	0	0.0167	0	0	0	0	0	0	0	0	0	0	0	0	0.00439	0	0	0.49066	0	0.09945	3.43453	0	0	0	0	0	0	0	0	0	0.00393	0.01412	0	0	0	0	0	0	0	0	0	0	0.00615	0	0	0.0022	0	0	0	0.00151	0	0	0	0	0	0	0.00728	0	0	0.01174	0	0	0	0.00091	0.05596	0	0	0	0	0	0	0	0	0	0.03982	0	0	0.00364	0.00064	0	1.72309	0.00034	0.00107	0.00115	0	0	0	0	0	0	0	0	0	0	0	0	0	0.00269	0	0	0	0	0	0	0	0.25673	0.04653	0	0	0.00351	0	0	0	0	0	0.59043	0	0	0	0	0.00094	0.01795	0.09906	0	0	0	0	0.01073	0.03141	0	0	0	0	0	0	0	0	0	0	0	0.00075	0.00856	0	0.00083	0	0.0037	0	0	0	0	0	0	0	0	0	0	0	0	0	0	0	0	0.15203	0.52047	0.00983	0	0	1.64693	0	0	0	0	0	0	0	0	0	0	0
"Parvimonas_micra"	0	0	0	0	0	0	0	0	0	0	0	0	0	0	0	0	0	0	0	0	0	0	0	0	0	0	0.00157	0	0	0	0	0	0	0	0	0	0	0	0.00576	0.00067	0	0	0	0	0	0	0	0.00215	0	0	0	0	0	0	0	0	0	0	0	0	0	0	0	0	0	0	0	0.00122	0	0	0	0	0	8e-04	0.00064	0.00106	0	0	0	0	0	0	0	0	0	0	0	0	0	0	0	0	0	0	0	0	0	0	0	0	0	0	0	0	0	0	0	0	0	0	0	0	0	0.00753	0	0	0	0.00201	0	0	0	0	0	0	0	0	0	0	0.01281	0	0	0	0	0	0	0.05011	0	0	0	0	0	0	0.00285	0	0	0	0.00155	0	0	0	0	0	0	0	0	0	0	0	0	0	0	0	0	0	0	0.00878	0	0	0	0.04225	0.0539	0	0	0	0.00192	0	0	0	0	0	0.00848	0	0	0	0	0	0.03735	0	0	0	0	0	0	0	0	0	0	0	0	0	0	0	0	0	0	0	0	0	0	0	0	0	0	0	0	0	0	0.00255	0	0	0	0	0	0	0	0	0	0	0	0	0	0	0	0.00358	0	0	0	0	0	0	0	0	0	0	0	0	0	0	0	0	0	0	0	0	0	0	0	0	0	0	0	0	0	0	0.018	0	0	0	0	0	0	0	0	0	0	0	0	0	0	0	0	0	0	0	0	0	0	0	0	0	0	0	0	0	0	0	0	0	0	0.00427	0.00586	0	0	0	0	0	0	0	0	0.01989	0	0	0.16701	0	0	0.00507	0	0	0	0	0.01035	0	0.03078	0	0	0	0	0	0	0	0	0	0	0	0	0	0	0	0	0	0.00839	0	0	0	0	0	0.00253	0	0.00936	0	0	0	0	0	0	0	0	0	0	0	0	0	0	0	0	0	0	0.00994	0	0.00696	0	0	0.00643	0	0	0	0	0	0	0.02646	0	0.0135	0.01218	0	0	0	0	0	0	0	0	0	0	0	0	0	0	0	0	0	0	0	0	0	0	0	0	0	0.01467	0	0	0	0	0	0	0	0	0	0	0	0	0	0	0	0	0	0	0	0
"Streptococcus_gordonii"	0	0	0.00111	0	0	0	0	0	0	0	0	0	0	0	0.005	0.01786	0	0	0	0	0	0	0	0.00809	0	0	0	0	0	0	0	0	0.00018	0	0	0	0	0	0.00098	0.0012	0.00299	0	0	0	0	0.00388	0	0	0	0	0	0	0	0	0	0	0.02741	0.00082	0.00592	0.00096	0	0	0	0	0	0	0	0	0	0	0	0	0	0.00075	0.00276	0.00136	0	0	0	0	0	0	0	0.00288	0.0218	0	0	0	0	0	0	0	0	0	0	0	0	0	0	0	0	0	0	0	0	0	0	0	0	0	0	0	0	0	0	0	0	0	0	0	0	0	0	0	0	0	0	0.00445	0.02346	0	0	0	0	0	0	0	0.00299	0.00285	0	0	0	0	0	0	0.00027	0.0329	0	0.00066	0	0	0	0	0	0	0	0	0	0	0	0	0.00418	0	0	0	0.00022	0	0	0.00225	0	0	0	0	0	0	0	0	0	0.00152	0	0	0	0	0	0	0.00263	0	0	0	0	0	0	0	0.02891	0	0	0.00755	0	0	0	0	0	0	0	0	0	0.00331	0.00022	0	0	0	0	0	0	0	0	0	0.00446	0	0	0.00855	0	0	0	0	0	0	0	0	0	0	0	0	0	0	0.00524	0.00223	0	0	0.01399	0.00809	0	0	0	0	0.00031	0	0	0	0	0	0.01265	0	0	9e-04	0	0	0	0	0	0	0	0	0	0.00219	0.00075	0.00028	0	0	0	0	0	0	0	0	0	0	0	0.00841	0	0	0	0	0.03576	0.01692	0	0	0	0	0.00853	0	0	0	0.0109	0	0	0.01723	0	0	0	0	0	0	0	0	0	0	0	0.02483	0	0	0.002	0	0	0	0	0.00528	0	0	0	0	0.01073	0	0	0	0	0	0	0	0	0	0	0.01415	0	0	0	0	0	0	0.00394	0	0	0	0.00759	0	0	0	0	0	0	0	0	0	0	0	0	0	0.00083	0	0	0	0	0	0	0	0	0	0	0	0	0	0	0	0	0	0	0	0	0	0	0.02201	0	0.00397	0.00384	0	0	0	0	0	0	0	0	0	0	0	0	0	0	0	0	0	0	0	0	0	0	0	0	0	0	0	0.01131	0	0.0084	0	0	0	0	0	0	0	0	0	0	0	0.11149	0	0	0	0
"Peptoniphilus_lacrimalis"	0	0	0	0	0	0	0	0	0	0	0	0	0	0	0	0	0	0	0	0	0	0	0	0	0	0	0.00471	0	0	0	0	0	0	0	0	0	0	0	0.00313	0.00138	0.0135	0	0.01806	0	0	0	0	0	0	0	0	0.20433	0	0	0	0	0	0	0	0	0.0131	0	0	0.00952	0	0.00334	0	0	0	0	0	0	0	0.00246	0.01594	0	0.00989	0	0	0.23951	0	0	0	0	0	0	0	0	0	0	0	0	0.02073	0	0	0	0	0	0	0	0	0.00517	0	0.01726	0	0	0	0	0	0	0	0	0	0	0	0	0	0	0	0	0	0	0	0.00494	0	0	0	0	0	0	0	0	0	0	0.02215	0.01145	4e-04	0	0	0	0	0	0	0	0	0	0	0	0	0	0	0	0	0	0	0	0	0.02305	0	0.01206	0	0	0	0	0.05633	0.00478	0	0	0	0	0.01208	0	0	0	0	0	0	0	0	0	0	0.00785	0	0	0.00379	0	0	0	0	0	0	0	0	0	0	0	0	0	0	0	0	0	0	0	0	0	0	0	0	0	0	0	0	0	0	0	0	0.01412	0	0	0	0	0	0	0.03483	0	0	0.0319	0	0	0	0	0	0	0	0	0	0	0	0	0	0	0	0	0	0	0	0	0	0	0	0	0	0	0	0.01174	0	0	0.02695	0.00511	0	0	0	0	0.02648	0	0	0	0	0	0	0	0	0	0	0	0	0	0	0	0.00969	0	0	0	0	0	0	0	0	0	0	0	0	0	0	0	0	0	0	0	0	0	0	0	0	0	0	0	0	0.0025	0	0	0.04162	0	0	0	0	0	0	0	0	0	0	0	0	0	0	0	0	0	0	0	0	0	0	0	0	0	0	0	0	0.01494	0	0	0	0	0.00096	0	0	0	0	0	0	0	0	0	0	0	0	0	0	0	0	0	0	0.02186	0	0	0	0	0	0	0	0	0	0	0	0	0	0	0	0	0	0	0	0	0	0	0	0	0.00022	0	0.0019	0	0	0	0	0	0	0	0.00172	0	0	0	0	0	0	0	0.06401	0	0	0	0	0	0	0	0	0	0	0	0	0	0	0	0	0	0	0	0
"Schaalia_turicensis"	0	0	0	0	0	0	0	0	0	0	0	0	0	0	0	0	0	0	0	0	0	0	0	0	0	0	0.02162	0	0	0	0	0	0	0	0	0	0	0	0.00237	0	0.00035	0	0.0067	0	0	0	0	0	0	0	0	0.03856	0	0	0	0	0	0	0	0	0	0	0	0	0	0	0	0	0	0	0	0	0	0	0.09436	0.00013	0	0	0	0.00059	0	0	0	0	0	0	0	0	0	0	0	0	0	0	0	0	0	0	0	0	0	0	0	0	0	0	0	0	0	0	0	0	0	0	0	0	0	0	0	0	0	0	0	0	0	0	0	0	0	0	0	0	0	0	0.27374	0	0	0	0	0	0	0	0	0	0	0	0	0	0	0	0	0	0	0	0	0	0.00022	0	0	0	0	0	0	0	0.00846	0	0	0	0	0	0	0	0	0	0	0	0	0	0	0	0	0	0	0	0	0	0	0	0	0	0	0	0	0.00074	0	0	0	0	0	0	0	0	0	0	0.0123	0	0	0	0	0	0	0	0	0	0	0	0	0	0	0	0	0	0	0	0	0	0	0	0	0	0	0	0	0	0	0	0	0	0	0	0	0	0	0	0	0	0	0	0	0	0	0.0026	0	0	0	0.00784	0	0	0	0	0	0	0	0	0.01537	0	0	0	0	0	0	0	0	0	0	0	0	0	0	0	0.1826	0	0	0	0	0.00066	0	0	0	0	0	0	0	0	0	0	0	0	0	0.00317	0	0	0	0	0	0	0	0.00324	0	0	0	0	0	0	0	0	0	0	0	0	0	0	0	0	0	0	0	0	0	0	0	0	0	0	0	0	0	0	0	0	0	0	0	0	0	0	0.00284	0	0	0	0	0	0	0	0	0	0	0	0	0	0	0	0	0	0	0.01161	0	0	0	0	0	0	0	0	0	0	0	0	0	0	0	0	0	0	0	0	0	0	0	0	0	0	0	0	0	0	0	0	0	0	0	0	0	0	0	0	0	0	0.01097	0	0	0	0	0	0	0	0	0	0	0	0	0	0	0	0	0	0	0	0
"Prevotella_copri_clade_A"	0	0	0	0	32.12849	31.10263	0	0	0	0	0	0	0	0	0	0	0	0	0	0	0	0	0	18.65201	21.75878	0	0.04852	0	0	0	0	0	0	0	41.41941	0	0	0	1.99786	0	14.98908	0	0	0	0	0	0	0	0	0	0	0	0	0	0	47.49307	59.51399	0	0	0	0	29.70254	0	0	0	0	0	0	0	0	0	0	0	0	7.36975	0	0	0	0	0	0.01484	0	0	0	0	0	0	0	0	0	0	0	0	0	0	0	0	0	17.44867	0	0	0	0	0	0	47.32195	22.87355	0	0	0	0	0	0	0	0	0	0	0	0	0	0	0	0	0	0	0	0	0	0	0	0	0	0	0	0	0	0	0	0	0	0	0	0	0	0	0	0	0	0.09836	0	0	0	0	0	0	0	0	0	0	0	0	0	0	59.49307	0	0	0	28.37324	0	0	0	23.47252	0	0	0	0	11.04943	0	0	0	0	0	0	0	0	23.004	0	0	0	0	0	25.33595	0	0	0	0	0	0	0	0	0	0	0	0	0	0	0	0	37.60674	21.51429	0	0	0	0.04809	0	0	0	0	0	0	0	0	0	7.46716	0	0	0	0	31.83246	0	0	27.90738	0	0	0	4.44983	0	0	0	0	0	0	0	0	12.04246	0	0	33.78022	0	0	0	0	0	0	0	0	0	2.08833	0	0	0	0	27.41518	2.65085	0	0	0	0	0	0	0	21.02899	41.19665	0	0	0	0	0	0	0	0	0	0	0	36.9499	0	0	0	0	0	0	0	0	47.96212	0	0	0	0	0	0	0	0	0	0	0	0	0	0.00068	0	0	11.63517	0	0	0	0	0	0	0	0	0	0	0	0	0	0	0	0	0	17.70573	0	0	0.78902	0	0	0	0	0	0	0	4.48432	0	0	0	14.59764	0	0	0	0	0	47.92568	0	0	0	0	0	0	0	0	0	0	0	0	0	0	0	0	11.54372	0	0	0	0	0	0	0	0	0	0	10.77852	0	0	0	0	0	0	0	0	0	0	0	0	0	0	0	0	0	0	0	0	0	0	0	0	0	0	0	0	0	0	0	0	0	0	0	0	0	0	0	0	0	0	0	0	0	0	0	0	0	0	0
"Streptococcus_pasteurianus"	0.27639	0	0	0	0.50951	0.62605	0	0	0	0	0	0	0	0	0	0	0	0	0	0	0	0	0	0	0	0	0	0	0	0	0	0	0	0	0	0	0	0	0.66412	0.20139	0.66479	0	0	0	0	0	0	0	0	0	0	0.24549	0.38353	0	1.60607	0.12201	0	0	0	0.2796	1.02875	0	0	0	0	0	0	0	0.15798	0	0	0	0	0.31979	0.51729	0.52543	2.25721	0	0	0	0	0	0	0	0	0	0	0	0	0	0	0	0.76641	0	0	2.67254	23.70795	0	0	1.26818	0.71207	0	0	0	0	0	0	0	1.60919	0	0	0.64398	1.868	0	0	0.23181	2.96264	0	0	0	0	0	0	1.96323	0.68425	0	0	7.7085	0	0	0	0	0.19067	0	0	0	1.19891	3.77378	0	0	1.33756	0	0	0	0	0.37511	0	0	0	1.52757	0	0	0	0	0.89339	0	1.13176	0.0139	0	0	0	0	0	0	0	0	0	0	0	0	0	0	0	0	0	0	0.97432	0	0	0.24212	0	0.0108	0.53916	0.63284	0	0	0	0	0	0	0	0	0	0	0	0	0.12989	0	0	0	0	0	0	0	0.07866	0	0	1.12164	0	0	0.06609	0.02768	0	0	0	0	0	0	0	0	0	0	0	0	0	0.21747	0	0	0	0	0	0	0	0	0	0	0.10007	0	0	0	0	0	0	0	0	0.76933	0	0	0	0	0	0	0	0	0	5.4541	0	0	0	0	0	0	0.01535	77.02383	0	6.30472	0	0.00354	0	1.31816	0.28722	0	0	0	0	0	0	0	0	0	0	0	0	0	0	0.66865	0	3.32577	0	0	0.22627	0	0	0	0	0.56132	0	0	1.35692	0	1.66376	0	0	0	0	0	0	0	0	10.14643	0	0	0	0.76496	0	0	0	0	0	0	0	0	0	0	0	0	0	0	0	0	0	0	0	0	0	0	0	0	0	0	3.15163	0	7.18474	0	0	0	0	0	0	0	0	1.02193	0	0	0	0	0	0.29514	0	0.31287	0	0	0	0	0	0	0	0	0	0	0	0	0	0.00414	0	0	0	0	0.91362	0	0	2.91729	0	0	0	0	0	0	0	0.79035	0	0	0	0.41987	0	0.9706	0	0	2.83983	0	0	0	0.08	0	0	0	0.65217	0	0	0	0	0	0	0	0.24438	0	0.3467	2.28015	0	0	0.75823	0.82483	0	0	1.40316	0	0	0	0
"Actinomyces_SGB17163"	0	0	0	0	0	0	0	0	0	0	0	0	0	0	0	0	0	0.00351	0	0	0	0	0	0	0	0	0	0	0	0	0	0	0	0	0	0	0	0	0	0.00067	0.00248	0.01673	0	0	0	0	0	0	0	0	0	0	0	0	0	0	0	0	0	0	0	0	0	0	0	0	0	0	0	0	0	0	0	0.00296	0.001	0.00155	0.00299	0	0	0	0	0	0	0.05833	0.01525	0	0	0	0	0	0	0	0	0	0	0	0.07924	0	0	0.00195	0.00374	0	0	0	0	0	0	0	0	0	0	0	0	0	0	0	0	0	0	0	0	0	0	0	0	0.00258	0	0	0	0	0	0	0	0	0	0	0	0	0	0	0	0	0	0	0	0	0	0	0	0	0	0	0	0	0.00114	0	0	0	0	0	0	0	0	0	0	0.02237	0	0	0	0.00454	0	0	0	0	0	0	0	0.00199	0	0	0	0	0	0	0	0.00233	0	0	0	0	0	0	0	0	0	0	0.00695	0	0	0	0	0	0	0	0	0	0	0	0	0	0	0	0	0	0	0	0	0	0	0	0	0	0	0	0	0	0	0	0	0	0	0	0	0	0	0	0	0.01943	0.00827	0.00747	0	0.00975	0	0	0	0	0	0	0	0	0	0	0	0	0	0	0	0	0	0	0	0	0	0	0	0	0	0	0	0	0	0	0	0	0	0	0	0	0	0	0	0	0	0	0	0	0	0	0	0	0	0	0.01725	0	0	0	0	0	0	0	0	0	0	0	0.01394	0	0	0.01811	0	0.01269	0	0	0.00649	0	0	0	0	0	0	0	0	0	0	0	0	0	0	0	0	0	0	0	0	0	0	0	0	0	0	0	0	0	0.07862	0	0	0	0	0	0	0	0	0	0	0	0	0	0	0	0	0.00753	0	0	0	0	0	0	0	0	0	0	0	0	0	0	0	0	0	0	0	0	0	0.01121	0	0	0	0	0	0	0	0	0	0	0	0	0	0	0	0.00547	0.00185	0	0	0	0	0	0	0	0	0.00837	0	0	0	0.0075	0	0	0	0.02247	0	0	0	0.00527	0	0	0	0	0.00819	0	0	0	0.0013
"Peptostreptococcus_stomatis"	0	0	0	0	0	0	0	0	0	0	0	0	0.00184	0	0	0	0	0	0	0	0	0	0	0	0	0.00542	0	0	0	0	0	0	0	0	0	0	0	0	0.00177	0.00057	3e-04	0	0	0	0	0	0	0.00197	0	0	0	0.05539	0	0	0	0	0	0	0	0	0	0	0	0	0	0	0	0	0	0	0	0	0	0.00138	0.00054	0.00299	0	0	0	0	0	0	0	0	0.00066	0	0	0	0	0	0	0	0	0	0	0	0.00499	0	0	0	0	0	0	0	0	0	0	0	0	0	0	0	0	0	0	0	0	0	0	0	0	0	0	0	0	0	0	0	0.01518	0	0	0	0	0	0	0	0	0	0	0	0	0	0.00368	0	0	0	0.00049	0	0	0	0	0	0	0	0	0	0	0	0	0	0	0	0	0	0.00202	0	0	0	0	0.02006	0	0	0	0	0.00349	0	0	0	0	0	0.00225	0	0	0	0	0.01438	0	0	0	0	0	0	0	0	0	0	0	0	0	0	0.01806	0	0	0	0	0	0	0	0	0	0	0	0	0	0	0	0	0	0	0	0	0	0	0	0	0	0	0.00378	0	0	0	0	0	0.00434	0	0	0	0	0.00362	0.00046	0	0	0	0	0	0	0	0	0	0	0	0	0	0	0	0	0	0	0	0.11152	0	0	0	0	0.00548	0	0	0	0	0	0	0	0	0	0	0	0	0	0	0	0.01322	0	0	0	0	0	0	0	0	0	0	0	0	0	0	0	0	0	0	0.00183	0	0	0	0	0	0	0	0	0	0.00921	0	0	0.03212	0	0	0	0	0.00409	0	0	0.00444	0	0	0	0	0	0	0	0	0	0	0	0	0	0	0	0	0	0	0	0.02167	0	0.06488	0	0	0	0	0	0.00339	0	0	0	0	0	0	0	0	0	0	0	0	0	0	0	0	0	0	0.00066	0	0.00177	0	0	0	0	0	0	0	0	0	0.01035	0	0.00699	0.0595	0	0	0	0	0	0	0	0	0	0	0	0	0	0	0	0	0	0	0	0	0	0	0	0	0	0.00993	0	0	0	0	0	0	0	0	0	0	0	0	0	0	0	0	0	0	0	0
"Parabacteroides_acidifaciens"	0	0.05402	0	0	0	0	0	1.92708	0	0	0	0	0	0	0	0	0	0	0	0	0	0	0	0	0	0	0	0	0	0.30319	0	0	0	0	0	0	0	0	0	0.03986	0.00943	0	0	0	0	0	0	0	0	0	0.00411	0	0	0.0139	0	0	0	0	0	0	0	0	0	0	0	0	0	0	0	0	0	0	0	0	0.00037	9e-05	0	0	0	0	0	0	0	0	0	0	0	0	0	0	0	0	0	0	0	0	0	0	0	0	0	0	0	0	0	0	0	0	0	0	0	0.00059	0	0	0	0	0	0	0	0	0	0	0	0	0	0	0	0.41057	0	0	0.45357	0	0	0	0	0	0	0	0	0	0	0	0	0	0	0	0	0	0	0	0	0.08042	0	0	0	0	0	0	0	0	0.12746	0	0	0	0	0	0	0	0	0	0	0	0	0	0	0	0	0	0.05076	0	0	0	0	0	0	0	0	0	0	0	0	0.03825	0	0	0	0.13641	0	0	0	0	0	0	0	0	0	0	0.31904	0	0	0	0	0	0	0	0	0.57517	0	0	0	0.74299	0	0	0	0	0.53667	0	0	0	0	0	0	0	0	0	0	0	0.33529	0	0	0	0	0.29852	0	0	0	0	0	0	0	0	0	0	0	0	0	0	0	0	0.72015	0	0	0	0	0	0	0	0	0	0	0	0	0	0	0	0	0	0	0	0	0	0	0	0.05853	0	0	0	0	0	0	0	0	0	0	0	0	0	0	0	0	0	0	0	0	0	0	0	0	0	0	0	0	0.06061	0	0	0	0	0	0.45608	0.05654	0	0	0.01472	0.77181	0	0	0	0	0	0	0	0	0	0	0	0.00279	0.01692	0	0	0	0	0	0	0	0	0	0	0	0	0	0	0	0	0.02122	0	1.0955	0	0	0	0.01478	0	0	0	0	0.00382	0	0	0	0	0	0	0	0	0	0	0	0.00704	0	0	0	0	0	0	0	0	0	0	0	0	0.12318	0	0	0	0	0	0	0	0	0	0	0	0	0	0	0	0	0	0	1.72224	0	0	0	0	0	0	0	0	0	0	0.05818	0	0	0	0.02835	0	0	0	0	0	0
"Clostridiales_bacterium_NSJ_32"	0	0	0.0241	0	0	0	0.03155	0.00558	0	0	0	0	0	0	0	0	0	0	0	0	0	0	0	0	0	0	0.09691	0	0	0	0	0	0	0	0	0.04474	0	0	0.00548	0.00161	0	0	0.09827	0	0	0	0	0	0	0.03233	0	0	0	0	0	0	0	0	0	0.0474	0	0	0	0.01274	0.02338	0	0	0	0	0	0	0.01127	0	0	0.0171	0.00442	0	0	0	0	0	0	0	0	0	0	0	0	0.06598	0	0	0	0	0	0	0	0	0	0	0	0	0	0	0	0	0	0	0	0	0	0	0	0	0.0018	0	0	0	0	0	0	0	0	0	0	0	0	0.01287	0	0	0	0	0	0	0	0	0	0	0	0	0	0	0	0.06549	0	0	0	0	0	0	0	0	0	0	0	0	0	0	0	0	0	0	0	0	0	0	0	0.02031	0	0	0.0183	0	0	0	0	0	0	0	0	0	0	0	0	0	0	0	0	0	0	0	0	0.06195	0	0	0	0	0	0	0	0	0	0	0	0	0	0	0.14263	0	0	0	0	0	0	0	0.07778	0.09874	0	0	0	0	0	0	0	0	0	0	0	0	0	0	0	0	0	0	0	0	0	0	0	0	0	0	0	0	0	0.00725	0	0	0	0	0	0.0818	0	0	0	0	0	0.00532	0.00084	0	0	0	0	0	0	0	0	0	0	0	0	0	0	0	0	0	0	0	0	0	0.01166	0	0	0	0	0	0	0	0	0	0	0	0	0.07792	0	0	0.01715	0	0	0	0	0	0	0	0.00433	0.01208	0	0	0	0	0	0.04557	0	0	0	0	0	0	0	0	0.20386	0	0.01196	0	0.11574	0	0	0	0	0	0	0	0.02505	0	0	0	0	0	0	0	0.01076	0	0	0	0	0	0	0	0	0	0	0	0	0	0	0	0	0	0	0	0	0	0	0	0	0	0	0	0	0	0	0	0	0.11414	0	0	0	0.00581	0	0	0	0	0	0	0	0	0	0	0	0.00742	0	0	0	0	0	0	0	0	0	0	0	0	0	0	0	0	0	0	0	0.06972	0	0	0	0	0	0	0	0	0	0	0	0	0	0	0	0	0	0	0	0
"Fusobacterium_varium"	0.00555	0.2717	0	0	0	0	0	0	0	0	0	0	0.00833	0	0	0	0	0	0	0	0	0	0	0	0	0	0	0	0	0	0.01455	0	0.02196	0	0	0	0	0	0.0366	0.0122	0.05227	0.16831	0	0	0	0	0	0	0	0	0	0.32169	0	0	1.0298	0	0	0	0	0	0	0	0	0	0	0	0	0	0	0	0	0	0	0.00295	0	0.00887	0	0	0	0	0	0	0	0	0	0	0	0	0	0	0	0	0	0	0	0	0	0	0	0	0	0	0	0	0	0	0	0	0	0	0.07976	0.04562	0	0	0	0.02658	0	0	0	0	0	0.13468	0	1.29653	0.10329	0	0	0.01171	0	0	0	0	0	0	0.02021	0.31726	0	0.2652	0.23388	0	0	0	0	0	0.15425	0	0	0	0	0	0	0	0.06609	0	0	0	0	0	0	0	0	0	0.01824	0	0	0	0	0	0	0	0	0	0.00561	0	0	0	0	0	0	0.04567	0	0	0	0	0	0	0	0	0	0	0	0	0	0.12783	0.00364	0	0	0	0.44035	0	0.89628	0	0	0	0.02289	0	0	0	0	0	0	0	0	0	0	0	0	0.01388	0	0	0	0	0	0	0	0.48095	0.82707	0	0	0	0	0	0	0	0	0	0	0	0.06386	0.07413	0	0	0	0	0	0.38514	0	0	0	0	0.0346	0	0.00297	0	0	0	0	0	0	0	0	0	0	0	0.29767	0.18224	0	0	0.01838	0	0	0	0	0	0	0	0	0	0	0	0	0	0	0	0	0	0	0.06902	0	0	0	0	0	0	0.01649	0	0	0	0	0	0	0	0	0	0	0	0	0	0	0	0	0.40833	0.07465	0.56977	0	0	0	0	0	0	0	0	0.5206	0	0	0	0	0	0	0	0	0	0	0	0	0	0.15585	0	0	0	0	0	2.86903	0	0	0	0	0	0	0	0.14213	0	0	0	0.06374	0	0	0	0.01498	0	0	0	0	0	0	0.52506	0	0	0	0	0.00135	0.08118	0	0	0	1.52548	0	0	0.0219	0.1481	0	0	0	0	0	0	0	0	0	0	0.00245	0	0	0	0	0	0.06905	0	0	0	0	0	0	0	0	0	0	0.13098	0	0	2.1286	0	0.14736	0.12378	0	0	0	0	0	0	1.42305	0	0	0	0	0	0	0.02403	0
"Actinomyces_oris"	0	0	0	0	0.0022	0	0.00028	0	0	0	0	0	0	0	0	0	0	0	0	0.01973	0	0	0	0	0	0	0	0	0	0	0	0	0	0	0	0	0	0	0.00245	0.00118	0.00547	0	0	0	0	0	0	0	0	0	0	0	0	0	0	0	0	0	0	0	0	0	0	0	0	0.00506	0	0	0	0	0.00323	0	0.03122	0.00054	0.00289	0.00336	0	0	0	0	0	0	0	0	0	0	0	0	0	0	0	0	0	0	0	0	0.00151	0	0	0	0	0	0	0	0	0	0	0	0	0.00164	0	0	0	0	0	0	0	0	0	0	0	0	0	0	0	0	0	0	0	0	0	0	0	0	0	0	0.00927	0.00211	0	0	0	0	0	0	0	0	0	0	0	0	0	0	0	0	0	0.0156	0	0	0	0	0.00683	0	0	0	0.00112	0.01561	0	0	0	0.00037	0	0	0	0	0.00052	0	0	0.00163	0	0	0	0	0	0	0	0.01294	0.02489	0	0	0	0	0	0	0.00602	0	0	0	0	0	0	0	0	0	0	0	0	0	0	0	0	0	0	0	0	0	0	0	0	0	0.00678	0	0	0	0	0	0	0	0	0	0	0	0	0	0	0.00809	0.02022	0	0.06338	0.04274	0.04515	0.01963	0.01014	0	0.00579	0	0.00735	0	0	0	0	0.00359	0	0	0	0	0	0	0	0	0	0	0.00053	0	0.03517	0.00178	0	0	0.00314	0	0	0.00055	0	0	0	0	0	0.00788	0.00173	0	0	0.00054	0	0	0	0	0	0	0	0.01462	0.00096	0	0.00448	0.00091	0	0.00267	0.01378	0	0.00314	0	0	0	0.00308	0	0	0	0	0	0.11041	0	0.00539	0	0	0.0407	0	0	0.0085	0	0.00774	0	0	0	0	0	0	0	0	0	0	0	0	0	0	0	0	0	0.00434	0	0	0	0	0	0	0.02536	0	0.00162	0.00915	0	0	0	0	0	0	0	0	0	6e-04	0	0	0	0	0	0	0	0	0	0	0	0	0	0	0	0	0	0	0	0	0	0	0	0	0	0	0	0	0	0	0	0	0	0	0.01051	0	0	0	0	0	0	0.00656	0.00783	0	0	0	0.00421	0	0	0	0	0	0	0	0	0	0	0	0	0.00461	0	0	0	0	0.00072	0	0.00419	0.00244	0.00342	0	0.00257	0.00047	0
"GGB3032_SGB4027"	0	0	0	0	0	0	0.04165	0	0	0	0	0	0	0	0	0	0	0	0	0	0	0	0	0	0	0	0	0	0	0	0	0	0.00021	0	0	0	0	0	0	0.00193	0	0	0	0	0	0	0	0	0	0	0	0	0	0	0	0	0	0	0	0	0	0	0	0	0	0	0.0405	0	0	0	0	0	0	0.00049	0	0.00034	0	0	0	0	0	0.01568	0	0	0	0	0	0	0.65951	0.02443	0	0	0	0.00451	0	0	0	0	0	0	0	0	0	0	0	0	0	0	0	0	0	0	0	0.2804	0	0	0	0	0	0	0	0	0	0	0	0	0	0	0	0	0	0	0	0	0	0	0	0	0	0	0	0	0	0	0	0	0	0	0	0	0	0	0	0	0	0	0	0	0	0	0	0	0	0	0	0	0	0	0	0	0	0	0	0	0.02063	0	0	0	0	0	0	0	0	0	0	0	0	0	0	0	0.00105	0	0	0	0	0	0	0	0	0	0	0	0	0	0	0	0	0	0	0	0	0	0	0	0	0	0	0	0	0	0	0	0	0	0	0	0	0	0	0	0	0	0	0	0	0.03957	0	0.08943	0	0	0	0	0	0	0	0	0	0	0	0	0	0	0	0	0	0	0	0	0	0	0	0	0	0	0	0	0	0	0	0	0	0	0	0	0	0	0	0	0	0.00669	0	0	0	0	0	0	0	0	0	0	0	0	0	0	0	0	0	0	0	0	0	0	0	0	0	0	0	0	0	0	0	0	0	0	0	0	0	0	0	0	0	0	0	0	0	0	0	0	0	0	0	0	0	0	0	0	0	0	0	0	0	0	0	0	0	0	0	0	0	0	0	0	0	0	0	0	0	0	0	0	0	0	0	0	0	0	0	0	0	0	0	0	0	0	0	0	0	0	0	0	0	0	0	0	0	0	0	0	0	0	0	0	0	0	0	0	0	0	0	0	0	0	0	0	0	0.01106	0.03752	0	0	0	0	0	0	0	0	0	0	0	0.05962	0	0	0	0	0	0	0	0	0	0
"GGB52130_SGB14966"	0	0	0	0	0	0	0	0	0.00274	0	0	0	0	0.01379	0	0	0	0	0.00702	0	0	0	0	0	0.00919	0	0	0	0	0.00796	0	0	0	0	0	0	0.00039	0	0	0.00032	0	0	0	0	0	0	0	0	0	0	0	0	0	0	0	0.00028	0	0	0	0	0	0	0	0.00772	0	0	0	0	0	0	0	0.04156	0	0	0.00131	0.00107	0	0	0	0	0	0	0	0	0	0	0	0	0	0	0	0	0	0	0	0	0	0	0	0	0	0	0	0	0	0	0	0	0	0	0	0	0	0	0	0	0	0.00192	0.0174	0	0	0	0	0	0	0	0	0	0	0	0	0	0	0	0	0	0	0	0	0	0	0	0	0	0	0	0	0	0.0079	0	0	0	0	0	0	0	0	0	0	0	0	0	0.00288	0	0	0	0	0	0	0	0	0	0	0	0	0	0	0	0.00435	0	0	0	0	0	0	0	0	0	0	0	0	0	0	0	0	0	0	0	0	0	0	0	0	0	0	0	0	0	0	0	0	0	0	0	0.00399	0.00243	0	0	0.00316	0	0	0	0	0	0.00109	0	0	0	0	0.00419	0	0	0	0	0	0	0.00192	0	0	0	0	0	0	0.00418	0	0	0.0014	0	0	0	0	0	0	0	0	0	0	0	0	0	0	0	0	0	0	0	0	0	0	0	0	0	0	0.00666	0	0	0	0	0	0	0	0	0.01499	0.00927	0	0	0	0	0	0	0	0	0	0	0	0	0	0	0	0	0	0	0	0	0	0	0	0.00343	0.00067	0	0.00648	0	0	0	0	0	0.00941	0	0	0	0	0	0	0.00275	0	0	0	0	0	0	0	0	0	0	0	0	0	0	0	0	0	0	0	0	0	0	0	0	0.00201	0	0	0	0	0	0	0	0	0	0.01153	0	0	0	0	0	0	0	0.02421	0	0	0	0	0	0	0	0	0	0.00274	0	0	0	0	0	0	0	0	0	0	0	0.00722	0	0.00968	0	0	0	0	0	0	0	0	0	0	0	0	0	0	0	0	0	0.00105	0	0	0	0	0	0	0	0	0	0	0	0	0	0	0	0	0	0	0	0
"Gemmiger_sp_An87"	0	0.00065	0	0	0	0	0	0	0	0	0	0	0	0	0	0	0	0	0	0	0	0	0	0	0	0	0	0	0	0	0	0	0	0	0	0	0	0	0	0.00966	0.00489	0	0	0	0	0	0	0	0	0	0	0	0	0	0	0	0	0	0	0	0	0	0	0	0	0	0	0	0	0	0	0	0	0.04809	0	0.00068	0	0	0	0	0	0.07153	0	0	0	0	0	0	0	0	0	0	0	0	0	0	0	0	0	0	0	0	0	0.00352	0	0	0	0	0	0	0	0	0	0	0	0	0	0	0.00447	0	0	0	0	0	0	0	0	0	0	0	0	0	0	0	0	0	0	0	0	0	0	0	0	0	0	0	0.0072	0	0	0	0	0	0	0	0	0	0	0	0	0	0.03317	0	0	0	0	0	0	0	0	0	0	0	0	0	0	0	0	0	0	0	0	0	0	0	0	0	0	0.02906	0	0	0	0	0	0	0	0	0	0.03863	0	0	0	0	0	0	0	0	0	0	0.01384	0.00214	0	0	0	0	0	0	0	0	0	0	0	0	0	0	0	0	0	0	0	0	0	0	0	0	0	0.00615	0	0	0	0	0	0.01694	0	0	0	0	0	0	0	0	0	0	0	0	0	0	0	0	0	0	0	0	0	0	0	0	0	0	0	0	0	0	0	0	0	0.63478	0	0	0	0	0	0	0	0	0	0	0	0	0	0	0	0	0	0	0	0	0	0	0	0	0	0	0	0	0	0	0.00115	0	0	0	0.00409	0.01797	0	0	0	0	0	0	0	0	0	0	0	0.00209	0	0	0	0	0	0	0	0	0	0	0	0	0	0	0	0	0	0	0	0	0	0	0	0	0	0	0	0	0	0	0	0	0.05275	0	0	0	0	0	0	0	0	0	0	0	0	0	0	0	0	0	0	0	0.01573	0	0	0	0	0	0	0	0	0	0	0	0	0	0.02744	0	0	0	0	0	0	0	0	0	0	0	0	0	0	0	0	0	0	0	0	0.1403	0	0	0	0	0.20936	0	0	0	0	0	0	0	0	0	0	0	0.24174
"Levyella_massiliensis"	0	0	0	0	0	0	0	0	0	0	0	0	0	0	0	0	0	0	0	0	0	0	0	0	0	0	0.00505	0	0	0	0	0	0	0	0	0	0	0	0.00038	0.00044	0.01128	0	0.01469	0	0	0	0	0	0	0	0	0.01786	0	0	0	0	0	0	0	0	0.0157	0	0	0.00509	0	0	0	0	0	0	0	0	0	0	0.00673	0	0.0012	0	0	0.38436	0	0	0	0	0	0	0	0	0	0	0	0	0	0	0	0	0	0	0	0	0	0	0	0.00102	0	0	0	0	0	0	0	0	0	0	0	0	0	0	0	0	0	0	0	0.0029	0	0	0	0	0	0	0	0	0	0	0	0	0	0	0	0	0	0	0	0	0	0	0	0	0	0	0	0	0	0	0	0	0.00286	0.04972	0	0	0	0	0	0	0.01443	0	0	0	0	0	0.00836	0	0	0	0	0	0	0	0	0	0	0	0	0	0.00495	0	0	0	0	0	0	0	0	0	0	0	0	0	0	0	0	0	0	0	0	0	0	0	0	0	0	0	0	0	0	0	0	0.01569	0	0	0	0	0	0	0.03621	0	0	0	0	0	0	0	0	0	0	0	0	0	0	0	0	0	0	0	0	0	0	0	0	0	0	0	0	0	0	0.03388	0	0	0	0	0	0	0	0	0.04408	0	0	0	0	0	0	0	0	0	0	0	0	0	0	0	0	0	0	0	0	0	0	0	0	0	0	0	0	0	0	0	0	0	0	0	0	0	0	0	0	0	0	0	0	0.00282	0	0	0.0314	0	0	0	0	0	0	0	0	0	0	0	0	0	0	0	0	0	0	0	0	0	0	0	0	0	0	0	0	0	0	0	0	0	0	0	0	0	0	0	0	0	0	0	0	0	0	0	0	0	0	0	0	0	0	0	0	0	0	0	0	0	0	0	0	0	0	0	0	0	0	0	0	0	0	0	0	0	0	0	0	0	0	0	0	0	0	0	0	0	0	0	0	0	0	0	0.03918	0	0	0	0	0	0	0	0	0	0	0	0	0	0	0	0	0	0	0	0
"Harryflintia_acetispora"	0	0	0	0	0	0	0.03059	0.00211	0.00253	0	0	0	0	0	0	0	0	0	0	0	0	0	0	0	9e-04	0	0.00199	0	0.00052	0.00033	0.01549	0	0	0	0	0.00516	0	0	8e-05	0.00057	0	0	0	0	0	0	0	0	0	0.00017	0	0	0.00596	0	0	0	0	0	0	0	0	0	0	0.00083	0	0.01639	0.00532	0	0	0	0.00803	0.01184	0	0	0.0015	0.004	0	0	0	0	0	0	0	0	0.01383	8e-04	0	0	0	0	0	0	0	0	0	0	0	0	0	0	0	0	0	0	0	0	0	0	0	0	0	0	0	0.00529	0	0	0.00376	0.0252	0	0	0.00113	0	0	0	0	0	0.00172	0	0	0.00099	0	0	0	0	0	0	0	0	0	0	0	0	0	0	0	0	0	0	0	0	0	0	0	0	0	0	0	0	0.00507	0	0	0	0	0	0	0	0	0.00294	0	0	0	0	0	0	0	0	0	0	0	0	0	0	0	0	0	0	0	0	0	0	0.00676	0	0	0	0	0	0	0	0	0	0	0	0	0	0	0	0	4e-04	0	0	0	0	0	0	0	0	0	0	0.00194	0	0	0	0	0.0018	0	0	0	0	0	0.00177	0	0	0.00475	0.00485	0	0	0.00494	0	0	0	0.02045	0	0	0	0.00104	0	0	0	0	0	0	0.00681	0	0	0	0	0	0.00014	0	0	0	0	0	0	0	0	0	0	0	0	0	0	0	0	0	0	0.0057	0	0	0	0	0.00257	0	0	0	0	0	0	0	0	0	0	0.00333	0	0	0	0	0	0	0	0	0	0	0	0	0	0	0	0	0	0.00754	0	0	0	0	0	0	0	0	0.00081	0	0.00109	0	0	0	0	0	0	0	0	0	0.00023	0	0	0	0	0	0.00142	0	0	0	0	0	0	0	0	0	0	0	0	0	0	0	0	0	0	0	0	0	0	0	0	0	0	0	0	0.01257	0	0	0	0	0	0	0	0	0	0	0	0	0	0	0	0	0	0	0	0	0.00362	0	0	0	0	0	0.0011	0	0	0	0	0	0	0.00394	0	0	0	0	0	0	0.00245	0	0	0	0	0	0	0	0	0	0	0	0	0	0	0	0	0	0	0	0	0
"GGB9759_SGB15370"	0	0	0	0	0	0	0	0	0	0	0	0	0	0	0	0	0	0	0	0	0	0	0	0	0	0	0	0	0	0	0	0	0.05313	0	0	0.24819	0.00916	0.0145	0.00779	0	0	0	0	0	0	0	0	0	0	0	0	0	0	0	0	0	0	0	0	0	0	0	0	0	0	0	0	0	0	0	0	0	0	0.00077	0.00181	0.00095	0	0	0	0.00946	0.06143	0	0	0	0	0.08105	0	0	0	0	0	0	0	0.00691	0	0	0	0	0.05203	0	0	0	0	0	0	0	0	0	0	0	0	0	0	0	0	0	0	0	0	0	0	0	0	0	0	0	0	0	0	0	0	0	0	0	0	0	0	0	0	0	0	0	0.2351	0	0	0	0	0	0	0	0	0	0	0	0	0	0	0.00113	0	0	0	0	0	0.04074	0	0	0	0	0	0.08753	0	0	0	0	0	0	0	0	0	0	0	0	0	0	0	0	0	0	0	0	0	0	0	0	0	0	0	0.13153	0.05213	0	0	0	0	0	0	0	0	0.0162	0	0	0	0	0	0	0	0	0	0	0.07764	0	0	0	0	0	0	0	0	0	0	0.03354	0	0	0	0	0	0	0	0	0	0	0	0	0	0	0.23726	0	0	0	0	0	0	0	0	0	0	0	0	0.0686	0	0	0	0	0	0	0	0	0	0	0.06581	0	0	0	0	0	0	0	0	0	0	0.04033	0	0	0	0	0	0.04427	0	0	0	0	0	0.13295	0.29872	0	0	0	0	0	0	0.0546	0	0	0	0	0	0	0	0.0521	0	0	0	0	0	0	0	0	0	0	0	0	0	0	0	0	0	0	0	0	0	0	0	0.02458	0	0	0	0	0	0	0.16304	0	0	0	0	0.83942	0	0.0752	0	0	0	0	0	0	0	0	0	0	0	0	0	0.12684	0	0	0	0	0.22461	0	0	0	0	0	0	0	0	0.09948	0	0	0	0	0	0	0	0	0	0	0	0	0	0	0.24909	0	0	0	0	0	0	0	0	0	0	0	0	0	0	0	0	0	0	0	0	0	0	0	0	0	0	0	0	0	0.06359	0	0	0	0	0	0	0	0	0	0
"Fusobacterium_ulcerans"	0	0	0	0	0	0	0	0	0	0.02197	0	0	0	0.00677	0	0.11167	0	0	0	0	0	0	0	0	0	0	0	0	0	0	0	0	0	0	0	0	0	0	0.04705	0	0.01944	0	0	0	0	0	0	0	0	0	0	0	0	0	0	0	0	0	0	0	0.01201	0	0	0	0	0	0.00187	0	0	0	0	0.02882	0.00474	0.02755	0.00722	0.01638	0	0	0	0	0	0	0	0	0	0	0.11793	0	0	0	0	0	0	0	0	0	0	0	0	0.02359	0.31959	0	0.00059	0.01034	0	0	0	0	0	0.18233	0	0	0	0	0	0	0.05277	0	0.10356	0	0	0	0	0	0	0	0	0	0.00667	0	0	0.09136	0	0	0	0	0	0	0	0	0	0	0	0.13829	0	0.05135	0	0.28728	0	0	0	0.02475	0	0.03816	0	0	0	0	0	0	0	0.01071	0	0	0	0	0	0	0	0	0	0	0	0	0	0.05441	0	0	0	0	0.07773	0	0	0	0	0	0	0.01102	0	0.3214	0	0	0	0	0	0	0	0.06429	0.00051	0	0.12004	0	0	0	0	0	0	0	0	0	0	0	0	0	0	0	0.01442	0	0	0	0	0	0	0	0	0	0	0	0	0	0	0	0	0	0	0	0	0	0	0	0	0	0	0	0	0	0	0	0	0	0	0	0	0	0	0	0	0	0.00087	0.2858	0	0	0	0	0	0	0	0	0	0	0	0	0	0	0	0	0	0	0	0	0	0	0	0	0	0	0.0011	0	0	0	0	0	0	0	0	0	0.01088	0	0	0.00636	0.34823	0	0	0	0	0	0	0	0	0	0	0	0	0	0.49435	0.00241	0	0	0	0	0.02518	0	0	0	0	0.32885	0	0	0	0	0.02456	0	0	0	0	0	0	0	0	0	0.4365	0.02649	0	0	0	0	0	0	0	0	0	0.2373	0	0	0	0	0.07725	0	0	0	0	0	0	0	0	0	0	0	0	0.26179	0	0	0	0	0	0	0	0	0	0	0	0.06275	0.18328	0	0.01983	0	0	0	0	0	0	0.00474	0.00909	0	0.00064	0.00894	0	0.12597	0	0	0	0	0	0	0	0	0	0	0	0	0.00816	0	0	0	0	0	0	0	0	0	0.10915	0	0.20409	0	1.03754	0	0.07451	0	0.00259
"Amedibacillus_dolichus"	0	0	0	0	0	0	0	0.02477	0	0	0	0	0	0	0	0	0	0	0	0	0	0	0	0	0	0	0	0	0	0	0	0	0	0	0	0	0	0	0.005	0	0	0	0	0	0	0	0	0	0	0	0	0	0	0	0.01827	0	0	0	0	0.01196	0	0	0	0	0	0.03734	0.01836	0	0	0	0	0	0	0	0	0.00634	0.06539	0	0	0	0	0	0	0	0	0	0	0	0	0	0	0	0	0	0	0	0	0	0	0	0	0	0	0	0	0	0	0	0	0	0	0.00165	0	0	0	0	0	0	0	0	0	0	0	0	0	0	0.01128	0	0.32472	0	0	0	0	0	0	0	0	0	0	0	0	0	0	0	0	0	0	0.05513	0	0	0	0	0	0	0	0	0	0	0	0	0	0	0	0	0	0	0	0	0	0	0	0	0	0	0	0	0	0	0	0	0	0	0	0	0	0	0	0	0	0	0	0	0	0	0	0	0.00986	0.01032	0	0	0	0	0	0	0	0	0	0	0	0	0	0	0	0	0	0.03434	0	0	0	0	0	0	0	0	0	0	0	0	0	0	0	0	0	0	0	0	0	0	0	0	0	0	0	0.00398	0	0	0	0	0.08897	0	0	0	0	0	0	0.00207	0	0	0.01973	0	0	0	0	0	0	0	0	0	0	0	0	0	0	0	0	0	0	0	0	0	0	0	0	0	0	0	0	0	0	0	0	0	0	0	0	0	0	0	0	0	0	0	0	0	0	0	0	0.00612	0	0	0	0	0	0	0	0	0	0.01402	0	0	0.36402	0	0	0	0	0	0	0	0.00296	0	0.05948	0	0	0	0	0	0	0	0	0	0	0	0	0	0	0	0.03399	0	0	0	0.00201	0	0	0	0	0	0	0	0	0	0	0	0	0	0	0.00776	0	0	0	0.02039	0	0	0	0	0	0	0	0	0	0	0	0	0	0	0	0	0	0	0	0	0	0	0	0	0	0	0	0	0.03936	0	0	0	0	0.00609	0	0.01691	0	0	0	0	0	0.09159	0.02913	0	0.00849	0	0	0	0	0	0	0	0	0	0	0	0	0	0
"Intestinimonas_timonensis"	0	0	0	0	0	0	0	0	0	0	0	0	0	0	0	0	0	0	0	0	0	0	0	0	0	0.02201	0	0	0.00098	0.02238	0	0	0	0	0	0	0	0	0	0.08713	0.01174	0	0	0	0	0	0	0.75565	0	0	0	0	0	0	0	0	0	0	0	0	0	0	0	0	0	0	0.01989	0	0	0	0	0	0	0.00215	0	0.01229	0	0	0	0	0	0	0	0	0	0	0	0	0	0.0035	0	0	0	0	0	0	0	0	0	0	0	0	0	0	0	0	0	0.04866	0	0	0	0	0	0.01943	0	0	0	0	0	0	0.01598	0	0	0	0.01268	0	0	0	0	0	0	0	0	0	0	0	0.28505	0	0	0	0	0	0	0	0	0	0	0	0	0	0	0	0	0	0	0	0.0037	0	0.03633	0	0	0.00658	0	0	0	0	0	0	0	0	0	0	0	0	0	0	0	0	0	0	0	0	0	0	0	0	0	0	0	0	0	0	0	0	0	0	0	0.00884	0	0	0	0	0	0	0	0	0	0	0	0	0	0	0	0	0	0	0	0	0	0	0	0	0	0	0	0	0	0	0	0	0	0	0	0	0	0	0	0.02185	0	0	0	0	0	0	0	0	0	0	0	0.00186	0	0	0	0	0	0	0	0	0	0	0	0	0	0	0	0	0	0	0	0	0	0	0	0	0	0	0	0	0	0.01216	0	0	0	0	0	0	0	0	0	0	0	0	0	0	0	0	0	0	0	0	0	0	0	0	0	0	0	0	0	0	0.02759	0	0	0	0	0	0	0	0	0	0	0.06183	0	0	0	0	0.02565	0	0	0.06634	0	0.00248	0	0	0.0065	0	0	0	0	0	0	0.00384	0	0	0	0	0	0.00262	0	0	0	0	0	0	0	0	0	0	0	0	0	0	0	0	0	0	0	0	0	0	0.00299	0	0	0	0	0	0.00145	0	0	0	0	0	0	0	0	0	0	0	0	0	0	0	0.00057	0	0	0	0	0.02023	0	0	0.00088	0	0	0	0	0	0	0	0	0	0	0	0.70059	0	0	0	0.07438	0	0	0	0	0	0	0.0027	0	0	0	0	0
"Eubacterium_sp_NSJ_61"	0	0	0	0	0	0	0	0	0	0.01321	0	0	0.01101	0	0	0	0	0	0	0	0	0	0	0	0	0	0	0	0	0	0	0	0.02449	0	0	0	0	0	0	0.00412	0.00321	0	0	0	0	0	0	0	0	0	0	0	0	0	0	0	0	0	0	0	0	0	0	0	0	0	0	0	0	0	0	0	0	0.00068	0	0.00389	0	0	0	0	0	0	0	0	0	0	0	0	0	0	0	0	0	0.00626	0	0	0	0	0	0	0	0	0	0	0	0	0	0	0	0	0.02116	0	0	0	0	0	0	0	0	0	0	0	0	0	0	0	0	0.00397	0	0	0	0	0	0	0	0	0	0	0	0	0	0	0	0	0	0	0	0.01465	0	0	0	0	0	0	0	0	0	0	0	0	0	0	0	0	0	0	0	0	0	0	0	0.01178	0	0	0	0	0.00252	0.04731	0	0	0	0	0	0	0	0	0	0	0	0	0	0	0	0	0	0	0.00036	0.00619	0	0	0	0.01309	0.14515	0	0	0	0	0	0	0	0	0	0	0	0	0	0	0	0	0	0	0	0	0	0.00719	0	0	0	0	0	0	0	0	0	0	0	0	0	0	0	0	0	0	0	0.00648	0	0	0	0	0	0	0	0	0	0	0	0	0	0	0	0	0	0	0	0	0.01512	0.00025	0	0	0	0	0	0.0176	0	0	0	0	0	0	0.00264	0.04226	0	0	0	0	0	0	0	0	0	0	0	0	0	0	0	0	0	0	0	0	0	0	0	0	0	0	0	0	0	0	0	0	0	0	0	0	0.15844	0	0	0	0	0	0	0	0	0	0	0	0	0	0	0	0	0	0	0	0	0	0	0	0	0	0	0	0	0	0	0	0	0	0	0	0	0	0	0	0	0	0	0	0	0	0	0	0	0	0	0	0	0	0	0	0.00171	0	0	0	0	0	0	0	0	0	0	0	0	0	0	0	0	0	0	0.0124	0	0	0	0	1.40356	0	0	0	0	0	0	0	0	0	0	0	0	0	0	0	0	0	0	0	0	0	0	0	0	0	0	0	0	0	0	0
"Enterococcus_avium"	0	0	0	0	0	0	0	0	0	0	0	0	0	0	0.05156	0.01015	0	0	0	0	0	0	0	0	0	0	0	0	0	0	0	0	0	0	0	0	0	0	0.01479	0.04666	0.00101	0.06218	0	0	0	0.0085	0	0	0	0	0	0	0	0	0	0	0	0	0	0	0	0	0	0	0	0	0	0.05235	1.00505	0.04461	0	0.00069	0	0.02098	0.00089	0.0016	0	0	0.03069	0	0	0	0.02017	0	0	0	0.041	0.12481	0	0	0	0	0	0	0	0.00276	0	0	0	0	0	0	0	0	0	0	0	0	0	0.0017	0	0	0	0	0	0	0.0637	0.01371	0.08433	0	0	0	0.01604	0	0	0	0	0	0	0	0	0	0.02653	0	0	0	0.02006	0.00423	0	0	0	0	0	0	0	0.00816	0	0	0	0	0.49826	0	0	0	0	0	0	0	0	0	0	0	0	0	0	0	0	0	0	0	0	0	0	0	0.32531	0	0	0	0	0	0.17267	0	0	0	0	0	0	0	0	0	0	0	0.00166	0	0	0	0	0.00104	0	0	0	0	0	0	0	0	0	0	0	0	0	0	0	0	0	0	0	0	0	0	0	0	0.00137	0	0.08565	0.00437	0.01027	0.02913	0	0	0	0	0	0	0	0	0	0	0	0	0	0	0	0	0	0	0	0	0	0	0.05994	0	0	0.02302	0	0.06385	0	0	0	0	0	0	0	0	0.01576	0	0	0	0	0	0	0	0	0	0	0	0.0599	0	0	0	0	0	0	0	0	0	0	0	0	0	0	0	0	0	0.03214	0	0	0	0	0	0.07505	0	0	0	0	0	0	0	0	0	0	0	0	0.00854	0	0	0	0	0	0	0	0	0	0	0	0.00557	0.09136	0.10977	0	0	0.24551	0	0	0	0	0	0	0	0	0	0.02232	0	0	0	0	0	0.01099	0	0	0	0	0	0	0	0	0.10347	0	0	0	0	0	0	0	0	0	0	0	0	0	0	0.00921	0	0.04319	0	0	0	0	0	0.00412	0	0	0	0.00226	0	0	0	0	0	0	0.49876	0	0	0	0	0	0.15716	0	0	0	0.26141	0	0	0	0.00027	0	0	0	0	0	0	0	0	0.00916	0	0	0.47761	0	0	0	0	0	0.1425	0	0.19988	0	0	0.04365	0	0
"Collinsella_tanakaei"	0	0.70473	0	0	0	0.16955	0	0	0	0	0	0	0	0	0	0	0	0	0	0	0	0	0	0	0.0609	0	0	0	0	0	0.63892	0.26567	0	0	0	0.1015	0	0	0	0	0	0	0	0	0	0	0	0	0	0	0	0	0	0	0	0	0	0	0	0	0	0	0	0	0.24626	0	0	0	0	0	0	0	0	0.01267	0.09108	0.00431	0	0	0	0	0	0	0	0	0	0	0	0	0	0	0	0	0	0	0.15594	0	1.65957	0	0	0	0	0	0	0	0	0	0	0	0	0	0	0	0	0	0	0	0	0	0	0	0	0	0	0	0	0	0	0	0	0	0	0	0	0	3.72081	0	0	0	0	0	0	0	0	0.66611	0	4.28596	0	0	0.08956	0	0	0	0	0	0	0	0	0	4e-04	0	0.6715	0	0	0	0	0	0	0	0	0	0	0	0	0	0	0	0	0	0	0	0	0	0	0	0	0.02129	0	0	0	0	0	0	0	0	0	0	0	0	0	0	0	0	0	0	0	0	0	0	0	0	0	0	0	0	0	0	0	0	0	0	0	0	0	0	0	0	0	0	0	0	0	0	0	0	0	0	0	0	0	0	0	0	0	0	0.42507	0	0	0	0.85354	0	0	0	0.00388	0	0	0	0	0	0	0	0	0	0	0	0	0	0.0236	0	0	0	0	0.15686	0	0	0	0	0	0	0	0	0	0	0.00047	0	0	0	0	0	0.18843	0	0	0	0	0	0	0	0	0	0	0	0	0	0	0.00097	0	0	0	0	0	0	0	0	0	0	0	0	0	0.67465	0.25906	0	0	0	0	0	0	0	0	0	0	0	0	0	0	0	0	0	0	0	0	0	0	0	0	0	0	0	0	0	0	0	0.57448	0	0	0	0	0	0	0	0	0	0	0	0	0	0	0	0.02994	0	0	0	0	0	0	0	0	0	0	0	0	0	0	0	0	0.14013	0.16449	0	0	0	0	0	0	0	0	0	0	0	0	0	0	0	0	0	0.96015	0	0	0	0	0	0	0	0	0	0	0	0	0	0	0	0	0.21591	0	0	0	0	0	0	0	0	0
"Sutterella_wadsworthensis"	0	4.89435	0	0	1.07454	1.86555	0	0	0	0	0	0	0	0	0	0	0	0	0	0	0	0	0	0	0.39784	0	0.37607	0	2.26714	0.769	0	0	0	0	0	0	1.35263	0	0.71154	0.1782	1.24995	0	0	0	0	0	0	0	0	0	0	0	0	0.98541	1.61148	1.7924	0	5.44984	0	0	0	1.2328	1.37769	0	0	1.96821	0	0	0	0	0	0	0	0.80095	1.03114	0.32934	0	0	0	0	0	0	0	0.22242	0	0	0	0	0	0	2.44805	0	5.70157	0	1.96356	0	3.17752	0	0	0	0	0	0	0	0	1.72555	0.61693	0	0	0	0	0	1.30698	0	0	0	0	0	0	0	0	0	0	0	0	0.72119	0.16753	1.12271	7.28033	0	0	0	0	0	0	0	0	0	0	0	0	1.55275	0.13343	0	0.56287	0	0	0	0	0	0	0	0	1.01507	0	0	0.56011	0	0	0	0	0	0	0.55766	0	0	0	1.66121	1.36432	0.20543	0	1.82826	0	0	0	0	0	0	0	0	1.18773	0	0.91021	1.52131	0.18097	0	0	0	0	0	0	0.3456	0	2.73685	0	0	0.00871	0	5.21164	0	0	0	0	0	0	0	0	0	0	0	0	0	0	0.63785	0	0	0	0	0	1.93064	0	0	0	0	0	0	0	0	0	0	1.00911	0.5696	0	0	0.94364	0.19695	0.32205	0.21742	1.19878	1.07743	0	0	0	0	0	0	0	0	0	5.35559	0	0	3.37912	1.96932	2.67383	0.67158	0	0	0	0	0	0	0.21463	0	0	8.6815	0	0	0	0	0	2.22889	1.6667	0	0	2.19623	0	0	0	0	0	0	0.75246	1.03626	0	4.93021	1.93327	0	5.24697	1.36155	0	0	0.52042	0	0	0	0	0	0	0	0	0	2.89495	1.57925	0	0	0	0	0	0	0.32186	0	0	0	0	0	0	3.75989	0.90214	0	3.42764	0	0	0	0	0	0	0	2.00964	0	0	0.11637	0	0	2.14793	0	1.57037	0	0	0	0	0	0	1.35459	0	0	0	0	0	0.64798	0	0	0	0	0	0	1.83682	0	0	0	0	0	0	0	0	0.95114	1.33679	0	0	0	0	0	0.08636	0	0.5933	0	0	0.71841	0	0	0	4.28682	1.43297	0.56687	0	0	0	0	0	0	0	0	0	0	0	1.20556	0	0	0	0	0	0	0	0	0	1.39676	0	0	0	0	0	0	0	0	0	0	0	0	0	0	0	0	0	0	0	1.6112	0	0	0
"Enterobacter_roggenkampii"	0	0	0	0	0.50799	0	0	0	0	0	0	0	0	0	0	0	0	0	0.00733	0.21729	0.43683	0	0	0.01578	0	0	0	0	0	0	0	0.00455	0	0	0	0	0	0	0.00223	0.01264	0.00218	0	0	0	0	0.08283	0	0	0.00251	0	0.02807	0	0	0.01197	0.00784	0	0.00065	0.2929	0	0	0	0.02552	1.23788	0	0	0	0	0	0	0	0	0	0	0.04393	0.00887	0.00031	0	0	0	0	0	0	0	0	0	0.00432	0	0	0	0	0	0	0.02517	0.26879	0.12313	0	0	0	0	0	0	0	0	0	0	0	0	0	0	0	0	0	0	0	0	0	0	0	0	0	0.00295	0	0	0	0	0.00099	0	0	0	0	0	0.13066	0	0	0	0	0	0	0	0	0	0	0	0	0	0	0	0	0	0	0	0.00321	0	0.00156	0	0	0	0	0	0	0	0	0	0	0.02566	0.00792	0	0	0	0	0	0	0	0	0	0	0	0	0	0	0	0	0	0	0	0	0	0.02824	0.00755	0	0	0	0	0.11291	0	0	0	0	0	0.01255	0	0	0	0	0	0	0.02721	0	0	0.02712	0	0	0	0	0	0	0	0	0.20945	0	0	0	0	0	0	0	0	0	0	0	0	0	0	0	0	0	0	0	0	0	0	0.00506	0	0	0	0.00647	0	0	0	0	0	0	0	0	0	0	0.0069	0	0	0	0	0	0	0	0	0	0	0	0.12223	0	0	0	0	0	0	0	0	0	0	0	0	0	0.01717	0.03193	0	0	0	0	0	0	0	0	0	0.00416	0	0	0	0	0	0.19161	0.05219	0	0.01728	0	0	0	0	0	0	0	0	0	0	0	0	0.10406	0	0	0	0	0	0	0.01362	0	0	0	0	0	0	0	0	0	0	0	0	0	0	0	0	0	0	0.26457	0	0	1.17321	0	0	0	0	0	0.00805	0	0	0	0	0	0	0	0	0	0	0	0	0.0336	0	0	0	0	0	0.00295	0	0	0	0	0	0	0	0	0	0	0	0	0	0	0	0	0	0.02279	0	0	0	0	0	0	0	0	0	0	0	0	0	0	0	0	0	0	0	0	0	0	1.649	0	0	0	0	0	0	0	0	0	0	0	0	0	0	0	0	0	0
"Klebsiella_quasipneumoniae"	0	0	0	0	0.57348	0	0	0	0	0	0	0	0	0.00891	0.02523	0.06215	0	0	0	0.22337	0.00694	0	0	0	0	0	0	0.00934	0	0	0	0	0	0	0	0	0	0	0.00389	0.00875	0.05127	0	0	0	0	0.03245	0	0	0.0265	0	0.03251	0	0	0.02351	0.01254	0	0.01212	0	0	0	0	0	0	0.00288	0	0	0	0.00652	0	0	0	0	0	0.10269	0.0054	0.00121	0	0.00734	0.18877	0	0	0	0	0.01624	0	0.01699	0	0	0	0	0	0	0.08741	0.23847	0.14533	0	0	0	0	0	0	0	0	0	0	0	0.47358	0	0	0	0	0.00084	0	0	0	0	0	0	0	0	0	0	0	0	0	0.01131	0	0	0	0	0	0.29865	0	0	0	0	0	0	0	0	0	0	0	0	0	0	0	0	0	0	0	0	0	0.05497	0	0	0	0	0	0	0	0	0	0	0	0	0	0	0	0	0	0	0	0	0	0	0	0	0	0	0	0	0	0	0	0	0	0	0	0	0	0	0	0	0	0	0	0	0	0	0	0	0	0	0	0	0.01461	0	0	0.00161	0	0	0	0	0	0	0	0	0	0.01002	0	0	0	0	0	0	0	0	0	0	0	0	0	0	0	0	0	0	0	0	0	0.16153	0.04846	0	0	0.00714	0	0	0	0	0	0	0	0	0	0	0	0	0	0	0	0	0	0	0	0	0	0	0.03316	0	0	0.94918	0	0	0.00147	0	0	0	0	0	0	0.03476	0.84074	0.42432	0	0	0	0	0	0	0	0	0	0.00143	0	0	0	0	0	0	0	0	0.00209	0	0	0	0	0	0	0	0.00073	0	0	0	0	0	0	0	0	0	0.00281	0	0.08633	0	0	0	0	0	0	0	0	0.01243	0	0	0	0	0	0	0	0	0.09867	0	0	0	0	0	0	0	0	0	0.07528	0	0	0	0	0	0	0	0	0.0144	0	0	0	0	0	0	0	0	0.00672	0	0	0	0	0	0	0	0	0	0	0	0	0	0.00421	0	0	0	0	0	0	0	0	0	0	0	0.00088	0	0	0	0.0017	0	0	0	0	0	0	0	0	0	0	0	0	0	0	0	0	0	0	0	0	0	0	0	0	0	0	0	0	0	0
"Enterobacter_hormaechei"	0	0	0	0	0.02079	0	0	0	0	0	0	0	0	0.00466	0	0	0	0	0	0	0	0	0	0.00526	0	0	0	0	0	0	0	0	0	0	0	0	0	0	0.00285	0	0.00335	0	0	0	0	0	0	0	0	0	0	0	0	0.07536	0	0	0.00885	0	0	0	0	0	0.03797	0.00095	0	0	0	0	0	0	0	0	0	0.03411	0.0056	4e-04	0	0	0	0	0	0	0	0	0	0	0	0	0	0	0	0	0	0.02102	0.01322	0	0	0	0	3e-04	0	0	0	0	0.00652	0	0	0	0	0	0	0	0	0	0.0382	0	0.00474	0	0	0	0.01111	0	0	0	0	0	0	0	0	0	0	0.03311	0	0	0	0	0	0	0	0	0	0	0	0	0	0	0	0	0	0	0	0.03728	0	0	0	0	0	0	0	0	0	0	0	0	0	0	0	0	0	0	0	0	0	0	0	0	0	0	0	0	0	0	0	0	0	0	0	0.17803	0	0	0	0	0.03366	0	0	0	0	0	0	0.01232	0	0	0	0	0	0	0	0	0	0	0	0	0	0	0	0	0	0	0.02312	0	0	0	0	0	0	0	0	0	0	0	0	0.00548	0	0	0	0	0	0	0.084	0.01023	0	0	0	0	0	0	0	0	0	0	0	0	0	0	0	0	0	0	0	0	0	0	0	0	0	0	0	0	0	0	0	0	0	0	0	0	0	0	0	0	0	0	0	0	0	0	0	0	0	0	0	0	0	0.00111	0	0	0	0	0	0	0.00823	0.01298	0	0	0	0	0	0	0	0	0	0	0	0	0	0.01162	0	0	0	0	0	0	0.02764	0	0	0	0	0	0	0	0	0	0	0	0	0	0	0	0	0	0	0.04162	0	0	1.70641	0	0	0	0	0	0.00476	0	0	0	0	0	0	0	0	0	0	0	0	0	0	0	0	0	0	0.00083	0	0	0	0	0	0	0	0	0	0	0	0	0	0	0	0	0	0	0	0	0	0	0	0	0	0	0	0	0	0	0	0	0	0	0	0	0	0	0	0	0.00548	0	0	0	0	0	0	0	0	0	0	0	0	0	0	0	0	0	0
"Clostridium_sp_C5_48"	0	0	0	0	0	0	0	0	0	0	0	0	0	0	0	0	0	0	0	0	0	0	0	0	0	0	0	0	0	0	0	0	0	0	0	0	0	0	0.06294	0	0	0	0	0	0	0	0	0	0	0	0	0.50774	0	0	0	0	0	0	0	0	0	0	0	0	0	0	0	3.40693	1.80345	0	0	0	0	0	0.06932	0.00952	0	0	0	0	0	0	0	0	0	0	0	0	0	0	0	0	0	0	0	0.98876	0.09253	0	0	0	0	0	0	0	0	0	0	0	0	0	0	0	0	0	0	0.03878	0.12067	0	0	0	0	0	0	0.35208	0.03136	0	0	0	0	0	0	0	0.39799	0	0	0	0	0.12971	0	0	0	0	0	0.00299	0	0	0	0	0	0	0	0	0.0332	0	0	0	0	0	0	0	0	0	0	0	0	0	0	0	0	0	0	0	0	0	0	0	0	0	0	0	0	0.0497	0	0	0	0	0	0	0	0	0	0	0	0	0	0	0	0	0	0	0	0	0	0	0	0	0	0	0	0	0	0	0	0	0	0	0	0	0	0	0	0.00033	0.10511	0	0	0	0	0	0	0	0	0	0	0	0	0	0	0	0	0	0	0	0	0	0	0	0	0	0	0	0	0.01365	0	0	0	0	0	0	0	0	0	0	0	0	0	0	0	0	0	0	0	0	0	0	0	0	0	0	0	0	0	0	0	0	0	0	0	0	0	0	0	0	0	0	0	0	0	0	0	0	0	0	0	0	0	0	0	0	0	0	0	0.04015	0	0	0	0	0	0	0	0	0	0	0	0	0	0	0	0.13266	0	0	0	0	0	0	0	0	0	0	0	0	0.3881	0	0	0	0.0099	0	0	0.4734	0	0	0	0	0	0	0	0	0	0	0	0	0	0	0.07339	0	0	0	0	0	0	0	0	0	0	0	0	0	0	0	0	0	0.14634	0	0	0	0	0	0	0	0	0	0	0	0	0	0	0	0	0	0	0	0	0	0	0	0	0	0	0	0	0	0	0	0.00304	0	0	0	0	0	0	0	0	0	0	0	0	0	0	0	0
"Lactococcus_petauri"	0	0	0	0	0	0	0	0	0	0	0	0	0	0.01034	0	0	0	0	0	0	0	0	0	0	0	0	0	0	0	0	0	0	0	0	0	0	0	0	0.00264	0	0.01577	0	0	0	0	0	0	0	0.50246	0	0.00879	0	0	0.41253	0	0	0	0	0	0	0	0	0.48065	0	0	0	0	0	0.0036	0	0	0	0	0.12317	0.001	0.00925	0	0	0	0	0	0	0	0	0	0.02116	0	0	0	0.07228	0	0	0	0.1233	1.15611	0	0	0	0	0	0	0	0	0.13307	0.12817	0	0.0055	0	0	0	0.00576	0	0	0	0	0	0	0	0	0	0.00834	0.02771	0	0	0	0	0.00122	0	0	0	0	0	0	0	0	0	0	0	0	0	0	0	0	0	0	0	0	0	0	0	0	0	0	0	0	0	0	0	0	0	0	0	0	0.02538	0	0	0	0	0	0	0	0.06527	0	0	0.00106	0	0	0	0	0	0	0	0	0	0	0	0	0	0.03341	0	0	0	0	0	0	0	0	0	0	0	0	0	0.00317	0	0	0	0	0	0	0	0	0	0	0.08833	0	0	0	0	0	0	0	0	0	0.02479	0	0	0	0	0	0	0	0	0	0	0	0	0	0	0	0	0	0.05029	0	0	0	0.02696	0	0	0	0	0	0	0	0	0	0	0	0	0	0	0	0	0	0	0	0	0	0.0092	0.03594	0	0	0	0	0	0	0	0	0	0	0	0.00134	0.08225	0	0	0	0	0	0	0	0	0	0	0	0.05634	0	0	0	0	0	0	0	0	0	0	0	0	0	0	0	0	0.00785	0	0.01333	0	0	0	0	0	0.01249	0	0	0	0	0	0	0	0.02307	0	0	0	0	0	0	0	0	0	0	0	0	0	0	0	0	0	0	0	0	0	0	0	0	0	0	0	0	0	0	0	0	0	0	0	0	0	0	0	0	0	0	0.53329	0.11931	0	0.03412	0	0	0	0	0	0	0	0	0	0	0.00397	0	0	0	0	0.00072	0	0	0	0	0	0	0	0	0	0	0	0	0	0	0	0	0	0	0	0	0	0.09942	0	0	0	0	0	0	0	0	0	0	0	0.06609	0	0	0	0	0	0
"Weissella_confusa"	0	0	0	0	0.02826	0	0	0	0.0093	0	0	0	0	0	0.03712	0	0	0	0	0	0	0	0	0	0	0	0	0	0	0	0	0	0	0	0	0	0	0	0.00129	0	5e-05	0	0	0	0	0	0	0	0	0	0	0	0.00413	0.0072	0	0	0	0	0.00419	0.0027	0	0	0	0	0	0	0	0	0	0	0	0	0	0.02188	0.00073	0.00254	0	0	0	0	0	0	0	0	0	0	0	0	0	0	0	0	0	0.09561	0.0096	0	0	0	0	0	0	0	0	0.06968	0.09223	0	0	0	0	0	0	0	0	0	0	0.00747	0	0.01198	0	0	0	0	0	0	0	0	0	0	0	0	0	0	0	0	0	0	0	0	0	0	0	0	0	0	0	0	0	0	0	0	0	0	0	0	0	0	0	0	0	0	0	0	0	0.01312	0	0	0	0	0	0.00661	0	0	0	0	0.00027	0	0	0	0	0	0	0	0	0	0	0	0	0	0.06987	0	0	0.03744	0	0.02921	0	0	0	0	0	0	0	0	0.08545	0	0	0	0	0	0	0	0	0	0	0.09337	0	0	0	0	0	0	0	0	0	0	0	0	0	0	0	0	0	0	0	0	0	0	0	0	0	0	0	0.29698	0	0	0	0	0	0	0	0	0	0	0	0	0	0	0	0	0	0.00229	0	0	0	0	0	0	0	0	0.00343	0	0	0	0	0	0	0	0	0	0	0	0	0	0	0	0	0	0	0	0	0	0	0	0	0.00639	0	0	0	0	0	0	0	0	0	0.01016	0	0	0	0	0	0.0569	0	0	0.00394	0	0	0	0	0	0	0	0	0	0	0	0	0	0	0	0	0	0	0.00271	0	0	0	0	0	0	0	0	0	0	0	0	0	0	0	0	0	0	0	0	0	0	0	0	0	0	0	0	0	0	0	0	0	0	0	0	0	0.01747	0.01237	0	0	0	0	0	0	0	0.27142	0	0	0	0	0	0	0	0	0	0	0	0	0	0	0	0	0	0	0	0	0	0	0	0	0	0	0	0	0	0	0	0	0	0	0	0	0	0	0	0	0	0	0	0	0	0	0	0	0	0
"Pseudoflavonifractor_capillosus"	0	0	0.00457	0	0	0	0.02568	0.00613	0	0	0	0	0	0	0	0	0	0	0.02542	0	0	0	0	0	0.00206	0	0.00578	0	0.001	0.01694	0	0.01439	0.02111	0	0.00548	0.00292	0	0	0.00192	0.00205	0.00587	0	0	0.01983	0	0	0	0	0.00334	0.00058	0.00075	0	0	0.02765	0	0	0	0	0	0	0	0	0	0	0.00061	0.02632	0.01974	0	0	0	0	0.06662	0	0.00153	0.00043	0.0034	0	0	0	0	0.00255	0	0	0	0	0	0	0	0	0	0	0	0	0	0	0.02385	0	0	0	0.00716	0	0	0	0	0	0	0	0.00768	0	0	0	0	0	0.01589	0	0	0	0	0	0	0.03232	0	0	0	0	0	0.01252	0	0	0.01126	0	0	0	0	0	0	0	0	0	0	0	0	0.00433	0	0	0	0	0	0	0	0	0	0	0	0	0	0	0.02734	0.02176	0	0	0	0	0	0	0	0	0	0	0.00231	0	0.00981	0	0.01604	0	0	0	0.03935	0	0	0	0	0	0	0.00115	0	0	0	0	0	0.00363	0	0	0	0	0	0	0	0	0	0	0	0	0	0	0	0.04218	0.00222	0	0.00168	0.00302	0	0	0	0	0	0	0	0	0	0	0	0	0	0	0	0	0	0	0.00412	0	0	0	0	0	0	0.00443	0.00355	0	0	0	0	0	0.00402	0.0065	0	0	0.00315	0	0	0	0	0	0	0	0	0	0.00434	0	0	0	0	0	0	0	0	0	0	0	0	0	0	0	0	0	0.01873	0	0	0	0.00345	0	0	0	0.01745	0	0	0	0	0	0	0	0	0.002	0	0	0.00103	0	0	0	0	0.0115	0	0	0.00181	0	0	0	0	0	0	0.01551	0	0	0	0	0	0	0	0	0.0299	0	0	0	0	0	0	0	0	0	0	0	0	0	0.03712	0.001	0.01045	0	0	0	0	0.00438	0	0	0.01113	0	0	0	0.00572	0	0.00243	0	0	0	0	0	0.01745	0.04829	0	0	0.00043	0	0	0	0.05241	0	0	0	0	0	0	0	0	0	0	0	0	0.02909	0	0	0	0	0	0	0.00976	0	0	0	0.00096	0	0	0	0	0.00125	0.01928	0	0	0	0	0	0	0.02735	0	0	0	0	0	0	0	0.00067	0	0	0	0.04939	0	0	0	0.02258	0	0.00341	0.00041	0	0	0	0	0	0	0	0	0
"Klebsiella_variicola"	0	0	0	0	0.33547	0	0	0	0	0	0	0.00329	0	0.00075	0	0.01899	0	0	0	0.04563	0	0	0	0.01537	0	0	0	0	0	0	0	0	0	0.04933	0	0	0	0	0.00221	0.00416	0.01087	0	0	0	0	0	0	0	0	0	0.00141	0	0	0	0	0	0	0	0	0	0	0	0.01055	0	0	0	0	0	0	0	0	0	0	0.07431	0.00655	0.0015	0	0	0	0	0	0	0	0	0	0.01693	0	0	0	0	0	0	0.00602	0.06434	0.81317	0	0	0	0	0	0	0	0	0	0	0	0	0	0	0	0	0	0	0	0	0	0	0	0	0	0.0363	0	0	0	0	0.00808	0	0	0	0	0	0	0	0	0	0	0	0	0	0	0	0	0	0	0	0	0	0	0	0	0	0	0	0	0	0	0	0	0	0	0.05471	0	0	0	0	0	0	0	0	0	0	0	0	0	0	0	0	0	0	0	0	0	0	0.03811	0	0	0	0	0	0	0	0	0	0.12718	0	0	0	0	0	0	0	0	0.00203	0	0	0	0.01363	0	0	0	0	0	0	0	0	0.00213	0	0	0.00279	0	0.07335	0	0	0	0	0	0	0	0.00171	0	0	0	0	0	0	0	0	0	0	0	0	0.04532	0	0	0	0	0	0.17135	0.0013	0	0	0	0	0	0	0.01704	0	0	0.0155	0	0	0.07467	0	0	0.01196	0	0	0	0.00153	0	0	0	0	0	0	0	0	0	0	0	0.16342	0.00207	0.14494	0.03415	0	0	0	0	0.02043	0	0	0	0.00045	0.05226	0	0	0	0	0	0	0	0	0	0	0	0	0	0	0	0	0	0	0	0	0	0	0	0	0	0	0.00266	0.00054	0.0064	0	0	0	0	0	0	0	0	0.00664	0	0	0	0	0	0	0.42548	0	0	0	0	0	0	0	0	0	0	0	0.00458	0	0	0	0	0.00343	0	0	0	0	0	0	0	0	0	0	0	0	0	0	0	0	0	0	0	0	0	0	0	0	0	0	0.0017	0.06587	0	0	0	0	0	0.00079	0	0	0	0	0	0	0	0	0	0	0	0	0	0	0.01318	0	0	0	0	0	0	0	0	0	0	0	0	0	0	0	0	0	0	0	0	0	0	0	0
"Veillonella_atypica"	0	0	0	0	0.00304	0.00264	0	0	0	0.30352	0.008	0.0212	0	0	0	0	0.00741	0	0	0	0	1.06948	0	0.07506	0.00614	0	0	0.08057	0.01215	0	0	0.00252	0	0	0	0	0	0	0.0396	0.00664	0.07507	0.08543	0	0.00979	0	0.02028	0.19389	0.00287	0	0	0	0	0	0	0	0	0.07734	0.08131	0.11306	0	0	0	0	0	0	0	0	0	1.11697	0	0	0	0	0.01798	0.00063	0.02612	0	0.67852	0.01761	0.04497	0	0.00031	0.0175	0	3.21636	0	0	0	0	0	0.00373	0.00173	0	0	0	0	0.04387	0.03727	0	0	0.04131	0	0	0	0	0.01942	0.0107	0	0.09116	0	0	0.0659	0	0	0	0.01632	0.00451	0	0	0	0	0	0	0.01735	0	0.10957	0	0	0.05052	0	0.04363	0	0.12811	0.00936	0	0.0328	0	0.44067	0.00416	0	0	0	0	0	0	0	0	0	0	0	1.17832	0	0.00203	0.00905	0	0.07904	0	0	0	0	0.0926	0	0.00822	0	0	0	0	9e-04	0	0	0	0	0	0	0.06032	0.10957	0	0	0	0.04974	0.10541	0	0.00363	0.07873	0	0.00417	0	0.00615	0	0	0	0	0.02435	0	0	0	0.0231	0	0	0.07232	0.94259	0	0	0	0	0	0.00906	0.00334	0	0.05384	0	0	0	0.00833	0	0	0	0	0.00771	0	0.00077	0	0	0.01419	0	0	0	0	0	0	0.07212	0	0	0	0	0.00816	0	0	0	0	0	0	0.05757	0	0	0	0	0.00564	0	0.10485	0	0	0.27927	0	0	0	0	0	0	0	0.03262	0	0	0.09394	0	0.02947	0	0	0	0	0	0	0.00152	0	0.13506	0	0	0	0	0	0	0	0	0	0	0	0	0	0	0	0	0	0	0	0	0	0	0	0	0	0	0	0	0	0	0.02598	0	0	0	0	0	0	0	0	0	0	0.00981	0.06334	0.00234	0	0	0	0	0	0	0	0	0	0	0	0	0	0	0	0	0	0	0	0.00355	0	0.12473	0.09277	0.01176	0	0.03765	0.01076	0	0	0	0	0.05907	0	0	0.04025	0	0	0	0.36433	0	0	0	0	0.00409	0	0	0	0	0	0	0	0.01135	0	0	0	0	0.02379	0.12553	0	0	0	0	0.51216	0	0	0	0	0	0	0	0.00419	0	0.00824	0.0055	0	0.17509	0.00454	8e-04	0	0.00777	0.00623	0.01039	0	0	0	0	0	0	0	0	0	0.05382	0	0	0	0	0	0	0	0	0	0	0	0	0.12455	0	0	0.0841	0	0
"Lacrimispora_saccharolytica"	0	0	0.04788	0.18398	0	0	0.01055	0	0.00739	0	0	0	0	0.04269	0	0	0	0	0	0	0	0	0	0	0	0	0.0129	0	0	0	0	0	0	0	0	0.00395	0	0	0.33415	0.13603	0.0086	0	0	0.05097	0	0	0	0	0	0	0	0	0.0939	0	0.02508	0	0	0	0	0	0	0	0	0	0	0	0	0	0	0	0	0	0	0.10978	0.0239	0.0598	0	0.01596	0	0	0	0.98201	0	0	0	0	0	0	0	0.05941	0	0	0	0	0	0.86219	0.30074	0	0	0	1.20557	0	0.01666	0.2601	0.04545	0	0	0.06398	0	0	0	0	0.44811	0.18524	0.00511	0	0	0.02715	0	0.03913	0.02571	0	0	0	0	0	0.11134	0	0	0	0.06354	0	0	0	0	0	0	0	0.0434	0	0	0	0.02786	0	0	0	0	0	0.0607	0	0	0	0	0	0	0	0	0	0.11386	0	0.10566	0.05508	0	0	0	0	0.01928	0	0	0	0	0.02137	0	0.05428	0.58837	0	0	0.50573	0.14543	0	0	0	0.00199	0	0.0339	0	0.01896	0	1.1652	0.07648	0	0.03854	0	0	0	0	0	0	0	0.07559	0	0	0.03666	0.07923	0	0	0	0.0144	0	0	0	0	0	0	0	0	0	0	0	0.01648	0.00075	0	0	0	0	0.07007	0	0	0	0.00712	0	0	0	0	0	0.02141	0.04716	0.14844	0	0	0	0	0	0.01235	0	0	0.06379	0	0	0	0	0	0	0.06968	0.03202	0.02645	9e-04	0	0	0	0.06804	0	0	0	0	0	0	0	0	0	0	0.01259	0	0	0	0	0	0.11663	0	0	0	0	0	0	0	0	0.00408	0.0373	0	0.04444	0	0.04491	0	0	0.04612	0	0	0	0	0.04878	0	0	0	0	0.0194	0.04427	0	0	0	0	0.03646	0.39054	0	0	0.2995	0	0	0	0.00484	0	0	0	0.38939	0	0	0	0.19064	0	0	0.12856	0.00205	0	0	0.40254	0.01073	0.02163	0	0	0	0	0.06745	0	0	0	0	0	0	0	0	0	0	0	0	0	0	0	0	0	0.21818	0	0	0	0.41481	0	0	0	0.01137	0	0.5008	0	0.75079	0.13094	0	0	0	0	0.04347	0	0	0.00624	0	0	0.89989	0	0	0	0.01062	0.0359	0	0	0	0.5224	0	0.10015	0	0	0	0.05352	0	0	0.00073	0.12793	0	0	0	0	0.00602	0	0	0	0.03531	0.16042	0	0.00307	0	0	0.09887	0	0.01707	0.02883	0	0.68742	0	0	0	0	0	1.97724	0
"Clostridium_methylpentosum"	0	0	0	0	0.16421	0	0	0	0	0	0	0	0	0	0.00309	0	0	0	0	0	0	0	0	0	0	0	0	0	0	0	0	0	0	0.00079	0	0	0	0	0.00035	0.00033	4e-05	0	0.00038	0	0	0	0	0.00208	0.00079	9e-04	0	0	0	0	0	0	0	0	0	0	0.00028	0	0	0	0	0	0.00633	0	0	0	0	0	0.00104	0	0.00165	0	0	0	0	0	0	0	0	0	0	0	0	0	0	0	0	0	0	0	0	0	0	0	0	0	0	0.00214	0.00405	0.00633	0	0	0	0	0	0	0	0	0	0	0	0	0	0	0	0	0	0	0	0	0	0	0.02051	0	0	0	0	0	0	0	0	0	0	0	0	0	0	0	0	0	0	0	0	0	0	0	0	0	0	0	0	0	0	0	0	0	0	0	0	0	0	0	0	0	0	0	0	0	0	0	0	0	0.00029	0	0.00094	0.00289	0	0	0	0	0	0	0	0	0	0	0	0	0	0	0	0	0	0	0	0.00355	0	0	0	0	0	0	0	0	0	0	0	0	0	0	0	0	0	0	0	0	0	0	0	0	0.00203	0	0	0	0	0	0	0	0	0.00143	0	0	0	0	0	0	0.00969	0	0	0	0	0	0.00296	0	0	0	0	0	0	0.00119	0	0	0	0	0	0	0.00358	0	0	0	0	0	0	0	0	0.00287	0.00372	0	0	0	0	0	0	0	0	0	0	0.01118	0	0	0	0	0	0	0	0	0	0.00361	0	0	0	0.00155	0	0	0	0	0	0	0	0	0	0	0	0	0	0	5e-05	0.00075	0.0041	0	0	0	0	0	0	0	0	0	0	0.00261	0	0.00933	0	0	0	0	0	0	0	0	0.0021	0	0	0	0	0	0	0	0	0	0	0	0.00912	0	0	0	0	0	0	0.00068	0	0	0	0	0	0	0	0	0	0.00263	0	0	0	0	0	0	0	0	0	0	0	0	0	0	0	0	0	0	0	0	0	0	0	0	0	0	0	0	0	0.00338	0	0.00411	0	0	0	0	0	0	0	0	0	0	0	0	0	0	0	0	0	0	0	0	0	0	0	0	0	0	0	0	0	0	0	0	0
"Clostridium_SGB6179"	0	0	0	0	0	0	0	0	0	0	0	0	0	0	0	0	0	0	0.23067	0	0	0	0	0	0	0	0	0.01495	0	0.01046	0.00356	0.16747	0	0	0	0	0	0	0.08134	0.03373	0.0248	0	0.19394	0	0	0	0.17905	0	0	0	0.02857	0	0	0	0	0	0	0	0	0.03056	0	0	0.15994	0	0	0	0	0	0	0	0	0	0	0.10697	0.00034	0.0089	0.10423	0	0.10377	0	0.02863	0	0.09519	0	0	0.4111	0.21817	0	0	0	0	0	0.00512	0	0.09808	0	0	0	0	0.60173	0	0.03447	0.13063	0	0	0	0.13076	0	0	0	0	0	0	0	0	0	0.18305	0	0	0	0	0.05532	0.50152	0.17646	0	0.08837	0	0	0	0	0	0.07666	0.02388	0.00082	0	0	0	0	0.0266	0	0	0	0	0	0	0	0	0	0.01335	0	0	0	0	0	0	0	0	0	0.03185	0	0	0	0.41308	0	0	0	0	0	0	0.00338	0	0	0	0	0.00546	0	0.04895	0	0	0.01866	0	0	0	0	0	0	0.01509	0.00627	0.02058	0	0.20484	0.1942	0	0	0.16167	0	0	0	0	0	0.0036	0.04639	0	0	0	0	0	0.34022	0.30969	0.08265	0	0	0	0	0.07958	0.05313	0	0	0	0	0	0	0	0	0.03255	0.04446	0	0	0	0	0	0	0	0	0	0	0	0	0	0.39404	0	0	0	0	0	0	0	0	0	0	0	0	0	0	0	0	0	0	0	0	0	0	0	0	0.00174	0.04717	0	0	0	0	0	0	0	0	0	0	0	0	0	0	0.0025	0	0	0	0.00197	0	0	0.00796	0	0	0	0.63074	0	0.44213	0	0	0.01751	0	0	0	0	0	0	0	0	0	0	0	0	0	0.73518	0.46451	0.22881	0	0	0	1.14969	0.06537	0.05113	0	0.0115	0	0.2186	0	0	0	0	0	0	0	0	0.00161	0	0	0	0	0	0.00306	0.38106	0.00982	0	0	0	0	0.00017	0	0.4779	0	0	0	0.07564	0	0	0	0	0.00852	0.15477	0	0	0.36204	0	0	0	0	0	0.01328	0	0.16526	0	0	0.09092	0	0	0	0	0	0	0	0	0	0	0	0.09487	0	0.07587	0	0.73806	0.11156	0	0	0	0	0	0	0.01298	0	0.79467	0	0	0	0.66857	0.232	0	0	0	0.02208	0	0	0.06548	0	0	0	0	0	0	0	0	0	0	0	0	0.51039	0	0.79944	0	0	0.34137	0.04181	0.31814
"Alistipes_onderdonkii"	0	1.84163	11.40241	2.21448	0	0	1.30933	0	1.14605	0.31047	0.02763	2.18872	0	0	0	0	0	0	0.92272	4.13852	0	0	0	0.04453	0	0	1.71725	0	0.63682	0.45336	0	1.97514	0	0	0	0	1.32242	1.34307	0.94122	0.47399	0.28817	0	0	0	1.54064	0	0	0	1.34585	0.79759	0	0.82858	12.85777	0	0	0	0	0	0	21.66143	0	0.14268	0	0	0	1.45031	3.12297	0	0	0	0	0	0	0.09302	2.77779	0.43368	0	0	0	0.12859	1.09555	2.68506	4.23422	0	0	3.29372	0	0	0	0.8529	0.11088	0	0	0.5426	0.4193	0	0	0	0.0937	0	0	6.13264	12.00692	0	0	0.1309	0.19999	0	1.11219	0	0	0	0	0	0	0	0	1.136	0	0	0	0	0	0	0	0	0	0	0	0	0	0	0	0.09035	0	0	0	0	0	1.98283	1.27874	3.06264	0	0	0	0	0.18347	0	0.46326	0	0	0.77839	0	0	3.07597	0.06975	7.39929	1.07628	0	0	0	0.03955	2.55203	0.27525	2.60762	0	0	0.95714	0.75899	0.66936	0	0	0	1.8164	0	0	0	0	0.26455	0	0	0	0	1.67084	2.02332	0.04327	0	0	0	1.7489	0.82796	0.46444	0	0	0	0	0.52695	0	1.23334	0	0	0	0.49791	0	0	4.60624	0	0	0	0	0	0	0	0.88605	1.74938	4.83801	0	0	1.21562	2.87643	0.88914	0	0	2.82846	2.16085	0	0	3.18227	0	5.65485	0	0.01708	0.70388	0	0.31147	0.1183	2.37545	0.18672	0	0.55228	0	0	0.67243	2.67337	4.81585	0	3.13672	0	0	0.4395	0	27.2983	0	0.93715	0.23775	0	9.28625	0	0	0	0	0	0	0	0	0	2.29644	7.37319	0.51564	0	3.48633	0	0.18481	0	0	0	0	0	0	0.9766	0	21.01776	0	0	0.00501	0.01312	0	0	0	0	0	0	3.07264	0.18029	0	1.89018	0	0.16202	0	0	0	0	0	0.53743	0	1.00424	0	0	0.56271	0	1.75385	1.45949	5.41752	0	0	0	0	0.75229	0.26106	0.24859	0	1.48541	0	0	0	0	2.0405	0.66396	1.617	2.49474	0	0.57649	0	0	8.64726	0	0	0.45174	0	0.76533	0	0	0	0.0457	0.02062	0	0	0	0.61888	0	0	0	0	0	1.10235	0	0	0	0	0	0	0	0	0.89677	0	0	1.13894	5.08734	0	1.21016	0	0	0	4.15618	0	0.23422	0	0	0	0.71818	0	0	0	0	0	6.89877	0.16674	0	0.88233	0	0	0	0	0	0	0	0.27759	0	0	0	0.82886	0	0	0	0	0	0	0	0	0	0	4.25232	0	2.67951	0	0	0	0	0.41058	0	0	0	0	0	0	0	0	0	0
"GGB3363_SGB4448"	0	0	0	0	0	0	0	0	0	0	0	0	0	0.35057	0	0	0	0	0	0	0	0	0	0	0	0	0	0	0	0.46337	0	2.46616	0	0	0	0	0	0	0.07063	0.01342	0.02658	0	0	0	0	0	0	0	0.23707	0	0	0	0	0	0	0	0	0	0	0	0	0	0	0	0.38025	0	0	0	0	0	0	0	0	0.02244	0.5846	0.00049	0	0	0	0	0	0	0	0	0	0	0	0	0	0	0	0	0	0	0	0	0	0	0	0	0	0	0.03798	0	0	0	0	0.3326	0	0	0	0	0	0	0	0	0	0	0	0	0	0	0	0	0	0	0	0	0	0	0	0	0	0	0	0	0	0	0	0	0	0	0	0.1474	0	0	0	0	0	0	0	0.29748	0	0	0	0	0	0	0	0	0	0	0.05045	0	0	0	0	0	0	0	0.03643	0	0	0	0	0	0	0	0	0	0	0	0	0	0	0	0	0	0	3.20445	0	0	0	0	0.08832	0	0	0	0	0	0	0	0	0	0	0	0	0	0	0	0	0	0	0	0	0	0	0	0	0	0	0	0	0	0	0	0	0	0	0	0	0	0	0	0	0	0.39265	0	0	0	0	0	0	0	0	0	0	0	0	0	0	0	0	0	0	0	0	0	0	0	0	0.33273	0	0	0	1.98755	0	0	0	0	0	0	0	0	0	0	0	0	0	0	0	0	0	0	0	0	0	0	0	0	0	0	0	0	0	0	0	1.12428	0	0	0	0	0	0	0	0	0	0	0	0	0	0	0	0	0	0	0	0.02431	1.361	0	0	0	0	0	0.03215	0	0	0	0	0	0	0	0	0	0	0.56881	0.0458	0	0	0	0	0	0	0	0	0	0	0	0	0	0	0	0	0	0	0	0	0	0	0	0.47081	0	0	0	0	0	0	0	0	0	0	0	0	0	0	0.04156	0	0	0	0	0	0	0	0.00165	0	0	0	0.00904	0	0	0	0	0	0	0	0	0	0	0	0	0	0	0	0	0	0	0	0	0	0	0	0	0	0	0	0	0	0	0	0	0	0	0	0	0	0	0	0	0
"Fusobacterium_mortiferum"	0	0	0	0	0	0	0	0	0	0	1.25282	0	0.05101	0	0	0	0	0	0	0	0	0	0	0.022	0	0	0	0	0.14519	0	0	0	0	0	0	0	0	0	0.10901	0.12053	0	0	0	0	0	0	0	0	0	0	0	0	0	0	0	0.17264	0	0	0	0	0	0.05795	0.05113	0	0	0	0	0	0	0	0	0	0	0.48139	1.3828	0.12327	0	0	0	0	0	0	0	0	0	0	0	0	0	0	0	0	4.26698	0	0	0	0	0	0	0	0	0	0	0	0	0	0	0	0	0	0.08731	0	0.73248	0	0	0	0	0	0	0.1954	0	0	0	0	0	0.33278	0	0	0	0	0	0	0	1.14841	1.24799	0	0	0	0	1.22304	0.45195	0	0.12309	0	0	0	0	0	0	0.25275	0	0	0	0	0	0.97974	0	0	0	0	0	0	0	0	0	0.03432	0	0	0	0	0	0	0	0	0	0	0	0	0	0	0	0	0	0	0	0	0	0	0	0	0	0	0	0	0	0	7.7424	0	0	0	0	0	0	0	0	0	0	0	0	0	0	0	0	0	0	0	0	0	0	0	0	0	0	0	0	0	0	0	0	0	0	0	0	0	0	0	0	0	0	0	0	0	0	0	0	0	0	0	0.20888	2.4336	0	0	4.6247	0	0	0	0.0535	0	0.65174	0	0	0	0	0	0	0	0	0	0	0	0	0	0	0	0	0	0	0	0	0	0	0	0.04477	0.0844	0	0	0	0	0	0.73974	0	0	0	0	3.8351	0	0	0	0	0	0	0	0	0	0	0	0	0.03148	0	0	0	0	0	0	0	0	0	0	0	0	1.5433	0	0	0	0	0	0	1.53365	0	1.62391	0	0.00285	0	0	0	0	22.10431	0	0	0	0	0	0	0	0	0	0	0	0	0	0	0	0.5557	0.0267	0	0	0	0	0	0	0	0	0	0	0	0	0	0	0	0	0	0	0	0	0	0	0	0	0	0	0	0	0	0	0	0	0	0	0	0	0.38697	0	0	0	0	0	0	0	0	0	0	0	1.08311	0	0	0	0	0	0	0	0	0	0	0	0	0	0	0	0	0	0	0	0	0	0	0	0	0	0
"Eisenbergiella_massiliensis"	0.00112	0	0	0	0	0	0.01204	0	0	0	0	0	0	0	0	0	0	0	0	0	0.022	0	0.01545	0	0	0	0	0	0	0	0	0	0	0	0	0	0	0	0.02523	0.0096	0.07681	0	0	0	0	0	4e-04	0	0.00163	0	0.00494	0	0	0	0	0	0	0	0	0.01137	0	0	0	0	0	0	0	0	0	0	0	0.05237	0	0.03642	0	0.00917	0	0	0	0	0	0	0	0	0	0	0	0.24575	0.00278	0	0.00136	0	0	0	0	0.95077	0.09983	0	0	0.06675	0.3564	0	0.03505	0	0	0.0395	0	0.00121	0	0.01224	0	0	0	0	0	0	0	3e-04	0.01044	0.00323	0	0.28877	0.45275	0	0	0	0.00768	0.02296	0	0.05294	0.0331	0	2.15813	0	0.08777	0	0	0.02902	0	0.07152	0	0	0	0	0	0	0	0	0	0	0	0	0	0	0	0	0	0.01158	0.01832	0	0	0.1834	0	0	0	0.56486	0.02021	0	0	0	0.012	0	0	0	0.02458	0	0	0	0	0	0	0	0.06834	0	0	0	0	0	0.25525	0.07265	0	0	0.14115	0	0.15502	0	0	0	0	0	0	0	0	0.18669	0	0.027	0.23335	0	0	0	0	0	0	0	0	0.00558	0	0	0	0	0	0	0	0	0	0	0	0	0	0	0	0	0	0	0	0	0.00068	0	0	0	0	0	0	0.01234	0	0.09561	0.01905	0	0	0	0	0.02502	0	0	0	0	0.01241	0	0.56243	0	0	0	0	0	0	0	0	0.00488	0	0	0	0.00355	0	0	0	0.0612	0	0.00564	0	0	0	0	0	0	0	0	0.0019	0.02165	0	0	0.00615	0.01271	0.07739	0	0	0	0	0	0	0	0.16463	0	0	0	0.0132	0	0	0	0	0	0	0.01469	0	0	0	0	0	0	0	0	0	0	0	0	0	0	0	0	0	0.64545	0	0	0	0	0	0	0	0	0	0	0	0	0	0	0	0	0.27548	0	0	0	0	0	0	0.00856	0	0	0.08274	0	0	0	0	0.12616	0	0	0	0.32227	0	0	1.77698	0	0	0.0885	0	0	0	0	0	0	0	0	0	0	0	0	0	0	0	0	0	0.13733	0	0	0	0	0	0.53286	0	0	0	0	0.00241	0	0	0	0	0	0.13994	0	0	0	0.54444	0	0	0	0.04279	0	0	0	0	0	0	0	0	0	0	0	0	0.19336	0
"Butyricimonas_faecihominis"	0	0	0	0	0	0	0	0	0	0	0	0	0	0	0	0	0	0	0	0	0	0	0	0.0242	0	0	0	0	0	0	0	0	0	0	0	0	0	0	0.02936	0.01295	0	0	0	0	0	0	0	0	0	0	0	0	0	0	0	0	0	0	0	0	0	0	0	0	0	0	0	0	0	0	0	0	0	0.01254	0	0.02902	0	0	0	0	0	0	0	0	0	0.3029	0	0	0	0	0	0	0	0.05014	0.06377	0	0	0	0	0	0	0	0	0	0	0	0	0	0	0	0	0	0	0	0	0	0	0	0	0	0	0	0	0	0	0	0	0	0	0	0	0	0	0	0	0	0	0	0	0	0	0	0	0	0	0	0	0	0.48355	0	0	0	0	0	0	0	0	0	0	0	0	0.18361	0	0	0	0	0	0	0	0	0	0	0	0	0	0	0	0	0	0	0	0	0	0	0	0	0	0	0	0	0	0	0	0	0	0.67298	0	0	0	0.65372	0	0	0	0	0.3072	0	0	0	0	0	0.17569	0	0	0	0	0	0	0	0	0	0	0	0	0	0	0	0	0.56203	0	0	0	0.0188	0	0.229	0	0	0	0	0	0	0	0.40395	0	0	0	0	0	0	0	0	0	0	0	0	0	0	0	0.08461	0	0	0	0	0	0	0	0	0	0	0	0	0	0	0	0	0	0	0	0	0	0	0	0	0	0	0	0	0	0	0	0	0	0	0	0	0	0	0	0	0	0	0	0	0	0	0	0	0	0	0	0	0	0	0	0	0	0	0	0	0	0	0	0	0	0	0	0	0	0	0	0	0	0	0	0	0	0	0	0	0	0	0	0	0	0.39449	0	0	0	0	0	0	0	0	0	0	0	0	0	0	0	0	0	0	0	0	0	0	0	0	0	0	0	0	0.62555	0	0.77446	0	0	0	0	0	0	0	0	0	0	0	0	0	0	0	0	0	0	0	0	0	0	0	0	0	0	0	0	0	0	0	0	0	0	0.5777	0	0	0	0	0	0	0	0	0	0	0	0	0	0	0	0	0	0	0
"Clostridia_bacterium_UC5_1_1C12"	0	0.0089	0	0	0	0	0	0	0	0	0	0	0	0	0	0.00271	0.00382	0	0	0	0.00295	0	0.01401	0	0	0	0	0	0.02587	0	0.00031	0	0	0	0	0	0	0	0.00988	0.00798	0.00106	0	0	0	0	0	0	0.0098	0	0	0	0.01942	0	0	0	0	0	0	0	0	0.02034	0	0	0	0	0	0	0.01724	0	0	0	0.05062	0	0.00068	0.00323	0.00743	0	0	0	0	0	0	0	0	0	0	0	0	0.01926	0	0	0	0.00287	0	0	0	0	0	0	0	0	0	0	0	0	0	0	0	0	0	0	0	0.00087	0.00176	0	0	0	0	0	0	0	0.00458	0.00106	0.01941	0	0	0	0	0	0	0	0	0	0	0	0.08088	0	0	0	0	0	0	0	0	0	0	0	0	0.03596	0.00239	0	0.00099	0	0	0	0	0	0	0.00206	0	0	0.00761	0.00067	0	0	0.02594	0	0	0	0	0	0	0.00115	0	0	0	0	0	0	0.00239	0	0	0	0.01031	0	0	0	0.00705	0	0	0	0	0.00647	0	0.01323	0	0	0	0.0039	0.00627	0	0	0	0	0	0	0.0252	0	0	0	0	0	0	0	0.01862	0	0	0	0	0	0	0	0	0.00561	0.001	0	0	0.04451	0	0	0	0	0	0	0	0	0	0	0	0	0	0	0	0	0	0	0	0	0	0	0	0	0	0	0	0	0	0	0.0072	0	0.01314	0	0	0	0.03325	0	0	0	0	0	0	0	0	0	0	0.00688	0.022	0.00836	0	0	0	0	0	0	0	0	0	0.00741	0	0.00713	0	0	0	0	0	0	0	0	0	0.00316	0	0	0.00104	0	0	0	0	0	0.00474	0	0	0.00389	0	0	0	0	0	0	0	0	0.00076	0	0	0	0.00453	0	0.01789	0	0	0	0	0	0	0	0	0	0	0	0	0	0.00872	0	0	0	0	0	0.01165	0.02276	0	0	0	0	0	0.04554	0.00229	0.01217	0.07597	0.01058	0	0	0.01922	0	0	0	0	0.01524	0	0	0	0.01691	0	0	0	0	0	0	0	0	0	0.02005	0	0	0	0	0	0	0	0	0	0.00884	0	0	0	0	0	0.00461	0	0	0	0	0	0	0	0	0	0.00401	0	0	0	0	0	0	0	0.0015	0.05787	0	0	0	0	0	0	0	0	0	0.00149	0	0	0	0.00594
"Erysipelotrichaceae_bacterium_3_1_53"	0	0	0	0	0	0	0	0	0	0	0	0	0	0	0	0	0	0	0	0	0	0	0	0	0	0	0	0	0	0	0	0	0	0	0	0	0	0	0.00087	0.00139	0.00298	0	0	0.00291	0	0	0	0	0	0	0	0	0	0	0	0	0	0	0	0	0.10936	0	0	0	0	0.15176	0	0	0.10632	0	0	0.03344	0.25057	0.02613	0	0.00082	0	0	0	0	0	0	0	0	0	0	0	0	0	0	0	0	0	0	0	0	0	0	0.01312	0.03266	0.26555	0	0	0.03498	0.00085	0	0	0	0	0	0	0	0	0	0	0	0.09874	0.00969	0	0	0	0	0	0	0	0	0.00757	0	0	0	0	0	0	0	0	0.10951	0	0	0	0.00655	0.01358	0	0.0074	0	0	0	0	0	0	0	0	0	0.00307	0	0.0066	0	0	0	0	0	0	0.00673	0	0	0.05872	0	0	0	0	0	0.00448	0	0	0	0	0	0	0	0	0	0	0	0	0	0.00423	0	0	0	0	0.01643	0	0	0.00204	0	0	0	0	0	0.0186	0	0	0	0	0.00335	0	0	0	0.00091	0	0	0	0	0	0	0	0	0	0	0	0.00653	0	0	0	0	0	0	0	0.12668	0	0	0	0	0	0	0	0	0	0	0	0	0	0	0	0	0	0.00731	0	0	0.03558	0.00464	0	0.07352	0	0.00173	0	0	0.01735	0	0.00058	0	0	0	0	0	0	0	0	0	0	0	0	0	0	0	0	0	0	0	0	0	0	0	0	0	0	0	0	0	0	0	0	0.00427	0.00616	0	0	0.03244	0	0	0	0	0	0	0	0	0	0	0	0	0	0	0.00385	0	0.11563	0	0	0	0	0	0	0	0	0	0	0	0	0	0	0.0755	0	0	0	0.0039	0	0.0069	0	0	0	0	0	0	0	0	0	0	0	0	0	0	0	0	0	0	0	0	0	0	0	0	0	0	0	0	0.02953	0	0	0	0	0	0.06001	0	0	0	0	0	0	0	0	0	0.0365	0	0	0	0	0	0	0	0	0	0	0	0	0	0	0	0	0.05771	0	0.17499	0	0	0.0143	0	0	0	0.00063	0	0	0	0	0	0	0.00153	0	0.39329	0	0	0	0	0	0	0	0	0	0	0	0	0.08139	0	0.00084
"Clostridium_sp_AF32_12BH"	0	0	0	0	0.03365	0	0	0	0	0	0.04648	0	0	0	0	0	0	0	0	0	0	0	0	0	0	0	0	0	0	0	0	0	0	0	0	0	0.01936	0	0	0	0	0	0	0	0	0	0	0	0	0	0	0	0	0	0	0	0	0	0	0	0	0.02711	0	0.00885	0	0	0	0	0	0	0	0	0	0.00171	0	0	0	0	0	0	0	0	0	0	0	0	0	0	0	0	0	0	0	0.01563	0	0	0	0	0	0	0	0	0	0	0	0	0	0	0	0	0	0	0	0	0	0	0	0	0	0	0	0	0	0	0	0	0	0	0	0.03701	0.0109	0	0	0	0	0	0	0	0	0	0	0	0	0	0	0	0	0	0	0	0	0	0	0	0	0.00424	0	0	0	0	0	0	0	0	0	0	0	0	0	0	0	0	0	0	0	0	0	0	0	0	0	0	0	0	0	0	0	0	0	0	0	0	0	0	0	0	0	0	0	0	0	0	0	0	0	0	0	0	0	0	0	0	0	0	0	0	0	0	0	0	0	0	0	0	0	0	0	0	0	0	0.00462	0.00118	0.00543	0	0	0	0	0	0	0	0	0	0	0	0.00256	0	0	0	0	0	0	0	0	0	0	0	0	0	0	0	0	0	0	0	0	0	0	0	0	0	0	0	0	0	0	0	0	0	0	0.02446	0	0	0	0	0.00735	0	0	0	0	0	0	0	0	0	0	0.01078	0	0	0	0	0	0	0	0	0	0	0	0	0	0	0	0	0	0	0	0	0	0	0	0	0	0	0	0	0	0	0	0	0	0	0	0.0894	0	0	0	0	0	0	0	0	0	0	0	0	0	0.02403	0	0	0	0	0	0	0.01528	0	0	0	0	0	0	0	0	0	0	0	0	0	0	0	0	0	0	0	0	0	0	0	0	0	0	0	0	0	0	0.01058	0	0	0	0	0	0	0	0	0	0.15484	0	0	0	0	0	0	0	0	0	0	0	0	0	0	0	0	0	0	0	0	0	0	0	0	0	0	0	0	0	0	0	0	0	0	0
"Barnesiella_intestinihominis"	0	0	0	0	0	0	0	0	0	0	0	0	0	0	0	0	0	0	0	0	0	0	0	0	0	0	0	0	0.89959	2.01043	0	0	0	0	0.95675	0	0	0	0.14617	0	0.30184	0	0	0	0	0	0	0	0	0	0	0	0	0	0	0	0	0	0	0	0	0	0	0	0	0	0	0	0	0	0.20542	0	0	0.0055	0.05265	0.07064	0	0	0	0	0	0	0	0	0	0	0	0	1.88517	0	0	0	0	0.05064	0	0	0	0	0.35109	0	0	0	0	0	0	0.62037	0.55512	0	0	0	0	0	0	0	1.22254	2.6375	0	0	0	0	0	0	0	0	0.45927	0	0	0	0	0	0	0	0	0	0	0	0	0	0	0	0	0	0	0	0	0	0	0	0	0	0	0	0	0	0	0	0	0	0	0	0	0	0	0	0.43311	0.17765	0	0	0	0	0	0	0	0	0	0	0	0	0	0	0	0	0	0	0	0	0	0	0	0	0.37499	0	0	0	0	0	0	0	0	0	0	0	0	0	0	0	0	0.35328	0.16296	0	0	0	0	0	0	0.63784	0	0	0.01597	0	0	0	0	0	0	0	0	0.9168	0	1.12173	0.01741	0.05767	0	0	0	0.13723	0	0	0	0	0	0	0	0	0	0	0	0	0	0.13549	0	0	0	0	0.27668	0	0	0	0	0	0	0	0	0	0	0	0	0	0	0	0	0	0	0	0	0	0	0	0	0	0	0	0	0	0.07913	0.15536	0	0	0	0	0	0	0	0	0	0	0	0	0	0	1.35973	0	0	0	0	0	0	0	0	0	0	0	1.49503	0	0	0	0	0	0	0	0	0	0	0	0	0	0	0	0	0	0	0	0	0	0	0	0	0	0	0	0	0	0	0	0	0	0	0	0	0	0	0.29782	0	0	0	0	0	0	0	0	0	0	0	0	0	0	0	0	0	0	0	0	0	0	1.37832	0	0	0	0	0	0	0	0	0	0	0	0	0	0	0	0	0	0	0	0	0	0	0	0	0	0	0	0	0	0	0	0	0	1.12887	0	0	0	0	0	0	0	0	0	0	0	0	0	0	0	0	0	0	0	0
"Ruminococcus_sp_BSD2780120874_150323_B10"	0	0	7.17959	0	0	0	0	0	0	0	0	0	0	0	5.55487	0	0	0	0	0	0	0	0	0	0	0	0	0	0	0	0	0	0	0	0.43966	0	0	0	0	0.12408	0	0	0	2.21549	0	0	0	0	0.42032	1.2761	0	0	0	0	0	0	0	0	0	0	0	0	0	0	0	0	0	0	0	0	0	0	0	1.19592	0	0	0	0	0	0	0	0	0	0	0	0	0	0	0	0	0	0	0	0	0	5.50556	0	0	0	0	1.8396	0	0	15.49219	0	0	0	0	0	0	0	0	0	0	0	0	0	0	0	0	0	0	0	0	3.19674	0	0	0	0	0	0	0	0	0	0	0	0	0	0	0	0	0	0	0	0	0	0	0	0	0	0	0	0	0	0	0	0	2.41738	0	0	0	0	0	0	0	0	0	0	0	0	0	0	0.29503	0	0	0	0	0	0	0	0	0	0	0	7.66403	0	0	0	0	0	0	0.60521	0	0	0	0	0	0	0	0	0	0	0	0	0	0	0	6.53364	0	0	0	0	0	0	0	0	4.7155	0	0	0	0	0	0	0	0	0	0	0	0	0	0	0	0	0	0	3.5546	0	0	0	0	0	0	0	0	0	0	0	0	0	0	0	0	0	0	0	0	0	0	0	0	0	0	0	0	0	0	0	0	0	0	0	0	0	0	0	0	0	4.59448	0	0	0	0	0	0	0	0	0	0	0	0	0	0	0	0	0	0	0	0	0	0	0	0	0	0	12.05195	4.69984	0	0	0	0	0	0	0	0	0	0	1.17314	0	0	0	0	0	0	0	0	0	0	0	0	0	0	1.65732	0	0	0	1.14807	0	0	1.29669	0	0	0	0	0	0	0	0	0	0	0	0	0	0	0	0	0	0	0	0	0	0	0	0	0	5.56173	0	0	0	0	0	0	0	17.37227	0	0	0	0	0	0	0	0	0	0	0	0	0	0	0	6.0713	0	0	0	0	7.53289	0	0	0	0	0	0	0	0	0	0	0	0	0	0	0	0	0	0	0	0	0	0	4.32386	0	2.79567	0	0	0	0	0	0	0	0	0	0
"Megamonas_funiformis"	0	0	0	0	8.08581	18.84536	0.01908	0	0	0	0	3.19731	0	0	0	0	0	0	0	0	6.4119	0	0	0.1007	0	0	0	0	0	0.11122	0	0	0	0	3.03614	0.02068	1.88027	0	0.80244	0.03638	0.07826	0	0	0	2.92525	0	0	0	0	0	0	0	0	0	0	0	4.96038	16.80958	0	0	0	4.90409	0	0	0	0	0	0	0	4.14717	0	0	0.14518	0	0.37233	0.61272	0	5.25772	0	0	0	0	0	0	0	0	0	0	0	0	0	0	0	0	0	0	0	0	3.2887	0	0	0	0	0	0	0.72347	0.01478	0	0	0	0	0	3.63531	0.28356	0	0	0	0	0	0	0	0	0	0	0	0	0	0	0	0	0	0	0	0	0	0	0	0	0	0	0	0	0	0	0	0	0	0	0.25659	0	0	0.18656	0	0	0	0	0	0	0	0	0	0	0	0	0	0.03032	0	5.50166	0	0	0.07994	0.36668	0	0	0	0	0	0	5.97295	0	0	0	0	0	0	0	4.83755	0	0	0	0	0	0	0	0	0	0.00376	0	1.26713	1.20074	0	0	0	0	0	0	0	0	0	0	2.3338	0	0	0.89603	0	0	0	0	0	0	0	0	0	8.09109	0	0	0	0	0	0	1.15858	3.79827	0	0	0.04648	1.39727	0	0	0	0	0	0	0	0	0.59518	5.80656	0	2.53066	0	0	0	0	2.01081	0	0	0	0	0.56081	0	0	0	0	0.27854	8.69807	0	0	0	0.07686	2.87552	0	0	0.11321	0	0	0	0	0	0	11.77816	0	0	0	0	0	0	9.31861	5.04694	5.20528	0	0	0	0	0	3.35756	15.48541	0	0.18208	0	0	0	0	0	2.16009	3.58539	0	0	0	0	0	0	0	3.82616	0	0	0	0	0	1.28228	0	0.37943	1.75761	0	0	1.42475	0	0	0	0	2.56588	0	0	0.0042	0	0	0	0.77247	0	0	0	0	0	0	0	0.12359	0	0	0	0	0	0	26.68008	0	0	2.71597	0	0	0	0	0	0	0	0	0	0	0	0	0	0	0	0	0	5.49089	0	0.60624	0	0	0	0	0	0	0	0	0	0.69759	0	0	0.03442	0	0	0	0	0	0	0	0	0	0	0	0	0	0	0	0	0	0	0	0	0	0	0.14769	0	3.61396	0	0	0	0	0	0	0	0	0	0	0	0	0	5.47029	0	0	0
"Clostridium_sp_AM49_4BH"	0	0	0.03354	0	0	0	0	0	0	0	0	0.00516	0	0	0	0	0	0	0.00165	0	0	0	0	0	0	0	0.14873	0	0.20271	0.0214	0	0	0.00569	0.30088	0	0	0.56657	0.10876	0.00066	0.0148	0.01833	0	0	0	0	0	0	0	0.78966	0.49806	0	0	0	0	0	0	0	0	0	0	0	0	0	0.01325	0	0.03419	0.22506	0	0	0	0	0	0	0.023	0	0.01671	0	1.42393	0	0	0	0	0	0.04007	0	0.00682	0	0	0	0.0552	0	0	0	0.1009	0.1415	0	0	0	0.56032	0	0	0	0	0	0	0	0	0	0	0	0	0	0	0.43038	0.23174	0	0	0	0	0	0.3012	0	0	0	1.56038	0	0	0	0	0	0	0	0	0	0	0	0	0	0	0.21972	0	0	0	0	0	0	0	0	0.14975	0	0	0	0	0	0	0	0.00804	0.09144	0	0	0	0	0	0.01351	0	0	0	0.02887	0	0.56166	0	0	0	0.0141	0	0	0	0	0	0	0	0	0	0.3648	0.08464	0	0	0	0	0	0.00652	0	0	0	0	0	0	0	0	0	0	0.16925	0.11194	0	0	0	0	0	0	0.00818	0	0	0	0	0	0.6357	0	0	0	0	0	0	0	0	0	0	0	0	0	0.00914	0.07688	0	0	0	0.01743	0.08898	0.3068	0	0	0	0	0	0	0	0.30747	0	0.14497	0	0.03434	0	0	0	0	0	0	0	0.17967	0.16148	0	0	0	0	0	0	0	0	0	0	0	0	0.06873	0	0	0.00902	0	0	0	0	0	0.61227	0.0011	0.03101	0	0.05007	0	0	0	0	0.01096	0.18047	0	0	0.03162	0	0	0	0.17726	0.25654	0	0	0	0	0	0	0	0.21355	0.3093	0	0	0	0	0	0	0	0	0	0	0	0	0.21938	0	0	0	0.18337	0	0	0	0	0	0	0	0.12028	0	0.36044	0	0	0	0.84217	0	0	0	0	0	0.18501	0	0	0	0	0	0	0	0	0	0	0	0	0	0.02716	0	0.08892	0	0	0	0	0	0	0	0	0	0	0	0	0	0	0	0	0.88321	0	0	0	0	0	0	0	0	0.20609	0	0.47361	0.0155	0	0	0	0	0	0	0	0	0	0	0	0	0	0	0	0	0	0	0	0	0	0	0	0	0	0	0	0.00535	0	0	0	0	0	0	0	0	0	0	0	0
"Roseburia_sp_AM23_20"	0	0	0	0	0	0	0	0	0	1.51442	0	0	0	0	0	0	0	0	0	0	0	0	0	0	0	0	0	0	0	0	0	0	0	0	0	0	0	0	0	0	0	0	0	0	0	0	0	0	0	0	0	0	0	0	0	0	0	0	0	0	0	0	0	0	0	0	0	0	0	0	0	0	0	0.48045	0.0305	0.40612	0	0	0	0	0	0	0	0	0	0	0	0	0	0	6.39611	0	0	0	0	0	0	0	0	3.48645	0	0	0	0	0	0	0	0	0	0	0	0	0	0	0	0	0	0	0	0	0	0	0	0	0	0	0	0	0	0	0	0	0	0	0	0	0	0	0	3.78048	0	0	0.60615	0	0	0	0	0	0.00272	0	0	0	3.3876	0	0	0	0	0.24457	0	0	0	0	0	0	0	0	0	0.21905	0	0	0	0	0	0	0	0	0	0	0	0	0	0	0	0	0	0	0	0	0	0	0	0	0	0	0	0	0	0	0	0	0	0	0	0	0.01764	0	0	0	0	0	0	0.42353	0	0.02578	0	0	0	0	0	0	0	0	0	0	0	0	0	0	0	0	0	0	0	0	0	0	0	0	0	0	0	0	0	0	0	0	0	0	0.45429	0	0	0	0	0	0	0	0	0	0	0	0	0	0	0	0	0	0	0	0	0	0	0	0	0.00393	0	0	0	0	0	0	0	0	0	2.31193	0.03942	0	0	0	0	0	0	0	0	0	0	0	0	0	0	0	0	0	0.00322	0	0	0	0	0	0	0	0	0	0	0	0	0	0	0	0	0	0	0	0	0	0	0	0	0	0	0	0	0	0	0	0	0	0	0	0	0	0	0.89557	0	0	0	0	8.39003	0	0	0	0	0	0	0	0	0	0	0	0	0	0	0	0	0	0	0	0	0	0	0	0	0	0	0	0	0	0	0	0	0	0	0	0	0	0	0	0	0	0	0	0	0	0.60392	0	0	0	0.27946	0	0	0	0.0366	0	0	0	0	0	0	13.63197	0	0	0	0	0.42248	0	0	0	0	0	0	0	0	0	0	0	0.00484	0	0	0	0
"Clostridium_sp_AF20_17LB"	0	0	0.05163	0.03096	0	0	0	0	0	0	0.10626	0.07432	0	0	0	0	0	0	0.25629	0.0831	0	0	0.29824	0.02017	0	0	0.03437	0	0	0.00735	0	0	0.76101	0	0	0	0.46321	0.20104	0.00841	0.04197	0.19245	0	0	0	0	0	0	0	0.05783	0	0.07343	0	0	0	0	0.00936	0.01913	0	0	0	0	0	0	0	0	0	0	0	1.23149	0.4632	0	0.50073	0.23417	0.02167	0.00264	0.10399	0	0	0	0	0	0	0	0	0	0.08732	0	0	0	0	0.12316	0	0	0.17648	0	0	0	0.30361	0.13216	0	0	0.10938	0.10146	0.03777	0	0	0.01589	0	0	0	0.00258	0	0	0	0	0	0	0	0	0	0	0.30061	0	0	0	0	0	0	0	0	0	0	0	0	0	0	0.01855	0.67626	0.18784	0	0	0	0	0	0	0	0.5165	0	0	0	0	0	0.41866	0.57683	0	0.04844	0	0	0.0398	0	0	0	0.22828	0.02262	0.0016	0	0	0.01823	0	0	0	0.14299	0.15261	0	0	0	0	0	0	0.12963	0.93205	0	0.54827	0	0.00513	0.06024	0.13405	0.09555	0	0	0	0.02472	0.00766	0	0	0	0	0	0	0	0	0	0	0.21411	0	0	0.03496	0	0.05983	0	0.00134	0	0	0.01596	0	0	0	0	0	0	1.01654	0	0	0	0	0	0	0	0.31978	0	0.06057	0	0.01723	0	0	0.04484	0	0	0	0	0	0	0.33761	0	0.00967	0.24878	0.10567	0	0	0.19036	0	0	0.04024	0.30955	0	0.3692	0	0	0	0	0	0	0	0.00894	0	0.79967	0.03871	0	0.03141	0	0	0	0.04107	0.0175	0.87017	0	0	0	0.01036	0	0	0	0	0	0.00058	0.00568	0	0	0.1723	0	0	0	0.06151	0.08952	0	0	0	0	0.40871	0	0	0	0.04104	0.01797	0.02015	0	0	0	0.43881	0	0	0	0	0	0	0	0.03519	0.08124	0	0	0	0.06197	0.73442	0	0	0	0	0	0	0	0	0.00849	0.13579	0	0	0	0	0.01411	0	0.08042	0	0	0	0	0	0	0.11738	0	0.03214	0	0	0.55257	0.54134	0	0	0.00165	0	0	0	0	0	0	0	0	0.1633	0	0.13659	0.08114	0	0	0	0	0	0	0	0	0.14727	0.35453	0	0	0	0	0	0.01981	0	0.01906	0	0	0	0	0	0	0.11385	0	0	0	0	1.02582	0.80598	0	0	0	0	0	0.01705	0.17967	0	0	0	0	0	0	0.00519	0	0.0076	0	0	0	0	0	0	0.76672	0	0	0	0	0	0	0
"Collinsella_SGB14861"	0	0	0.24489	0	0	0	0	0	0	0	0	0	0	0	0	0	0	0	0	0.97558	0	0	0	0.35943	0	0	0	0	0	0	0	0	0.29126	0.04191	0.05147	0	0	0	0	0.03683	0.06836	0	0	0	0.69833	0	0	0	0.38157	0.43184	0	0	0	0	0	0	0	0	0	0	0	0.05259	0	0	0	0	0	0	0	0	0.42266	0	0	0.04329	0	0.10769	0	0	0	0	0	0	0	0	0	0	0	0	0.29402	0	0	0	0	0.38625	0	0	0	0.09243	0.1624	0	0	0	0	0	0.01018	0	0	0	0	0	0	0	0	0	0	0	0	0	0	0	0	0	0	0	0	0	0	0	0	0	0	0	0	0	0	0	0	0	0	0	0	0	0	0	0	0	0	0	2.31919	0	0	0	0	0	0	0	0	0	0	2.67549	0	0	0	0.6906	0.88462	0	0	0	0	0	0	0	0	0	0	0	0	0	0	0	0	0	0	0	0	0	0.79357	0.77144	0	0	0	8.42292	0	0	0	0	0.00417	0	0	0	0	0	0	0	0	0.39177	0	0	0	0	2.50745	0	0	0.21552	0.97387	0	0	0	0	0	0	0	0	5.96635	0	0	0	0	0	0	0	0.40272	0	0	0	0	0	0	0	0	0	0	0	13.96969	0	0	0.28247	0	0	0.21915	0	0	0	0	0	0	0	0	0	0	0	0	0.02336	0	0	0	0	0	0	0	0	0	0.51874	0.92047	0	0	0	0	0	0	0	0	0	0.00645	0.00678	0	0	0.59076	0	0	0	1.41626	1.52269	0	0	0	0	0	0	0	0	0	0	0	0	0	0	0	1.18142	0	0	0	0.53375	0	0	0	0	1.32457	0	0	0	0	0	0	0	0	0	0	0	0.82622	0	0.479	0	0.34564	0	0	0	0	0.44744	1.82948	0	0.22232	0	0	0	0	0	0	0.21256	0	0	0	0	0	0	0.24326	0	0	0	0	0	0	0	0	0	0	0	0	0	0	0	0	0	0.74866	0	0	0.66147	0.50607	0	0	0	0	0	0	0.578	0	0	0	0.61746	0	0	0	0	0	0	0	0	0	0	0	0	0	0	0	0	0	0	0	0	0	0	0	0	0	0	0	0	0	0	0	0	0	0	0	0	0	0	0	0
"Eubacterium_siraeum"	0	0	0	0.96194	0	0	0.12269	0	0	0	0	0	0	0	0	0	0	0	0.05132	0.02854	0	0	0	0	0	0	0.17234	0	0	0.06816	0	0	0	0	0	0	0	0	1.67878	0	0.03632	0	0	0	0	0	0	0	0.49763	0	0	0	0.00729	0	0	0	0	0	0	0	0	0	0	7.19844	0.00465	0	0	0	0	0	0	0	0	0	0.18178	0.18587	0	0	0	0	1.20495	0	0	0	0	0	0	0	0	0	0	0	0	0	0	0	0	0	0	0	0	0	0	0	0	0	0	0.47575	0	0	0	0	0	0	0	0	0	0	0	0	0	0	0	0	0	0	0.28287	0	0	0	0	0	0	0	0	0	0	0	0	0	0	0	0.97455	0	0	0	0	0	0	0	0	0	0	0	0	0	0	0.36136	0	0	0	0.20664	0	0.00052	0	0	0	0	0	1.87943	0	0.00792	0	0	0	0	0	0.0968	0	0	0	0	0	0	0	0	0	0	0	0	0	0	0	0	0	0	0	0	0	0	0	0	0.03135	0	0	0	0	0.00299	0	0	0.01137	0.01943	0	0	0	0	0	0	0.02358	0	0	0	0	0	0	0	0	0	0	0.02189	0.03689	0.01374	0.02418	0.19206	0	0.00663	1.96512	0	0	0	0	0	0	0	0.36697	0	0	0	0	0	0	0	0	0	0	0	0	0.02131	0	0	0	0	0	0	0	0	0	0	0	0	0	0	0	0	0	0	0	0	0	6.60127	0	0	0	0	0	0	0	0	0	0	0	0	0	0	0	0	0	0	0	0	0	0	0	0.02183	0	0	0	0	0	0	0	0	0.03914	0	0	0	0	0	0	0	0	0.13686	0	0	0	0	0	0	0	1.36955	0	0.18542	0	3.96745	0	0.74546	0	0	0	0	0	0	0	0	0	0	0	0	0.0192	0	0	0	0	0	0	0	0	0	0	0.01793	0	0	0	0	0	0	0.01243	0	0	0	0	0	0	0	0	0	7.22625	0	0	0	0	0	0	0	0	0.01027	0	1.0622	0.04135	0	0	0	0	0	0	0	0	0	0	0	0	0	0	0	0	0	0	0.39571	0	0	0	0	0.19568	0	0.14439	0	0	0	0	0	0	0	0	0	0	0	0	0	0
"Lachnospiraceae_bacterium_AM48_27BH"	0	0.01402	0	0	0	0	0	0.14527	0	0	0	0.37167	0	0	0	0	0	0	0	0	0	0	0	0.06197	0.1029	0	0.16601	0	0	0	0.00067	0	0	0	0.101	0	0.41351	0	0	0.01381	0.07684	0	0	0.07997	0	0	0	0	0.02481	0.04456	0.09262	0	0	0	0	0.05705	0.0186	0	0	0	0	0.05276	0.05312	0.04439	0.0066	0	0	0	0	0	0	0.02762	0	0.03438	0.01348	0.0104	0	0	0	0	0	0	0	0	0	0	0	0	0	0	0.03027	0	0	0.2591	0	0	0	0	0	0	0	0	0	0	0	0	0	0.16249	0.30616	0	0	0	0	0	0	0	0	0	0	0	0	0	0	0	0	0	0.01158	0	0	0.12066	0.02482	0	0	0	0	0	0	0	0	0.54331	0	0	0	0	0	0	0	0	0	0.0027	0	0	0	0	0	0	0	0	0.24764	0	0	0	0.27045	0.0287	0	0	0	0.07674	0.07856	0.04084	0.08156	0	0	0.02347	0	0	0	0	0	0	0	0	0	0	0	0	0	0	0	0	0	0.09732	0	0	0	0	0	0	0	0.13973	0	0.02483	0	0	0	0	0	0	0	0	0	0	0	0.36644	0	0	0	0.12336	0.12597	0	0	0	0	0.09732	0	0	0	0	0	0.08336	0.05182	0.0497	0	0	0	0.03157	0	0	0	0	0	0	0.40061	0.0093	0.10037	0	0	0	0.16351	0.18741	0	0	0	0	0	0	0	0	0	0	0	0	0	0	0	0	0	0	0	0	0	0	0.15476	0.19408	0	0	0	0	0	0.15713	0	0	0.0453	0	0.04216	0.0222	0	0.66912	0	0.06131	0	0	0	0	0	0	0.09855	0	0	0.02968	0	0.05339	0	0.04966	0	0	0	0	0	0	0	0	0	0	0	0	0.12702	0	0.10553	0.00966	0	0	0	0	0	0	0	0	0	0	0	0.07291	0	0	0.0301	0.18249	0	0	0.04809	0.07875	0	0	0	0.09968	0	0	0	0	0	0	0	0	0	0	0	0	0	0	0	0	0	0	0	0	0	0	0	0.11023	0	0	0	0	0	0	0	0	0.1153	0.01455	0	0	0	0	0.27217	0.03354	0	0	0	0	0.11578	0	0.01089	0	0.17919	0	0.18751	0	0	0	0	0	0	0	0	0	0	0	0	0	0	0	0	0	0	0	0	0	0	0	0	0	0	0	0.07149	0	0	0	0	0	0
"Mediterraneibacter_butyricigenes"	0	0	0	0	0	0	0	0	0	0	0	0.00617	0	0	0	0	0	0	0	0	0	0	0	0	0.00431	0	0.01505	0	0	0	0	0	0	0	0	0	0.0048	0.01283	0	0.00366	0.00153	0	0	0	0	0	0	0	0.01022	0	0.00414	0	0	0	0	0	0	0	0	0	0	0	0	0	0	0	0	0	0	0	0	0	0	0	0.00017	0.00252	0	0	0	0	0.00429	0	0	0	0	0	0	0	0	0	0	0	0	0	0	0	0	0	0.00278	0	0	0	0	0	0	0	0	0	0	0	0	0	0	0	0	0	0	0	0	0	0	0	0	0	0	0	0	0	0	0	0	0	0	0	0	0	0	0	0	0	0	0.01899	0	0	0	0	0	0	0	0	0	0	0	0	0	0	0	0.03106	0	0.01755	0	0	0	0	0.01537	0	0	0.00385	0.00978	0.02929	0.02493	0	0	0	0	0	0	0	0	0	0	0	0	0	0	0	0	0	0	0	0.05399	0	0	0	0	0	0	0	0	0	0	0	0	0	0	0	0	0	0	0.21653	0	0	0	0.02549	0.0117	0	0	0	0	0	0	0	0	0	0	0	0	0	0	0	0	0	0.04043	0.0164	0	0.00234	0.00226	0	0	0	0	0	0	0	0	0	0	0	0	0	0	0	0	0	0	0	0	0.00374	0	0	0	0	0	0	0	0	0	0	0.00243	0	0	0	0	0.00836	0	0	0	0	0	0	0	0	0	0	0.00146	0.00432	0	0	0	0	0	0	0	0	0	0	0	0	0	0	0	0.00121	0	0.00186	0	0	0	0	0	0	0	0	0	0	0	0	0	0	0	0	0	0	0	0	0	0	0	0	0.03158	0	0	0.01894	0	0	0.00959	0.01062	0	0	0.00656	0.00139	0	0	0	0	0	0	0	0	0	0	0	0	0	0	0.00657	0	0	0	0	0	0	0	0	0	0	0.00593	0	0	0	0	0	0	0	0.00539	0	0	0	0	0	0	0	0	0	0	0.04243	0	0.0115	0	0	0	0	0	0	0	0	0	0	0	0	0	0	0	0	0	0	0.0072	0	0	0	0	0	0	0	0	0	0	0	0	0.00622	0	0	0	0	0	0	0.00045	0	0	0
"Mediterraneibacter_sp_gm002"	0	0	0	0	0	0	0	0	0	0	0	0	0	0	0	0	0	0	0	0	0	0	0.11886	0.02915	0.08858	0	0	0	0	0	0	0	0	0	0	0	0.21268	0.02112	0	0	0.00723	0	0	0	0	0	0	0	0.00724	0	0	0	0	0	0	0	0	0	0	0	0	0	0	0	0	0	0	0	0	0	0	0	0	0.00899	0	0	0.02616	0	0	0	0	0	0	0	0	0	0	0	0	0.08308	0.01138	0	0	0.08795	0	0	0	0	0	0	0	0	0	0	0	0	0	0	0	0	0	0	0	0	0.01517	0	0	0	0	0	0	0	0	0	0	0	0	0	0	0	0	0	0	0	0	0	0	0	0	0.04053	0.01274	0	0	0	0	0	0	0	0	0	0	0	0	0	0	0	0	0	0	0	0	0	0	0.03326	0	0	0	0	0	0	0	0	0	0	0	0	0	0	0	0	0	0	0	0	0	0	0	0	0	0	0	0.13001	0	0	0	0	0	0	0	0	0	0	0.03733	0	0	0	0	0	0	0	0	0	0	0	0	0	0	0	0	0	0	0	0	0	0	0	0	0	0	0	0	0	0	0	0	0	0	0	0	0	0.06654	0	0	0	0	0	0	0	0	0	0	0	0	0	0	0	0	0	0	0	0	0	0	0	0	0	0	0	0	0	0	0	0	0	0	0	0	0	0	0	0	0	0	0	0	0	0	0	0	0.01123	0	0	0	0	0	0	0	0	0	0	0	0	0	0.00575	0	0	0	0	0	0	0	0	0	0	0	0	0	0	0	0	0.14368	0	0	0	0	0	0	0	0	0	0	0	0	0.31318	0	0	0	0	0	0	0	0	0	0	0	0	0	0	0	0.00137	0	0	0	0	0	0	0	0	0	0	0	0	0	0	0	0	0	0	0	0	0	0	0	0.01862	0	0	0	0	0	0	0	0	0	0	0	0	0	0	0	0	0	0	0.02925	0	0	0	0	0	0	0	0	0	0	0	0	0.22936	0	0.42948	0	0	0	0	0	0	0	0	0.03347	0	0.51837	0.05312	0	0	0	0	0.15376	0	1.01533	0	0
"GGB3363_SGB4447"	0	0	0	0	0	0	0.01725	0	0	0	0	0	0	0	0	0	0	0	0	0	0	0	0	0	0.00751	0	0	0	0	0	0	0	0	0	0	0	0	0	0	0.07255	0.02644	0	0	0	0	0	0	0	0	0	0	0	0	0	0	0	0	0	0	0	0	0	0	0	0	0	0.05521	0	0	0	0	0	0	0	0.06505	0.04345	0	0	0	0	0	0	0	0	0	0	0	0	0	0	0	0	0	0	0	0	0	0	0	0	0	0	0	0	0	0	0	0	0	0	0	0	0	0	0	0.53051	0	0	0	0.17738	0	0	0	0	0	0	0	0	0	0	0	0	1.09789	2.672	0.02257	0.02961	0	0	0	0	0	0	0	0	0	0	0	0	0	0	0	0	0	0	0	0	0	0.13529	0	0	0	0	0	0	0	0	0	0	0.12023	0	0	0	0	0.03055	0	0	0	0	0	0	0	0.58771	0	0	0	0.582	0	0	0	0	0	0	0	0	0	0.31885	0	0	0	0	0	0.07502	0	0	0	0	0	0	0	0	0.1796	0	0	0	0	0	0	0	0	0	0	0	0	0	0	0	0	0	0	0	0.11956	0	0	0	0.05655	0	0	0	1.14403	0	0	0	0	0	0	0	0	0	0	0	0	0	0	0	0	0	0.34803	0	0	0	0.43193	0	0	0.20109	0.00138	0	0	0	0.07846	0	0	0	0	0.00384	0	0	0	0	0.64863	0	0	0	0	0	0	0	0	0	0	0	0	0	0	0.04019	0	0	0	0	2.18719	0	0	0	0.09665	0.60264	0	0	0	0	0	0	0	0	0	0	0	0	0	0	0	0	0	0	0	0	0	0	0	0	0	0	0	0	0	0	0	0	0	0	0	0	0	0	0	0	0	0	0	0	0	0	0	0	0	0	0	0	0	0	0	0	0	0	0	0	0.01676	0	0	0	0	0	0	0	0	0	0	0	1.2393	0	0	0	0	0	0	0	0	0	0	0	0.08413	0	0	0	0	0	0	0	0	0	0	0	0	0	0	0	0	0	0	0	0	0	0	0	0	0	0	0	0	0	0	0	0	0	0	0	0	0	0	0	0
"GGB9619_SGB15067"	0	0	0.05622	0.15231	0	0	0.01046	0.03843	0.01138	0	0	0	0	0	0	0.00991	0	0	0.04911	0.01434	0	0	0	0	0.01303	0	0	0	0.07516	0.06434	0.03443	0	0.0119	0.02131	0.01369	0	0	0.07384	0.01775	0.05315	0.00072	0	0	0.01263	0	0	0	0.32467	0	0	0.01862	0	0.0457	0	0	0	0.00304	0	0	0.018	0	0	0	0.03938	0.02543	0.00323	0.06925	0	0	0	0	0	0	0.02928	0.00157	0.01007	0	0	0	0	0	0.08576	0.00238	0	0	0.04885	0	0	0	0	0.0013	0	0	0	0	0	0	0	0.01858	0.0685	0.06122	0	0.00233	0	0	0	0.00104	0	0	0	0	0	0	0.03944	0.08148	0	0	0.00684	0	0	0.10558	0	0.07627	0	0	0.09739	0	0	0	0.02107	0.00652	0	0	0	0	0	0	0.01155	0	0	0	0	0.02589	0	0	0	0.03104	0	0.0029	0	0	0	0	0	0	0	0.02535	0	0.05012	0.00487	0.05832	0.05641	0.01425	0.01042	0	0	0	0.00722	0.03244	0.01754	0	0.08765	0	0.08316	0	0	0	0.01423	0.0825	0	0	0.0121	0	0	0	0	0.02543	0	0	0	0	0.04052	0	0	0	0.01358	0	0	0	0.01991	0	0.07116	0	0	0	0.00879	0.01132	0.02467	0	0.02224	0.04879	0.0064	0	0	0.01071	0	0	0	0.03198	0.00785	0.04615	0	0	0	0.00303	0	0	0	0	0.01149	0	0	0.00845	0	0.04988	0.04755	0.0452	0	0	0	0	0.00343	0.10864	0	0	0	0	0.0318	0	0.03491	0	0	0	0.04586	0	0	0.02807	0.01832	0	0	0.05465	0	0	0	0	0	0.01465	0	0	0	0	0.03598	0.04391	0	0	0.047	0.00468	0.08738	0	0.07286	0	0	0	0.03225	0	0	0	0	0	0.0287	0.08704	0.02982	0.00052	0	0	0	0.06214	0	0	0	0	0	0.01655	0	0.03998	0.01727	0	0	0.03778	0	0.05894	0.16314	0	0	0	0	0.09316	0.06395	0	0.03047	0	0	0	0.00037	0	0	0.11025	0	0	0.12249	0	0	0	0.12864	0.01163	0.01016	0	0.0318	0	0.06234	0	0	0	0.13066	0	0.03249	0.01647	0	0.0152	0.00356	0	0	0	0	0	0	0.08213	0.07309	0.0591	0.01977	0	0	0	0.08148	0.01827	0	0.04701	0	0	0.0904	0.02443	0	0	0	0	0	0.01941	0	0	0	0	0	0	0.03492	0.00098	0.00682	0	0.026	0.03215	0	0	0	0	0.02977	0.01729	0.0421	0	0	0	0	0.01605	0	0	0	0	0.00703	0	0.00096	0.00249	0	0	0.025	0	0	0	0	0.0708	0	0	0	0	0	0.04574	0	0	0	0	0	0.09152
"Roseburia_sp_AM16_25"	0	0	0	0	0	0	0	0	0	0	0	0	0	0	0	0	0	0	0	0	0	0	0	0	0	0	0	0	0	0	0	0	0	0	0.03521	0	0	0	0.00066	0.00219	0	0	0	0	0	0	0	0	0	0	0	0	0	0	0	0	0	0	0	0	0	0	0	0	0	0	0	0	0	0	0	0	0	0	0.00018	0	0	0	0	0	0	0	0	0	0	0.00684	0	0	0	0	0	0	0	0	0	0	0	0	0	0	0	0	0	0.00558	0	0	0	0	0	0	0	0	0	0	0	0	0	0	0	0	0	0	0	0	0	0	0	0	0	0	0	0	0	0	0	0	0	0	0	0	0	0	0	0	0	0	0	0	0	0	0	0	0	0	0	0	0	0	0	0	0.02087	0	0	0.05949	0	0	0	0	0	0	0	0	0	0	0	0	0	0	0	0	0	0	0	0	0	0	0	0	0	0	0	0	0	0	0.08465	0	0	0	0	0.01245	0	0	0	0	0	0	0	0	0.01371	0	0	0	0	0.00316	0	0	0	0	0	0	0	0	0	0	0	0	0	0	0	0	0	0.13342	0	0	0.02962	0	0	0	0	0	0	0	0	0	0	0	0.09934	0	0.05221	0	0	0	0	0	0	0	0	0	0.04166	0	0	0	0	0	0	0	0	0	0	0	0	0	0	0	0	0	0	0	0	0	0	0	0	0	0	0	0	0	0	0	0	0	0	0	0	0	0	0	0	0	0	0	0	0	0	0	0	0	0	0	0	0	0.00522	0	0	0	0	0	0	0.11244	0	0	0	0	0	0	0	0	0	0	0	0	0	0	0	0.01149	0	0	0	0	0	0	0	0	0	0	0	0	0	0	0	0	0	0	0	0	0	0	0	0	0	0	0	0.09901	0	0	0.02809	0	0	0	0	0	0	0	0	0	0.08901	0	0	0	0	0	0	0	0	0	0	0.05029	0	0	0	0	0	0	0.01783	0	0	0	0	0	0	0	0	0	0	0	0	0	0	0	0	0	0	0	0	0	0	0	0	0	0	0	0	0	0	0	0	0	0
"Blautia_glucerasea"	0	0	0	0	0	0	0	0	0	0.00515	0	0	0	0	0	0	0	0	0	0	0	0	0	0.00274	0.013	0	0.01252	0	0.00661	0	0	0.00967	0	0	0	0	0.16095	0	0.02647	0.00492	0.00492	0	0	0.00603	0	0	0	0	0.02108	0.01022	0.04479	0	0	0	0	0	0	0	0	0	0	0	0	0.00419	0.00071	0	0	0	0	0	0	0	0	0.01053	0.00231	0.00487	0	0	0	0	0	0	0	0	0	0	0	0	0	0	0	0	0	0.03522	0.00406	0	0	0	0.02053	0.03805	0	0	0	0	0	0	0	0	0	0	0	0	0	0	0	0.07906	0	0	0	0	0	0	0.05908	0	0	0	0	0	0	0	0	0	0	0	0	0	0	0	0	0	0	0	0	0	0	0	0.07049	0	0.01368	0	0	0	0.08393	0	0	0	0.00579	0	0	0	0	0	0	0.16558	0	0	0	0	0	0.10966	0.01233	0	0	0	0	0	0.10283	0	0	0.34837	0	0	0	0	0	0	0.04031	0	0	0	0	0	0	0	0	0	0	0	0	0	0	0	0.13025	0	0	0	0.02955	0	0.02634	0.01781	0.06682	0	0	0.37652	0	0.012	0	0	0.01696	0	0	0	0	0.0035	0.03246	0	0	0	0.0405	0.00556	0	0.04231	0	0	0	0.0339	0.0144	0	0	0	0	0	0	0	0.13289	0	0	0	0	0	0	0	0	0	0	0.02262	0.01656	0	0	0	0.02491	0	0	0	0	0.00765	0.00379	0	0	0	0	0.00763	0.13513	0.06114	0.02159	0.00428	0.00046	0.03015	0.02051	0.02142	0	0	0	0	0	0.00569	0	0.02751	0	0	0	0	0	0	0	0.01293	0	0	0.12903	0	0	0	0	0	0	0	0	0	0.01162	0	0	0	0	0	0	0	0.16631	0.01311	0	0.01394	0	0	0	0	0	0	0	0	0	0	0	0.29653	0	0	0	0	0	0.00709	0	0	0	0	0	0	0	0	0	0	0.0268	0	0	0	0	0	0	0	0	0.24153	0	0	0	0	2.37048	0.04158	0	0	0	0	0	0	0	0.0236	0.0155	0	0	0.12924	0	0	0	0	0	0	0	0	0	0	0	0	0	0	0.00582	0	0.25846	0.00642	0.06503	0	0	0	0	0	0	0	0	0	0	0.02662	0	0.1491	0.00503	0	0	0	0	0	0	0	0.02005	0	0	0	0	0	0	0	0	0.10148	0	0	0.07862
"Streptococcus_oralis"	0	0	0	0	0	0	0	0	0	0.00627	0	0	0.00156	0	0	0.00387	0	0	0.00321	0	0.00259	0	0	0.00821	0	0	0	0	0	0	0	0	0	0	0	0	0	0	0	0.00221	0.00076	0	0	0	0	0	0	0	0	0	0	0	0	0	0	0	0	0	0	0.00302	0	0	0	0	0	0.00134	0	0	0	0	0	0	0.00598	0.00148	0	0	0.00295	0	0	0	0	0	0	0	0	0	0	0	0	0	0.00426	0	0	0	0	0	0.00342	0	0	0	0.01248	0	0	0	0	0	0	0	0	0	0	0	0	0	0	0	0	0	0	0	0	0	0	0	0	0.00369	0	0	0	0	0	0	0	0	0	0	0	0	0	0	0	0	0	0	0	0.00332	0	0	0	0	0	0	0	0	0	0.00135	0	0	0	0	0	0	0	0	0	0	0	0	0	0	0	0	0	0	0	0	0	0	0	0	0	0	0	0	0	0	0	0	0	0	0	0	0	0	0	0	0	0	0	0	0	0	0	0	0	0	0	0	0	0	0	0	0	0	0	0	0.00711	0	0	0	0	0	0	0	0	0	0	0	0	0	0	0	0	0	0	0.00332	0	0	0	0	0	0	0	0	0	0	0	0	0	0	0	0	0	0	0	0	0	0	0	0	0	0	0	0.01042	0.00197	0	0	0	0	0	0	0	0	0	0.01318	0	0	0	0	0	0	0	0.00222	0	0	0	0	0.00792	0	0	0.00562	0	0	0	0	0	0	0	0	0	0	0	0	0	0	0	0	0	0	0	0	0	0	0	0	0.0073	0	0	0	0	0.00175	0	0	0	0	0	0	0	0	0	0	0.00477	0	0	0	0	0	0	0	0	0.00956	0	0.03772	0	0.00356	0	0.00534	0	0	0	0	0	0	0	0	0	0	0	0	0	0	0	0	0.00404	0	0	0	0	0	0	0	0	0	0	0	0	0	0	0	0	0	0	0	0	0	0	0	0	0	0	0	0	0	0.00471	0	0	0	0.03301	0	0	0	0	0	0	0	0	0	0	0	0	0	0	0	0	0	0	0	0	0	0	0	0	0	0	0.00657	0	0	0	0
"Intestinibacillus_sp_Marseille_P6563"	0.00219	0	0	0	0	0	0	0	0	0	0	0	0	0	0	0	0	0	0	0	0	0	0	0	0	0	0	0	0	0	0	0	0	0	0	0	0	0	0.00016	0.00129	0	0	0	0	0	0	0	0.00702	0	0	0	0	0	0	0	0.00156	0	0	0	0	0	0	0	0	0	0	0.00069	0	0	0	0	0	0	0	0	0.0023	0	0	0	0	0	0	0	0	0	0	0	0	0	3e-04	0	0	0	0	0	0	0	0	0	0	0	0	0	0.0023	0	0	0	0	0	0	0	0	0.01841	0	0	0	0	0	0.03493	0	0.00266	0	0	0	0	0	0	0.00575	0	0	0	0	0	0	0	0	0	0	0	0	0	0	0	0	0.024	0	0	0	0	0	0	0	0	0	0	0	0.00198	0	0	0	0.00083	0	0.00142	0	0	0	0	0	0	0.00717	0	0	0	0	0	0	0	0	0	0	0	0	0	0	0	0	0.01875	0	0	0	0	0	0	0	0	0	0	0	0	0	0	0	0	0	0	0	0	0	0	0	0	0	0	0	0	0	0	0	0	0	0	0	0	0	0	0	0.00436	0	0	0	0	0	0	0	0.00136	0	0	0	0	0	0	0	0	0	0	0	0	0	0	0	0	0	0	0	0	0	0	0	0	0	0	0	0	0	0	0	0	0	0	0	0	0	0	0	0	0.00193	0.00748	0	0	0	0	0	0	0	0	0	0	0	0	0	0	0	0	0	0	0.00484	0	0	0.00098	0	0	0	0	0	0	0.00328	0	0	0	0	0.00015	0	0	0	0	0	0.00452	0.00239	0	0	0	0	0.00242	0	0	0	0.00047	0	0	0	0	0	0	0.00388	0	0.00187	0	0	0	0	0	0.01075	0	0.00022	0	0	0	0	0	0	0	0	0	0	0	0	0.01509	0	0.00779	0	0	0	0	0	0	0	0.00113	0	0	0	0.00178	0	0	0	0	0.00194	0	0	0	0	0	0	0.00637	0	0	0	0	0.00282	0.00244	0	0	0	0	0.00337	0	0	0	0	0	0	0.00073	0	0	0	0	0.00496	0	0	0	0	0	0.00189	0	0	0	0	0	0	0	0	0	0	0	0	0	0	0	0	0
"Clostridium_perfringens"	0	0	0	0	0	0	0	0	0	0	0	0	0	0	0	0	0	0	0	0	0.09189	0	0	0	0	0	0	0	0	0	0	0	0.30224	0	0	0	0	0	0.00061	0.05413	0.00858	0	0	0	0	0	0	0	0	0	0	0	0	0	0	0	0	0	0	0	0	0	0.13337	0	0	0	0	0	0	0	0	0	0	0.01149	0	0	0	0	0	0	0	0	0	0	0	0	0	0	0	0	0.02374	0	0.02793	0.0552	0	0	0	0	0	0	0	0	0	0	0	0	0	0	0.04538	0	0	0	0	0	0	0	0	0	0	0	0	0	0.01459	0.09749	0	0	0.00836	0	0	0	0	0	0	0	0	0	0	0	0	0	0	0	0	0	0	0	0	0	0	0	0	0	0	0	0	0	0	0	0	0	0	0	0	0	0	0	0	0	0	0	0	0	0	0	0	0	0	0	0	0	0	0	0	0	0	0	0	0.49145	0	0	0.00685	0	0	0	0	0	0.01822	0	0	0	0	0	0.11207	0	0	0	0.01536	0	0	0	0	0	0	0	0	0	0	0	0	0	0	0	0	0	0	0	0	0.00663	0	0	0	0	0	0	0	0	0	0	0	0	0	0	0.01551	0	0	0	0	0.02445	0	0	0	0	0	0	0	0.00835	0	0	0	0	0	0	0	0	0.16146	0	0	0	0	0	0	0.02413	0.06503	0	0	0	0	0	0	0	0	0	0	0	0	0	0	0	0	0	0	0	0	0	0	0.02043	0	0	0	0	0	0	0	0	0	0	0	0	0	0	0	0	0	0	0	0	0	0.05041	0	0	0	0.01182	0.02527	0	0	0	0	0	0.00206	0	0	0	0	0	0	0	0	0	0	0	0	0	0	0	0.00045	0	0	0	0	0	0	0	0	0	0	0	0	0	0	0	0	0	0	0	0	0	0	0	0	0	0	0	0	0	0	0	0	0	0	0	0	0	0	0	0	0	0	0	0	0	0	0.01572	0	0	0	0	0	0	0	0	0	0	0	0	0	0	0	0	0	0	0.03685	0	0	0	0	0	0	0	0	0	0	0	0	0.02625	0	0	0	0	0
"GGB51647_SGB4348"	0	0	0	0	0	0.81992	0	0	4.95659	0.0636	0	0	0	0	0	0	0	0	1.44573	0	0	0	0	0.31354	0	0	7.70699	0	1.74677	0	0	0	2.6718	0	4.81304	2.61345	0	0	0.41958	0.50811	0.50356	0	7.20614	0	0	0	0	0	0.10093	0	6.26076	0	0	0	1.39607	0	0	0	0	0	0	0	0	4.47329	0	0	0	0	0	0	0	0	0	0.46432	0.07695	0	0	4.478	0	0	0	0	0	0	0	4.35635	0	0	0	0	0	0	0	1.14239	4.20132	0	0	0	0.08795	0	0	0	0	0	0	1.76738	0.28486	0	0	0	0	0	0	0	0	0	0	0	0	0	0	0	0	0	0	1.7959	0	15.04376	0	0	0	0	0	0	0	0	0	0	0	0	0	0	0	0	0	0	0	0	4.25696	0	0	0	0	0	0	0	0	0	0	0	0	0	0	0	0	0	0	0	2.66046	0	0	0	0	0	0	0	0	0	0	0	0	0	0	0	0	0	0	0	0	0	0	0	0	0	0	2.44935	0	0	0	0	0	0	0	0	0	0	14.19543	0	0	0	6.05555	0	0	0	0	0	0	0	1.6777	0	0	0	0	0	0	0	0	0	0	0	0	0.81532	0	0	0	0	0	0	0	0	0	0	0	0	0	0	0	0	0	0	0	0	0	0	0	0	0	4.43617	0.1182	0	0	0	0	0	0	0	0	0	0	0	0	0	0	0	0	0	0	0	0	0	0	0	0	5.3923	0.01782	0	0	0	0	0	0	0	8.06988	0	0	0	0	0	0	0	0	0.88589	0	0	3.62283	0	0	0.00216	0	0	0	0	0	0	0	0	0	0	0	0	0	1.67013	0	3.83004	0	0	0	0	0	0	0	0	0	0	6.41323	0	0	4.78858	2.66499	4.58991	0	0	0	0	0	0.27441	0	0	0	0	0	0	0.00419	0	0	0	0	0	0	6.5894	0	0	0	0	0	0	0	0	0	0	0	0	0	5.38526	0	0	0	0	0	0	0	0	0	0	0	0	2.07998	4.05112	0.08659	0	0.94829	0	0	0	0	0	3.94923	0	0	0	0	0	0	0	0	0	0	0	0	0	0	0	0	0	0	0	0	0	0	0	0	0	0	0	0	0.13131	0	0	0
"GGB9342_SGB14306"	0	0	0	0	0	0	5.86886	0.59167	0	0	0	0	0	0	0	0	0	0	0	0	0	0	0	0	0	0	2.56862	0	0	0	0	0	0	0	0	0	0	0	0	0.10337	0	0	0	0	0	0	0	0	5.61474	7.81651	0	0	0	0	0	0	0	0	0	0	0	0	0	0	0.0734	0	0	0	0	0	0	0	0	0	0	0	0	0	0	0.06638	4.23119	0	0	0	0	0	0	0	0	0	0	0	0	0	0	0	0	0	0	0	0	0	0	0	0	0	0	0	0	0	0	0	0	0	0	0	0	0	0	0	0	0	0	0	0	0	0	0	0	0	0	0	0	0	0	0	0	0	0	0	0	0	0	0	0	0	0	0	9.50945	0	0	0	0	0	0	0	0	0.12227	0	0	0	0	0	0	0	0	0.3764	0	0	0	0	0	0	0	0	0	0	0	0	0	0	0	0	0	0	0	0	0	0	0	0.749	0	0	0	0	0	0	0	0	0	0	0	0.10141	0	0	0	0	0.0755	0	0	0.40628	0	0	0	0	0	0	0	0	0	0	0	0	0	0	0	0	0	0	1.46708	0	0	0	0	0	0.02558	5.79251	0	0	0	0	0	0	0	0.46205	0	0	0	0	0	0	0	0	0	0	0	0	0	0	0	0	0	0.03346	0	0	0	0	0	0	0	0	0	0	0	0	0	0	0	0	1.27175	0	0	0	0	0	0	0	0	0	0	0	0	0	0	0	0	0	0	0	0	0	0	0	0	0	0	0	0	0	0	0	0	0	0	0	0	0	0	0	0	0	0	0	0	0	0	0	0	0	0	0	0.13275	0	0	0	0.01826	0	0.3759	1.90219	2.47486	0	0	0	0	0	0	0	0	0	0	0	0	0	0	0	0	0	0	0	0	0	0	0	0	0	0	0.29442	0	0	0	0	0	0	0	0	0	0	0	0	0	0	0	0	0	0	0	0	1.50097	0	0	0	0	0	0	0	0	0	0	0	0	0	0	0	0	0	0	0	0	0	0	0	0	0	0	0	0	0	0	0	0	0	0	0	0	0	0	0	0	0
"Phocaeicola_SGB6473"	0	0	1.30039	0	0	0	0	0	0	0	0	0	0	0	0	0	0	0	0	0	0	0	0	0	0.10503	0	0	0	0	0	0	0	0	0	0	0	0	0	0	0	0.00315	0	0	0	0	0	0	0	1.63049	1.43886	0	0	0	0	0	0	0	0	0	0	0	0	0	0	0	0	0	0	0	0	0	0	0	0	0.053	0	0	0	0	0	0	0	0	0	0	0	0	0	0	0	0	0	0	0	0	0	0	0	1.34562	0	0	0	0	0	0	0	0	0	0	0	0	0	0	0	0	0	0	0	0	0	0	0	0	0	0	0	0	0	0	0	0	0	0	0	0	0	0	0	0	0	0	0	0	0	0	0	0	0	0.00942	0	0	0	0	0	0	0	0	0.00483	0	0	0	0	0	0.02332	0	0	0.82001	0	0	0.64531	0	0	0	0.0397	0	0	0	0	0	0	0	0	0	0	0	0	0	0	0	0	0.31487	0	0	0	0	0	0.0471	0	0	0	0	0	0.3889	0	0	0	0	0	0	0	0.29387	0	0	3.20635	0	0	0	0	0	0	0	0	0	0	0	0	0	0	0.23066	0	0	0	0	0	0	0	0	0	0	0	0	0	0	0	0	0	0	0	0	0	0	0	0	0	0	0	1.70122	0	0	0	0	0	0	0	0	0	0	0	0	0	0	0	0	0	0	0	0	0	0	0.5138	0	0	0	2.38435	0	0	0	0	0	0	0	0	0	0	0	0	0	0	0	0	0	0	0	0	0	0	0	0	0	0	1.11842	0	0	0	0	0	0	0	0	0	0	0.00142	0	0	0	0	0	0	0	0	0	0.65661	0	0	0	0.00035	0	0	0.60813	1.20573	0	0	0	3.30608	0	0	0	0	0	0	0	0	0	0	0	0	0	0	0	0	0	0	0	0	0	0	0.17877	0	0	0	0	0	0	0	0	0	0	0	0	0	0	0	0	0	0	0	0	0	0	0	0	0	0	0	0	0	0	0	0	0	0	0	0	0	0	0	0	0	0.30205	0	0	0	0	0	0	0	0	0	0	0	0	0	0	0	0	0	0	0	0
"GGB9760_SGB15374"	0	0	0	0	0	0	0	0	0	0.01258	0	0	0	0	0	0	0	0	0	0	0	0	0	0	0	0	0	0	0	0	0	0	0	0	0	0	0	0	0	0.02759	0.09155	0	0	0	0	0	0	0	0.4143	0.40591	0.06782	0	0	0	0	0	0	0	0	0	0	0	0	0	0	0	0	0	0	0	0	0	0	0	0	0	0	0	0	0	0	0	0	0	0	0	0	0	0	0	0	0	0	0	0	0	0	0	0.0119	0	0	0	0	0	0	0	0	0	0	0	0	0	0	0	0	0	0	0	0	0	0	0	0	0	0	0	0	0	0	0	0	0	0	0	0	0	0	0	0	0	0	0	0	0	0	0	0.01221	0	0	0	0	0	0	0	0	0	0	0	0	0	0	0	0	0.02254	0	0	0	0	0	0	0	0	0	0.03103	0	0	0	0	0	0	0	0	0	0	0	0	0	0	0	0	0.0393	0	0	0	0	0	0	0	0	0	0	0	0	0	0	0	0	0	0	0	0.18509	0	0	0	0	0.26621	0	0	0	0	0	0	0	0	0	0	0	0	0	0	0	0	0	0	0	0	0	0	0	0	0	0	0	0	0	0	0	0	0	0	0	0	0	0	0	0	0	0	0	0	0	0	0	0	0	0	0	0	0.01356	0	0	0	0	0.00924	0	0	0	0	0	0	0	0	0.04452	0.37492	0	0	0	0	0	0	0	0	0	0	0	0	0	0	0	0	0	0	0	0	0.00701	0	0	0	0	0	0	0	0	0	0	0	0.11377	0.36694	0	0	0	0	0	0	0	0	0	0	0	0	0	0.0641	0	0	0	0.11418	0	0	0	0.36481	0	0	0	0	0	0	0	0	0	0.04163	0	0	0.03655	0	0	0	0	0	0	0	0	0	0	0	0	0	0	0	0	0	0	0	0	0	0	0	0	0	0	0	0	0	0	0	0	0	0	0	0	0	0	0	0	0	0	0	0	0	0	0	0	0	0	0	0	0	0	0	0	0	0	0	0	0	0	0	0	0	0	0	0	0	0	0	0	0	0	0.18925	0
"Butyricimonas_virosa"	0	0	0	0	0	0	0	0	0	0	0	0	0	0	0	0	0	0	0	0	0	0	0	0.0067	0	0	0	0	0.24926	0.2635	0	0	0	0	0	0	0	0	0.03952	0.03342	0.06733	0	0	0	0	0	0	0	0.20884	0	0	0.62432	0	0.20592	0	0.05906	0	0	0	0	0	0.26667	0	0	0.14145	0	0	0	0	0	0	0	0	0.00235	0.05326	0.04007	0	0	0	0.00158	0.13849	0	0	0	0	0	0	0	0	0	0.1021	0	0	0	0	0	0	0	0	0	0	0	0	0	0	0	0	0	0.33496	0	0	0.10707	0	0	0	0	0	0.1574	0	0	0	0.55638	0	0	0	0	0	0	0	0.27548	0	0	0	0	0.47559	0	0	0	0	0	0	0	0	0	0	0	0	0	0	0.24479	0	0.69165	0	0	0	0	0	0	0	0	0.04204	0	0	0.03086	0	0	0	0	0	0.0261	0	0	0	0	0	0	0	0	0.1828	0	0	0	0	0	0	0	0	0	0	0	0	0	0	0	0	0	0	0	0.79307	0	0	0.50617	0.02668	0	0.33127	0	0	0.21141	0.03451	0	0.02174	0	0	0	0	0.76873	0	0	0.18032	0.10948	0	0	0	0.92909	0	0	0	0	0	0	0.00112	0.03111	0	0	0.34183	0	0	0	0	0	0	0	0	0	0	0	0	0	0	0	0	0	0	0	0	0	0	0.11943	1.0392	0	0	0	0	0	0	0	0	0	0	0	0.65185	0	0.06582	0.1375	0	0	0	0	0	0.05494	0	0	0	0	0.00676	0.00283	0	0	0	0	0	0	0	0	0	0	0	0	0	0	0	0	0.28638	0.08067	0	0	0	0	0	0	0	0.39791	0	0	0	0	0	0.56148	0.02555	0	0	0	0	0	0	0	0	0	0	0	0	0	0	0.68561	0.72561	0.22814	0	0	0	0.34816	0	0	0	0.16042	0	0	0	0	0.09788	0	0	0	0.00955	0	0	0	0	0	0	0	0	0	0	0.18483	0	0	0	0	0	0	0	0	0.03462	0	0	0	0	0	0	0	0	0	0	0.38563	0	0	0	0	0.24879	0	0	0	0	0	0	0	0	0	0	0	0	0	0	0	0	0	0.11844	0	0	0	0	0	0	0	0	0	0	0	0.12527	0	0	0	0.45842	0	0	0	0	0	0
"Bifidobacterium_animalis"	0	0	0	0	0	0	0	0	0	0	0	0	0	0	0	0	0	0	0.07303	0.30567	0	0.27998	0	0.03538	0	0	0	0	0	0	0	0	0	0	0	0	0	0	0.00098	0.06733	0	0	0.88471	0	0	0	0.17633	0.59935	0	0	0	0	0	0	0	0	0	0	0	0	0	0	0	0	0	0	0	0.03435	0.07974	0	0	0	0	0	0	0	0	0	0	0	0	0	0	0	0	0	0.01049	0	0.07482	0	0	0	0	0	0	0.07385	0	0	0	0	0	0	0	0	0	0	0	0	0	0.29443	0	0	0	0	0	0	0	0	0	0	0	0	0	0	0	0	0.02029	0.49774	0.06261	0	0	0	0	0	0.00583	0	0	0	0	0	0	0	0	0	0	0	0	0	0	0	0.05461	0	0	0	0	0	0	0	0	0	0	0	0	0	0	0	0	0	0	0	0	0	0	0	0	0	0	0	0	0	0	0	0	0	0	0	0	0	0	0	0	0	0.04399	0	0	0	0	0	0	0	0	0	0	0	0	0	0	0	0	0	0	0	0	0	0	0	0	0	0	0	0.24851	0	0	0	0.26225	0	0	0	0	0	0	0	0.00102	0.30134	0	0	0	0	0	0	0	0	0	0	0	0	0	0	0	0	0	0	0	0	0	0	0	0	0	0	0	0	0	0	0	0	0	0	0	0	0	0	0	0	0	0	0	0	0	0	0	0	0	0	0	0	0	0	0	0	0	0	0	0	0	0	0	0	0	0	0	0	0	0	0	0	0	0	0.0643	0.01764	0	0	0	0	0	0	0	0	0	0	0	0	0	0	0	0	0	0	0	0.17219	0	0.0366	0	0	0	0	0	0	0	0.197	0	0	0	0	0	0	0	0	0	0	0	0	0	0	0	0	0	0	0	0	0	0	0	0	0	0	0	0	0	0	0	0	0	0	0	0	0	0	0	0	0	0	0	0	0	0	0	0	0	0	0	0	0	0	0	0	0	0	0	0.18143	0	0	0	0	0	0	0	0	0.03722	0.1111	0.00381	0	0	0	0	0.01359	0	0	0	0	0	0	0	0	0	0	0.05129	0	0
"Massiliimalia_massiliensis"	0	0	0	0	0	0	0	0	0	0	0	0	0	0	0	0	0	0	0	0	0	0	0	0	0	0	0.00081	0	0	0	0	0	0	0	0	0.00436	0	0	0	0.00067	0	0	0	0	0	0	0	0.00307	0	0	0	0	0	0	0	0	0	0	0	0	0	0	0	0	0	0	0	0	0	0	0	0	0	0	0	0.00017	0	0	0	0	0	0	0	0	0	0	0	0	0	0	0	0	0	0	0	0	0	0	0	0	0	0	0	0	0	0	0	0	0	0	0	0	0	0	0	0	0	0	0	0	0	0	0	0	0	0	0	0	0	0	0	0	0	0	0	0	0	0	0	0	0	0	0	0	0	0	0	0	0	0	0	0	0	0	0	0	0	0	0	0	0	0	0	0	0	0	0	0	0	0	0	0	0	0	0	0	0	0	0	0	0	0	0	0	0	0	0	0	0	0	0.00224	0	0	0	0	0	0	0	0	0	0	0	0.01509	0	0	0	0	0	0	0	0	0	0	0	0	0	0	0	0	0	0	0	0	0	0	0	0	0	0	0	0	0	0	0	0	0.00027	0	0	0	0	0.02053	0	0	0	0.12504	0	0.00106	0	0	0	0	0	0	0	0	0	0	0	0	0	0	0	0	0	0	0	0.00115	0	0	0	0.0033	0	0	0	0	0	0	0	0	0.00045	0	0	0	0	0	0	0	0	0	0	0	0	0	0	0	0.00222	0	0	0	0	0	0	0	0	0	0	0	0	0	0	0	0	0.05641	0	0	0	0	0	0	0	0	0	0	0	0	0	0	0	0	0	0	0.00172	0	0	0	0.00218	0	0	8e-05	0.16601	0	0	0	0	0	0	0	0	0	0	0	0	0	0	0	0	0	0	0	0	0	0	0	0	0	0	0.29873	0	0	0	0	0	0	0	0	0	0	0	0	0	0	0	0	0	0	0	0	0	0	0	0	0	0	0	0	0	0	0	0	0	0	0	0	0	0	0	0	0	0	0	0	0	0	0	0	0	0	0	0	0	0	0	0	0	0	0	0	0	0
"Blautia_sp_OF03_15BH"	0	0	0	0	0	0	0	0	0	0	0	0	0	0	0	0	0	0	0	0	0	0	0	0.02122	0	0	0	0	0	0	0	0	0	0	0	0	0	0	0	0.0156	0	0	0	0.20086	0	0	0	0	0	0	0	0	0	0	0	0	0	0	0	0	0	0.01609	0	0	0	0	0	0	0	0	0	0	0	0	0	0	0	0	0	0	0	0	0	0	0	0	0	0	0	0	0	0	0	0	0	0	0	0	0	0	0	0	0.02161	0	0	0	0	0	0	0	0	0	0	0	0	0	0	0	0	0	0.17456	0	0	0	0	0	0	0	0	0	0	0	0	0	0	0	0	0	0	0	0	0	0	0	0	0	0.02885	0	0	0	0	0	0	0	0	0	0	0	0	0	0	0	0	0	0	0	0	0	0	0	0	0	0	0	0	0	0	0	0	0	0	0	0	0	0	0	0	0	0	0	0	0	0	0	0	0.01097	0	0	0	0	0	0	0	0	0	0	0	0	0	0	0.02417	0	0	0.04701	0	0	0	0	0.04889	0	0	0	0	0	0	0	0	0	0	0.02835	0	0.05563	0	0	0	0	0	0	0	0	0	0	0	0.04833	0	0	0	0	0	0	0	0	0	0	0	0	0	0	0	0	0	0	0	0	0	0	0	0	0	0	0	0	0	0	0	0	0	0	0	0	0	0	0	0	0	0	0	0	0	0	0	0	0	0	0	0	0	0	0	0	0	0	0	0	0	0	0	0	0	0	0	0	0	0	0	0	0	0	0	0.01983	0	0	0	0	0	0	0	0	0	0	0	0.0145	0	0	0	0.1704	0	0.00395	0	0.13847	0	0	0	0.19601	0	0	0	0	0	0	0	0	0	0	0	0	0	0	0	0	0	0	0	0	0	0	0	0	0	0	0	0	0	0	0	0	0	0	0	0	0	0	0	0	0	0	0	0.01221	0	0	0	0	0	0.2356	0	0	0	0	0	0	0	0	0	0	0	0	0	0	0	0	0	0	0	0	0	0	0	0	0	0	0	0	0	0	0	0	0	0	0
"Clostridiaceae_bacterium_Marseille_Q4143"	0	0	0.00753	0	0	0	0	0	0	0	0.14029	0	0	0	0	0	0	0	0	0	0	0	0	0.02285	0	0	0	0	0	0	0	0	0	0	0	0	0.054	0	0.00641	0.00775	0.01386	0	0	0	0	0	0	0	0	0	0	0	0	0.22714	0	0	0	0	0	0	0	0.05033	0	0	0	0	0	0	0	0	0	0	0	0	0	0.00028	0	0	0	0.07295	0.00047	0	0	0	0	0.06672	0	0	0	0	0	0	0	0	0	0	0	0	0	0	0	0	0	0	0	0.09	0	0	0	0	0	0	0	0	0.1854	0	0	0	0	0	0	0	0	0	0	0	0	0	0	0	0	0	0	0	0	0	0	0	0	0	0	0	0	0	0	0	0.12393	0	0	0	0	0	0	0	0	0.13543	0	0	0	0.03172	0	0	0	0	0	0	0	0	0	0	0	0.14349	0	0.06943	0	0	0	0	0	0	0	0	0	0	0	0	0.06211	0	0	0	0	0	0	0	0	0	0	0	0	0	0.22655	0	0	0	0	0	0	0	0	0	0	0	0.00716	0.02702	0	0	0	0	0.00998	0	0	0	0	0.06399	0	0	0	0	0	0	0	0.02484	0	0	0	0.02107	0	0	0	0	0	0	0	0	0	0	0	0	0	0.08636	0	0	0	0	0	0	0	0.02402	0	0	0	0	0.00723	0	0	0	0	0	0	0	0	0	0	0	0	0	0	0	0	0.03668	0	0	0.12868	0.01953	0.00911	0.03173	0	0	0	0	0	0	0	0	0	0.15284	0	0	0	0	0	0	0	0.03836	0	0	0	0	0	0	0	0	0	0	0	0	0	0	0.19377	0	0	0.05235	0	0	0	0	0	0	0	0	0	0.00951	0	0	0	0.04385	0	0	0	0.08625	0	0	0	0.18607	0	0	0	0	0.18454	0	0	0	0	0	0	0	0	0	0.21433	0	0	0	0	0	0.0214	0	0	0	0	0	0	0	0	0.08227	0	0	0	0.06198	0	0	0	0	0	0	0	0	0	0	0.05775	0	0	0	0	0	0	0	0	0	0	0	0	0	0	0	0	0	0	0	0	0	0	0	0	0	0	0	0	0	0	0	0	0	0	0	0	0	0	0	0
"Lachnotalea_sp_AF33_28"	0	0	0	0.02737	0	0	0	0	0	0	0	0	0	0	0	0	0	0	0	0	0	0	0.00173	0	0.00224	0	0.01916	0	0	0	0	0	0	0	0	0.05381	0	0	0	0.00356	9e-05	0	0	0	0	0	0	0.03095	0.00269	0.01295	0	0	0	0	0	0.00046	0	0	0	0	0	0	0	0.01268	0.00612	0.02502	0.01683	0	0	0	0	0	0	0	0.03334	0	0	0	0	0	0	0	0	0	0	0	0	0	0.01501	0	0	0	0	0	0	0	0	0	0.0031	0	0	0	0	0	0	0	0	0	0	0	0	0	0	0	0.00027	0	0	0	0	0	0	0	0	0	0	0	0.01875	0.10538	0	0.03771	0.00464	0	0	0	0	0	0	0	0	0	0	0	0	0	0	0	0	0	0.00243	0	0	0	0	0	0	0	0	0	0	0	0	0	0	0	0.01586	0	0	0	0	0	0	0	0.00516	0	0	0	0	0	0	0	0	0	0	0	0	0	0	0	0	0	0.00952	0	0	0	0	0	0	0	0	0	0	0	0.00996	0	0	0.01049	0	0.01278	0	0	0	0	0	0	0.01596	0.01112	0	0	0	0	0	0	0	0	0	0	0	0	0	0.00117	0	0	0	0.06176	0	0	0.02107	0.00955	0	0	0	0	0	0.00799	0.00478	0	0	0	0	0	0	0	0	0	0	0	0	0.00618	0	0	0	0	0	0	0	0	0	0	0	0	0	0.00296	0	0	0	0	0	0	0	0	0	0	0	0	0	0	0	0	0	0	0	0	0.05984	0	0	0	0	0	0	0	0	0	0	0	0	0	0	0	0	0	0.01071	0	0.16504	0	0	0	0	0	0	0	0	0.00658	0	0.00654	0	0	0	0	0	0	0	0.00026	0.00037	0	0	0	0	0.00967	0.02023	0.02704	0	0	0	0	0	0	0	0	0	0	0	0	0	0	0	0	0	0	0.00393	0	0	0	0	0	0	0	0	0	0	0	0	0	0	0	0	0	0	0.01165	0	0	0	0	0	0.01133	0	0.00439	0	0	0.0025	0	0	0	0	0	0	0.01908	0	0	0	0	0	0	0	0	0	0	0	0	0.02687	0	0	0	0	0	0	0	0	0.06461	0	0	0	0	0	0	0	0	0	0	0
"Ruminococcaceae_bacterium_AM28_23LB"	0	0	0.09295	0	0	0	0	0	0	0	0	0	0	0	0	0	0.01077	0	0	0	0	0	0	0	0	0	0	0	0	0.03992	0.02144	0	0	0	0	0.0067	0	0	0	0.01189	0.00505	0	0	0.04174	0	0	0	0.03396	0.01926	0.05458	0	0	0	0	0	0.01012	0	0	0	0	0	0.01151	0	0	0	0	0	0	0	0	0.00889	0	0	0.01463	0.01922	0.0041	0	0	0	0	0	0	0	0	0	0	0	0	0	0.08173	0.00773	0	0	0.00338	0.01128	0	0	0	0	0	0.113	0	0	0.0377	0.00681	0	0	0	0	0	0	0	0	0.02243	0.00319	0	0	0	0	0	0.00452	0	0	0	0	0.00839	0.0104	0.04932	0	0	0.023	0	0	0	0	0	0	0	0	0	0	0	0	0	0	0	0.02342	0	0	0	0	0	0	0	0	0	0	0	0.03542	0	0	0	0	0	0	0	0	0	0.0478	0	0	0	0	0.01777	0	0	0	0	0	0	0	0	0	0	0	0	0	0	0	0	0.05598	0	0	0	0.00725	0.02301	0	0	0	0	0	0	0	0	0	0.01191	0	0	0	0	0.00938	0	0	0	0.04944	0	0	0	0.01974	0	0	0	0	0	0	0	0	0	0	0.07386	0	0.00703	0	0	0	0	0	0.00696	0	0	0	0.00853	0	0	0.00857	0	0.07633	0	0	0	0	0	0	0	0	0	0	0	0	0	0	0	0.04261	0	0	0	0.00258	0	0	0	0	0	0	0	0	0	0	0.0509	0	0	0.00516	0.04134	0	0.01201	0	0	0	0	0	0	0	0.06243	0.08314	0	0	0.00047	0	0	0	0	0	0	0	0	0	0	0	0.09563	0	0.06978	0.03445	0.00131	0	0	0	0	0.00523	0	0	0	0	0.02119	0	0.00608	0	0	0	0	0	0	0	0	0	0	0.02674	0	0	0	0.01294	0.00295	0	0	0	0	0	0	0	0	0	0	0	0	0	0.05597	0	0	0	0	0	0.00577	0	0	0	0	0	0	0.04988	0	0	0	0	0	0	0	0	0	0.00935	0	0	0	0	0	0	0	0	0	0	0	0	0	0	0	0	0	0	0	0	0	0	0	0	0	0	0	0	0	0.01439	0	0.03286	0	0	0	0	0	0	0	0.02795	0	0.00814	0.01816	0	0	0	0	0	0	0	0	0
"GGB3511_SGB4688"	0	0	0	0	0.00439	0	0.01143	0.01002	0	0	0	0	0.0434	0	0	0	0	0	0	0	0	0	0	0	0	0	0	0	0	0	0	0	0	0	0	0	0	0	0.01539	0	0	0	0	0	0	0	0	0	0	0	0	0	0	0	0	0	0	0	0	0	0	0	0	0	0	0	0	0	0	0	0	0	0	0	0	0	0	0	0	0	0	0	0	0	0	0.00494	0	0	0	0	0	0	0	0	0	0	0	0	0	0	0	0	0	0	0	0	0	0	0	0	0.02667	0	0	0	0	0	0	0	0	0	0	0	0	0	0	0	0	0	0	0	0	0	0	0	0	0	0	0	0	0	0	0	0	0	0	0	0	0	0	0	0	0	0	0	0	0	0	0	0	0	0	0	0.02088	0	0	0	0	0	0	0	0	0.00194	0	0	0	0	0	0.03061	0	0	0	0	0	0	0	0	0	0	0	0	0	0	0	0	0	0	0	0	0	0	0	0	0	0.02379	0	0	0	0	0	0	0	0	0	0	0	0	0	0	0	0	0.09686	0	0	0	0	0	0	0	0	0	0	0	0	0	0	0	0	0	0	0.00243	0	0	0	0	0	0	0	0	0	0	0	0	0	0	0	0	0	0	0	0	0	0	0	0	0	0	0	0	0	0	0	0	0	0	0	0	0	0	0	0	0	0	0	0	0	0	0	0	0	0	0	0.00765	0	0	0	0.06967	0	0	0	0	0	0	0	0	0	0	0	0	0	0	0	0	0	0	0	0	0.00415	0	0	0	0	0	0	0	0	0	0	0	0	0	0	0	0	0	0	0	0	0	0	0.00264	0	0	0	0	0	0	0	0	0	0	0	0	0	0	0	0	0	0	0	0	0	0	0	0	0	0	0	0	0	0	0	0	0	0	0	0	0	0	0	0	0	0	0	0	0.01165	0	0	0	0	0	0	0	0	0	0	0	0	0	0	0	0.04614	0	0	0	0	0.03403	0	0	0	0	0	0	0	0	0	0	0	0	0	0	0	0	0	0	0	0	0	0	0
"Enterocloster_lavalensis"	0	0.00658	0	0	0	0	0	0	0	0	0	0	0.05939	0	0.02177	0.00607	0.26246	0.55609	0	0	0	0	0.09627	0	0	0.05374	0	0	0	0	0	0	0	0	0.03071	0	0	0	0.02024	0.02655	0.07121	0	0	0.00452	0	0	0.11464	0.18066	0	0	0	0.03995	0.006	0	0.00285	0	0	0	0	0	0	0	0	0	0	0	0	0	0	0	0.02559	0	0	0.01941	0.01453	0.00499	0	0	0	0	0	0	0	0	0	0.01187	0	0.11094	0	0.00197	0.01353	0	0	0	0.0015	0	0	0.00293	0.00295	0.03632	0	0	0	0	0	0	0	0.04288	0	0.0162	0.05296	0.02009	0	0.04395	0	0.05799	0.11848	0.11105	0.00112	0.03669	0.00685	0	0	0	0	0	0	0.03007	0.05665	0	0	0.00203	0	0	0.02583	0.03363	0	0.03924	0.0604	0.02431	0	0	0	0	0	0	0	0	0	0.14296	0	0.02793	0	0	0	0	0	0	0	0	0	0	0	0	0	0	0	0	0.01281	0	0	0	0.06813	0	0.01096	0	0	0	0.02006	0	0	0.05565	0	0	0	0	0	0	0.03086	0	0	0	0	0	0	0	0.00245	0	0.00944	0.02663	0	0	0	0.14686	0	0	0	0.00868	0	0	0	0	0	0.00203	0	0	0	0.00876	0	0	0	0	0.20491	0.01579	0	0	0	0	0.0018	0.00807	0	0	0	0	0	0	0	0	0	0.00218	0	0	0.0509	0	0	0	0	0	0.01367	0.00181	0	0.01045	0	0.00331	0	0	0.00049	0	0.05604	0.01042	0	0	0	0	0.12413	0	0	0.00031	0	0	0	0	0	0	0.07621	0	0	0	0	0	0	0.02825	0	0.00391	0	0	0.0549	0	0	0	0	0.0135	0.0049	0.01383	0.06562	0.02438	0	0	0.0418	0	0	0	0	0	0	0	0.0627	0	0	0.00017	0.01019	0.06369	0	0	0	0	0.00727	0	0	0	0	0.00991	0.10323	0	0	0	0	0	0	0.11626	0.03203	0.01262	0.00512	0	0	0	0	0	0.01878	0.00213	0	0	0.01353	0	0	0	0	0	0	0	0	0.04327	0	0.11693	0	0	0	0	0.02314	0.02513	0.01138	0	0.03294	0.04	0.00664	0	0	0	0.60622	0.00519	0.00562	0	0	0	0	0.04025	0	0	0.03114	0.00867	0	0	0.02845	0	0	0	0	0.04197	0.00405	0	0	0	0	0.00541	0.01416	0	0	0.04901	0	0.04854	0	0	0	0.34776	0.03017	0.01876	0.03234	0.07099	0.00768	0.0045	0.09776	0.00788	0	0.01824	0.02635	0	0	0.36888	0	0.00692	0	0.00068	0.01432	0	0	0	0.00198	0	0
"Intestinimonas_massiliensis"	0	0	0	0	0	0	0	0	0	0	0	0	0	0	0	0	0	0	0.00718	0	0	0	0.32548	0	0.00064	0.05554	0	0	0.14677	0.00021	0	0.0092	0.00533	0	0.1036	0.04267	0	0	0.002	0.00945	0.00041	0	0	0	0	0	0	0	0	0.00072	0	0	0	0	0	0.01039	0	0	0	0	0	0	0	0	0	0	0	0	0	0	0	0	0	0	0.00052	0.00495	0	0	0	0	0.54149	0	0	0	0	0	0	0	0	0.0097	0.0127	0	0	0	0	0	0	0	0.00345	0	0	0	0	0	0	0	0	0	0	0	0	0	0	0.011	0	0	0	0	0	0	0	0	0	0	0	0	0	0	0	0	0	0	0	0	0	0	0	0	0	0	0	0	0.02021	0	0	0	0	0	0	0	0	0	0	0	0	0	0.02794	0.00752	0	0	0	0	0	0.00025	0	0	0	0	0	0.00747	0	0	0	0	0	0	0	0	0	0	0	0	0.0199	0	0	0	0	0	0	0	0	0	0	0	0	0	0.01486	0	0	0	0	0	0	0	0	0	0	0.04071	0	0	0	0	0	0	0.00084	0	0	0	0	0	0	0	0	0	0	0	0	0	0	0	0	0	0	0.03734	0	0	0.01951	0	0	0	0	0	0	0	0.00039	0	0.20663	0	0	0.00382	0	0	0	0	0	0	0.00607	0	0	0	0	0	0	0	0	0	0	0	0	0	0	0.45884	0	0	0	0	0	0	0	0	0	0	0	0	0	0	0	0	0	0	0	0	0.09833	0	0	0.00257	0	0	0	0	0	0	0	0	0	0	0	0	0	0	0	0	0	0	0	0	0	0	0	0.01014	0	0.0079	0	0	0	0	0	0	0	0	0	0	0	0	0	0	0	0.09767	0.01916	0.00193	0	0	0	0	0	0	0	0	0	0	0	0	0	0	0	0	0	0	0	0	0	0	0	0	0	0	0	0	0	0	0	0	0	0	0	0	0.00067	0.22123	0	0	0	0	0	0	0	0	0	0	0	0	0	0	0	0	0	0	0	0	0	0	0	0	0	0	0	0	0	0	0	0	0	0	0.00223	0	0	0	0	0	0.04881	0	0	0	0.02985	0	0	0	0	0	0
"Solibaculum_mannosilyticum"	0	0	0	0	0	0	0	0	0	0	0	0	0	0	0	0	0	0	0	0	0	0	0	0	0	0.00381	0	0	0	0	0	0	0	0	0	0.00367	0	0	0	0.00164	4e-05	0	0	0	0	0	0	0.01053	0	0	0	0	0	0	0	0	0	0	0	0	0	0	0	0	0	0	0	0	0	0	0	0	0	0	0	0.00188	0	0.0144	0	0	0	0	0	0	0	0	0	0	0	0	0	0	0	0	0	0	0	0	0	0	0	0	0	0	0	0	0	0	0	0	0	0	0	0	0	0	0	0	0	0	0	0	0	0	0	0	0.00184	0	0	0	0	0	0	0	0	0	0	0	0	0	0	0	0	0	0	0	0	0	0	0	0	0	0	0	0	0	0	0	0	0	0	0	0	0	0	0.00528	0	0.00692	0	0	0	0	0	0	0	0	0	0	0	0	0	0	0	0	0	0	0	0	0	0	0	0	0	0	0	0	0	0	0.00526	0	0	0	0	0	0	0	0	0	0	0	0	0	0	0	0.003	0	0	0	0	0	0	0	0	0.00118	0	0	0	0	0	0	0	0	0	0	0.00174	0	0	0	0	0	0	0	0	0	0	0	0	0	0	0	0	0	0	0	0	0	0	0	0	0	0.00076	0	0	0	0	0	0	0	0	0	0	0	0	0	0	0	0	0	0	0	0	0	0	0	0	0	0	0	0	0	0	0	0	0	0	0	0	0	0	0	0	0	0	0	0	0	0	0	0	0	0	0	0	0	0	0	0	0	0	0	0	0	0	0	0	0	0	0	0	0	0	0	0	0	0.00112	0	0	0	0	0.00184	0	0	0	0	0	0	0.03302	0	0	0	0	0	0	0	0	0	0	0	0	0	0	0	0	0	0	0	0	0	0	0	0	0	0	0	0	0	0	0	0	0	0	0	0	0	0	0	0	0	0	0	0	0	0	0	0	0	0	0	0.00029	0	0	0	0	0	0	0	0	0	0	0	0	0	0	0	0	0	0	0	0	0	0	0	0	0.01555	0	0	0.0041	0	0
"Clostridium_sp_1001270H_150608_G6"	0	0	0	0	0	0	0	0	0	0	0	0	0	0	0	0	0	0	0	0	0	0	0	0.27369	0	0	0.2528	0	0	0	0	0	0	0.70713	0	0.38753	0	0	0.00927	0	0.01471	0	0.00304	0	0	0	0	0	0.10886	0.01004	0	0	0	0	0	0	0	0	0	0	0	0	0	0.00355	0	0	0.03222	0	0	0	0	0	0	0	0.00223	0	0	0	0	0	0	0	0	0	0	0.09654	0	0	0	0.15871	0	0	0	0	0	0	0	0	1.39497	0	0	0	0	0	0	0	0	0	0	0	0	0	0	0.41858	0.90015	0	0	0	0	0	0	0	2.92222	0	0	0	0	0	0	0	0	0	0	0	0	0	0	0	0	0	0	0	0	0	0	0	0	0	0	0	0	0	0	0	0	0	0	0	0	0	0	0	0	0.14151	0	0	0	0.56377	0	0	0	0	0	1.40483	0	0	0	0	0	0	0	0	0	0	0	0	0	0	0	0	0.07282	0.32238	0	0	0	0	0	0	0	0	0	0	0	0	0	0	0	0	0	0	0	0	0	0.61955	0	0	0	0	0	0	0	0	0	2.4634	0	0	0	0	0	0	0.02929	0.41034	0	0	0	0	5.86056	0	0	0	0	0	0	0	0.01716	0	0	0	0	0	0	0	0	0	0	0	0	0	0	0	0	0	0	0	0	0	0	0	0	0	0	0	0	0	0	0	0	0	0	0.01396	0	0	0	0.09166	0.00402	0	0	0	0	0	0	0	0	0	0	0	0	0	0	0	0	0	0	0.01624	0	0	0	0	0	0	0	0	0	0	0	0	0.00467	0	0.01419	0	0	0.14506	0	0	0	0	0	0	0	0	0	0.1845	0	0	0	0	0	1.6397	0	0	0	0	0	0	0	0	0	0	0	0	0	0	0	0	0	0	0	0	0	0	0	0	0	0	2.53962	0	0	0	0	0	0	0	0.09707	0	0	0	0	0	0	0	0	0	0	0	0	0	0	0.64601	0	0	0	0	0	0.15543	0	0	0	0	0	0	0	0	0	0	0	0	0	0	0.0033	0	0	0	0	0	0	0	0	0	0	0	0	0	0	0	0	0	0	0	0
"Clostridium_sp_AF12_28"	0	0	0	0	0	0	0	0	0	0	0	0.02495	0	0	0	0	0	0	0	0	0	0	0	0.00731	0.10354	0	0	0	0	0	0	0	0	0	0.058	0.01572	0	0	0	0.00043	0	0	0	0.0055	0	0	0	0	0	0	0.01232	0	0	0	0	0	0	0	0	0	0	0	0	0	0	0	0	0	0	0	0	0	0	0.028	0.04186	0	0	0	0	0	0	0	0	0	0	0	0	0	0	0.03016	0	0	0	0.25384	0	0	0	0	0	0	0	0	0	0	0	0	0	0	0	0	0	0	0	0	0	0	0	0	0	0	0	0	0	0	0	0	0	0	0	0	0	0	0	0	0	0	0	0	0	0	0	0	0	0	0	0	0	0	0	0	0	0	0	0	0	0	0	0	0	0	0	0	0	0	0	0	0	0.0019	0	0	0	0	0	0	0	0	0	0	0	0	0	0	0	0	0	0	0	0	0	0	0	0	0	0	0	0	0	0	0	0	0	0	0	0	0	0	0	0	0	0	0	0	0	0	0	0	0	0	0	0	0	0	0	0	0	0	0	0	0	0	0.0169	0	0	0	0	0.00485	0	0	0	0	0	0	0	0	0.03004	0	0	0	0	0.00984	0	0	0	0	0	0	0	0	0	0	0	0	0	0	0	0	0	0	0.10486	0	0	0	0	0	0	0	0	0	0	0	0	0	0	0	0.00266	0	0	0	0	0	0	0	0	0	0	0.09557	0.04679	0	0	0	0	0	0	0.0048	0	0	0	0	0	0	0	0	0	0	0	0	0	0	0	0	0	0	0	0	0	0	0	0	0	0	0	0.07389	0	0	0	0	0	0	0	0	0	0	0	0	0	0.03175	0.07101	0	0	0	0	0	0	0	0	0	0	0.07466	0	0	0	0	0	0	0	0	0	0	0.08971	0	0	1.00006	0	0	0	0	0.22514	0	0	0	0	0	0	0	0	0.00352	0	0	0.18218	0	0	0	0	0	0	0	0	0	0	0	0	0	0	0	0	0	0	0	0	0	0	0	0	0	0	0	0	0	0	0	0	0	0	0	0	0	0	0	0
"Phocaeicola_coprocola"	0	0	0	0	0	0	0	0	0	0	0	0	0	0	0	0	0	0	0	0	0	0	0	0	0	0	0	0	0	0	0	0	0	0	0	0	0	0	0	0	0	0	0	0	0	0	0	0	0	0	0	0	0	0	0	3.76816	0.51858	0	0	0	0	2.00559	0	0	0	0	0	0	0	17.91549	0.5045	0	0	0	0.10024	0.03171	0	0	0	0	0	0	0	0	0	0	0	0	0	0	0	0	0	0	0	26.31088	16.46082	0	1.25404	0	0	0	0	0	0	0	0	0	0	0	0	0	0	0	0	0	0	0	0	0	0	0	0	0	0	0	0	0	0	0	0	0	0	0	0	0	0	0	0	0	0	0	0	0	0	0	0	0	0	0	0	0	0	0	0	0	0	0	0	0	0	0	0	0.54509	0	0	0	0	0	0	0	0	0	0	0	0	0	0	0	0	0	0	0	0	0	0	0	0	0	0	0	0.13594	0	0	0	8.30651	0.1081	0	0	0	0	0	0	0	0	0	0	0	0	0	2.84049	0	0	0	0	0	0	0	0	0	0	0	0	0	0	0	0	0	0	0	0	0	0	0.1692	0	2.13079	0	0	0	0	0	0	0	0	0	0	0	0	3.9932	0	0	0	0	0	13.74724	4.23673	0	0	2.16849	0	6.2734	0	0	0	0	0	7.58993	3.56604	8.18298	0	0	0	0	0	0	0	0	0	0	12.04141	0	0	0	0	0	0	0	0	0	0	0	0	0	0	5.35744	0	0	0	0	0	0	0	0	0	0	0	0	0.03124	0	0	0	0	0	0	0	0	0	0	0	0	5.91125	0	0	0	0	0	0	0	1.28007	0	0	0	0	0	0	0	0	0	0	0	0	0	0	0	0	0	0	0	0	0	0	0	0	0	0	0	0	0	0	0	0	0	0	0	0	0	0	0	0	0	0	24.73583	0	0	0	0	0	0	0	0	0	0	0	0	0	0	0	0	0	0	0	0	0	0	0	0	0	0	0	0	0	0	0	0	0	10.85926	9.13049	0	0	0	0	0	0	0	0	0	0	0	0	0	0	0	0	0	0	0	0	0	0
"Phocaeicola_plebeius"	0	0	0	0	0	0	0	0	0	0	0	0	0	0	0	0	0	0	0	0	0	0	0	9.8135	0.72435	0	0.34051	0	0	0	0	0	0	0	0	0	0	0	0	0	5.32207	0	0	0	0	0	0	0	0	0	2.20842	0	0	0	0	0	0.6441	0	0	0	0	2.37897	0	0	0	0	0	0	0	19.97245	0.40978	0	0	2.79936	0	1.37963	0	0	0	0	0	0	0	0	0	0	0	0	0	0	0	0	0	12.98823	17.20778	0	0	0	3.04768	0	0	0	0	0	0	0	0	0	0	0	0	0	0	0	0	0	0	0	0	0	7.17407	0	0	0	0	0	0	0	0	0	0	0	0	0	0	0	0	0	0	0	0	0	0	0	3.32629	0	0	0	0	0	0	0	0	0	0	0	0	0	0	0	0	0	0	1.05623	0	1.60532	0	0	0	0	0	0	0	0	0	0	1.47458	0	0	0	0	3.83565	0	0	0	0	0	0	0	0	0	1.30457	0	0	0	0	0	0	0	0	0	0	0	0	0	0	0	0	0	0	1.17534	0	0	0	0	0	0	0	0	0	0	0	0	0	0	0	0	0	0	4.44536	0	0.48154	0	0	8.92731	4.92798	0	0	0	0	0	0	0	0	0	0	0	3.82492	0	0	0	0	0	0	0	0	0	0	0	0	6.85094	22.36175	0	0.31211	0	0	1.38014	0.67644	0	0	0	0.04277	0	0	0	0	0	0	0	0	0	0	0	0	0	0	27.54707	0	0.00119	0	22.29255	0	0	9.59709	24.89817	0	2.46885	0	0	0	0	0	0	18.6563	0	0	0	0	2.35838	0	0	0	0	0	0	0	0	0	0	0	0	0	0	0	0	0	0	0	6.69379	0	0	0.04297	0	0	0	0	28.01425	0	0	0	0	0	0	0.54063	0	0	0	0	0	0	0	0	0	0	0	0	0	23.32682	0	0	0	0	0	0	0	0	0	8.64069	0	0	0	0	0.42737	0	3.20116	0	0	0	0	0	0	0	20.57912	0	0	0	0.23036	0	0	0	0	0	0	0	0	0	0	0	0	0	0	0	0	0	0	0	0	0	0	0	0	13.61071	0	0	0	0	0	0	0	0	0	0	0	0	0	0	0	0	0
"Senegalimassilia_anaerobia"	0	0	0	0	0	0	0	0	0	0	0	0	0	0	0	0	0	0	0	0	0	0	0	0	0.02549	0	0	0	0	0	0	0	0	0	0	0	0	0	0	0	0	0	0	0	0	0	0	0	0	0	0	0	0	0	0	0.00913	0	0	0	0	0	0	0	0	0	0	0	0	0	0	0	0	0.19621	0	0	0.01146	0	0	0	0	0	0	0	0	0	0	0	0	0	0	0	0	0	0	0	0	0	0	0	0	0	0	0	0	0	0	0	0	0	0	0	0	0	0	0	0	0	0	0	0	0	0	0	0	0	0	0	0	0	0	0	0	0	0.03808	0	0	0	0	0	0	0	0.0646	0.15926	0	0	0	0	0	0	0	0	0	0	0	0.07371	0	0	0	0	0	0.1303	0	0	0	0	0	0	0	0.00549	0	0	0	0	0	0	0	0	0	0	0	0	0	0	0	0	0.4934	0	0	0	0	0	0	0	0	0	0	0	0	0	0	0	0	0.34691	0	0	0	0	0	0	0	0	0	0	0.00838	0	0	0	0	0.02216	0	0	0	0	0	0	0	0	0	0	0	0.01059	0	0	0	0	0	0	0	0	0	0	0	0	0	0	0	0	0	0	0	0	0	0.00532	0	0	0	0	0.03037	0	0	0.10699	0	0.03892	0	0	0	0	0	0.00633	0	0	0	0	0	0	0	0	0	0	0	0	0	0	0	0	0	0	0	0	0	0	0	0	0	0	0	0	0	0	0	0	0.03724	0	0.02723	0	0	0	0	0	0	0.22024	0	0	0	0	0	0	0	0	0	0	0	0	0	0	0	0	0	0	0	0	0.07623	0	0	0	0	0	0	0	0	0	0	0	0.27822	0	0	0	0	0	0	0	0	0	0	0	0	0	0	0	0	0	0	0	0	0	0	0	0.03641	0	0	0	0	0	0	0	0	0	0	0	0	0	0	0	0.01619	0	0	0	0	0	0	0	0	0	0	0	0	0	0	0	0	0	0	0	0	0	0	0	0	0	0	0	0	0	0	0	0	0	0	0	0	0	0	0	0	0	0	0	0	0
"Eubacteriales_unclassified_SGB15145"	0	0	0	0	0	0	0	0	0	0	0	0	0	0	0	0	0	0	0	0	0	0	0.05092	0.07179	0	0	0	0	0	0	0	0	0	0	0	0	0.0388	0	0	0.0247	0	0	0	0	0	0	0	0	0.0076	0	0	0	0	0	0	0	0	0	0	0	0	0	0	0	0	0	0	0	0	0	0	0	0	0	0	0.00364	0	0	0	0	0	0	0	0	0	0	0	0	0	0	0	0	0	0	0	0	0	0	0	0	0	0	0	0	0	0	0	0	0	0	0	0	0	0	0	0	0	0	0	0	0	0	0	0	0	0	0	0	0	0	0	0	0	0	0	0	0	0	0	0	0	0	0	0	0	0	0	0	0	0	0	0	0	0	0	0	0	0	0	0	0	0	0	0	0	0	0	0	0	0	0	0	0	0	0	0	0	0	0	0	0	0	0	0	0	0	0	0	0	0	0	0	0	0	0	0	0	0	0	0.1373	0	0	0	0	0	0	0	0	0	0	0	0	0	0	0.06688	0	0	0	0	0	0	0	0	0	0	0	0	0	0	0	0.04283	0.00809	0	0	0	0	0.01689	0	0	0	0	0	0	0	0	0	0	0	0	0	0	0	0	0	0	0	0	0	0	0	0	0	0.02815	0	0	0	0	0	0	0	0	0	0	0	0	0	0	0	0	0	0	0	0	0	0.00629	0	0	0	0	0	0	0	0	0	0	0	0	0	0	0	0	0	0	0	0	0	0	0.00049	0	0	0	0	0	0	0	0	0.14819	0.47693	0.05165	0	0	0.11119	0	0	0	0	0	0	0	0	0	0.00059	0	0	0	0.01335	0	0	0	0	0	0	0	0	0	0	0	0	0	0	0	0	0	0	0	0	0	0	0	0	0	0	0	0	0	0	0	0	0	0	0	0	0	0	0	0	0	0	0	0	0	0	0	0	0	0	0	0	0	0	0	0	0	0	0	0	0	0	0	0	0	0	0	0	0	0	0	0	0	0	0	0	0	0	0	0	0	0	0	0	0	0	0	0	0	0	0	0	0
"GGB51441_SGB71759"	0	0	0	0	0	0	0	0	0	0	0	0	0	0.06469	0	0	0	0	0	0	0	0	0	0.00569	0.01479	0	0	0	0	0	0	0	0	0	0	0	0	0	0.00176	0.00368	0	0	0	0	0	0	0	0	0.02388	0.00783	0.01056	0	0	0	0	0	0	0	0	0	0	0.02304	0	0.02677	0.01095	0	0	0	0	0	0	0	0	0.02405	0.00163	0.00409	0	0	0	0	0	0	0	0	0	0	0	0	0	0.04224	0.0338	0	0	0.06816	0	0	0	0	0	0	0	0	0	0.75142	0.18775	0	0	0	0	0	0	0	0	0	0	0	0	0	0	0	0	0	0	0	0	0	0	0	0	0	0	0	0	0	0	0	0	0	0	0	0	0	0	0	0	0	0	0	0	0	0	0	0	0	0	0	0	0	0	0.02238	0	0	0	0.02456	0	0	0	0	0	0	0	0	0	0	0	0	0	0	0	0	0	0	0	0	0	0	0.03143	0	0	0	0	0	0	0	0	0	0	0	0	0	0	0.03562	0	0	0	0	0	0	0	0	0	0	0	0.07723	0.02252	0	0	0	0.00774	0	0	0	0	0.03276	0	0	0	0	0	0.00356	0.00779	0.02491	0	0	0	0	0	0.00432	0	0	0	0	0.0962	0.00938	0.02655	0	0.03917	0	0	0	0	0	0	0	0	0	0	0.03207	0	0	0	0	0	0	0	0	0	0	0	0	0	0	0.09216	0.026	0	0	0	0	0	0	0	0	0	0	0.00111	0	0	0	0	0	0	0	0	0	0	0	0	0.15027	0	0	0	0	0.01569	0.00046	0	0	0	0	0	0	0	0	0	0	0	0	0.10347	0	0.07026	0	0	0.05476	0	0.03631	0	0	0	0	0	0	0	0.03397	0	0	0	0	0	0.07764	0	0	0	0	0	0.17396	0	0	0	0	0	0	0	0	0.01337	0	0	0	0	0	0	0.00039	0	0	0	0	0	0	0	0	0	0	0	0	0	0.01092	0	0	0	0	0	0	0	0	0	0	0	0.01239	0	0	0.0238	0	0	0	0	0	0	0	0	0	0	0	0	0	0	0	0	0	0	0	0	0	0	0	0	0	0	0	0	0	0	0	0	0	0	0	0	0	0	0	0
"GGB79973_SGB14341"	0	0	0	0	0	0	0	0	0	0	0	0	0	0	0	0	0	0	0	0	0	0	0	0	0	0	0	0	0	0	0	0	0	0	0	0	0	0	0	0.00125	0	0	0	0	0	0	0	0	0	0.00217	0	0	0	0	0	0	0	0	0	0	0	0	0	0.00351	0	0	0	0	0	0	0	0	0	0	0.00791	0	0	0	0	0	0.00137	0	0	0	0	0	0	0	0	0	0	0	0	0	0	0	0	0	0	0	0	0	0	0	0	0	0	0	0	0	0	0	0	0	0	0	0	0	0	0	0	0	0	0	0	0	0	0	0	0	0	0	0	0	0	0	0	0	0	0	0	0	0.00221	0	0	0	0	0	0	0	0	0	0	0	0	0	0	0	0	0	0.07243	0	0	0	0	0	0	0	0	0.06898	0	0	0	0	0	0	0	0	0	0	0	0	0	0	0	0	0	0	0.00993	0	0	0	0	0	0	0	0	0	0	0	0	0	0	0	0	0	0	0	0	0	0	0	0	0	0	0	0	0	0	0	0	0	0	0	0	0	0	0	0	0	0	0	0.08842	0	0	0	0	0	0	0	0	0	0	0	0.00202	0	0	0	0	0	0	0	0	0.07537	0.09425	0	0	0.03151	0	0	0	0	0	0	0	0	0	0	0	0	0	0.03626	0	0	0	0	0	0	0	0	0	0	0	0	0	0	0	0	0	0	0	0	0	0	0	0	0	0	0	0	0	0	0	0	0	0	0	0	0	0	0	0	0	0	0	0	0	0	0	0	0	0.02709	0	0	0	0	0	0	0.16578	0	0	0	0.00568	0	0	0	0	0.09241	0	0	0	0	0	0	0	0	0	0	0	0	0	0	0	0	0	0	0	0	0	0	0	0	0	0	0	0	0.00311	0	0	0	0	0	0	0	0	0	0.02329	0	0	0	0	0	0	0	0	0	0	0	0	0	0	0	0	0	0	0	0	0	0	0	0	0	0	0	0	0	0	0	0	0	0	0	0	0	0	0	0	0	0	0	0	0	0	0	0	0	0	0	0
"Rothia_mucilaginosa"	0	0	0	0	0	0.00058	0.0012	0	0	0.00196	0	0	0	0.0032	0	0	0	0	0	0	0.00124	0	0	0.00675	0	0.00593	0	0	0.01439	0	0	0	0	0.00409	0	0	0	0	0.0011	0.00657	0.00542	0	0	0	0	0.03909	0	0	0	0	0	0	0	0	0	0	0.02719	0	0.0113	0	0	0	0	0.00034	0	0	0	0	0	0	0	0	0	0.00469	0.00104	0.00317	0	0	0	0	0	0	0	0.01353	0.00024	0	0.00143	0	0	0	0.0148	0	0.00068	0.00029	0	0	0.0312	0	0	0.01298	0	0	0	0	0	0	0	0	0	0	0	0.00912	0	0	0	0	0	0	0	0	0	0	0	0	0	0	0	0	0.00842	0	0	0	0	0	0	0	0	0.00208	0	0	0	0	0	0.0045	0	0	0	0	0	0	0	0	0	0	0	0	0	0	0	0	0	0	0	0	0	0	0	0	0	0	0	0	0	0	0	0	0	0	0	0	0	0	0.00234	0	0	0.01548	0	0	0	0	0	0	0	0.00064	0	0	0.01357	0	0	0.0051	0	0	0	0	0	0	0	0	0	0	0	0	0	0	0	0	0	0	0	0	0	0	0	0	0	0	0	0	0	0	0	0	0	0	0	0.0048	0	0	0.02041	0.00461	0	0	0	0	0	0.00111	0	0	0	0	0	0	0	0	0	0	0	0	0	0	0	0	0	0.08206	0	0.0013	0	0	0	0	0	0	0	0	0	0	0	0	0	0	5e-04	0	0	0	0	0	0	0	0.01625	0	0	0	0	0	0	0	0	0.01528	0	0	0	0	0.02552	0	0.00293	0	0	0	0	0	0.00093	0.01058	0	0	0	0.02029	0	0.00048	0.00268	0	0	0.00499	0	0	0	0	0	0	0	0	0	0.01241	0	0	0	0.00325	0	0	0.00285	0	0.04008	0	0.06843	0.00951	0	0	0	0	0	0	0	0	0	0	0	0	0	0	0	0	0	0	0.00118	0	0	0	0	0	0	0	0	0	0	0	0	0	0	0	0	0	0	0.11819	0	0	0	0	0	0	0.00063	0	0	0	0	0.00354	0	0	0	0.01221	0	0	0	0	0	0	0	0	0	0	0.00036	0	0.00046	0	0	0	0	0	0	0	0	0	0.00647	0	0	0.00751	0.00721	0	0	0	0
"Bacteroides_finegoldii"	0	0	0	0	0	0.07428	0	0	0	0	0	0	0	0.44687	0	0	0	0	0	0	0	0	0	0	0	0	0	0	0	0	0	0	0	0	0	0.00133	0.54707	0	0.00331	0.46963	0.03261	0	0	0	0	0	0	0	0.43773	0.17038	0	0	0.15675	0.08151	0	0	0	0	0	0	0	0	0	0	0	0	0	0	0	0.05055	0.00318	0	0	0.00167	0	0.10109	0	0	0	0	0	3.81995	5.15512	0	0	0	0	0	0	0	0	0	0	0	0	0	0	0	0	0	0	0	4.06838	0	0	0	0	0	0	0	0	0	0	0	0	0	0	0	0	0	0	0	4.36237	0	0	0	0	0	0	0	0	0	0	0	0	0	0	0	0	0	0	0	1.69944	0	0	0	0	0	0	0	0	0	0	0	0.41006	0	0	0	0	0	2.02379	0	0	0.15438	0	0	0	0	0	0.37269	0	0	0	0	0	0	0	0	0	0	0	0	0	0	0	0	0	0	0	0	0	0	0	0	0	0	0.97103	0	0.67134	0	0	0.93538	0.14409	0	0	0	0	0	0	0	0	0	0.08077	0	0	0	0	0	0.00345	0	0	0	0	0	0	0	0	0.52568	0	0.02422	0.06	0	0	0	0	0.04372	0.39206	0	0	0	0	0.00336	0	0	0	0	0	0.4732	0	0.05837	0	0	1.22157	0.25494	0.19483	0	0	0.08911	0	0	0	0	0	0	0	0	0	0	0	0	0	0	0	0	0	0	0	0.19165	0	0.29984	0	0	0.12504	0.03108	0.01746	0.31514	0.4546	0	1.05016	0	0	0	0	0	0.30805	0	0	0	0	0	0	0.49227	0	0	0	0	0	0.08692	0	0	0	0	0	0	0	0	0	0	0	0	0	0.92281	0	0	0	0	0.27956	0	0	0	0	0	0	0	0	0	0	0	0	0	0	0	0	0	0	0	0	0	0	0	0	0	0.08968	0	0	0	0	0	0	0	0	0	5.76195	0	0.04189	0	0	0	0	0	0	1.12012	0	0	0	0	0	0	0	0	0	0	0	0	0	0.19191	0	0	0	0	0	0	1.14198	0	0.44082	0.48009	0	0	0	0	0	0	0	0	0	0	0	0	0.50792	0	0	0	0	0.31647	1.11096	0	0	0	0	0	0	0	0	0	0	9.81741	0	0	0
"Parabacteroides_gordonii"	0	0	0	0	0	0	0	0	0	0	0	0	0	0	0	0	0	0	0	0	0	0	0	0	0	0	0	0	0	0	0	0	0	0	0	0.02012	0	0	0	0.03605	0.01035	0	0	0	0	0	0	0	0.14209	0	0	0	0	0	0	0	0	0	0	0	0	0	0	0	0	0.0323	0	0	0	0	0	0	0	0.00717	0.17338	0.01771	0	0	0	0	0	0.29334	1.8726	0	0	0	0	0	0	0	0.04131	0	0	0	0	0	0	0	0	0.05189	0	1.01652	0.42495	0	0	0.06754	0.03632	0	0	0	0	0	0	0	0	0	0	0	0	0	0	0	0	0	0	0	0	0	0	0	0	0	0	0	0	0.09079	0	0	0	0	0	0	0	0	0	0	0	0	0	0	0	0	0	0	0	0	0	0	0	0	0	0.02309	0	0	0	0	0	0	0	0	0	0.01526	0	0	0	0	0	0	0	0	0	0	0	0	0	0	0.01313	0	0	0.3912	0	0	0	0	0	0	0	0	0	0.05604	0	0	0	0	0	0	0	0	0	0	0	0	0	0.16007	0	0	0	0	0	0	0	0	0	0	0.02336	0.03444	0	0	0	0.00507	0	0	0	0	0	0	0	0	0	0	0.16005	0	0	0	0	0	0	0	0	0	0	0	0	0	0	0	0	0	0.01266	0	0	0	0	0	0.02381	0	0	0	0	0	0.01943	0	0	0	0	0	0	0	0	0	0	0	0	0	0	0	0.04458	0	0	0	0	0	0	0	0	0	0	0	0	0	0	0	0	0	0	0	0	0	0	0	0	0	0.21467	0	0.08283	0	0.04323	0.02095	0	0	0	0	0	0.0849	0	0	0	0	0	0	0	0	0	0	0	0.03595	0	0.00475	0	0	0	0	0	0.00376	0	0	0	0	0	0	0	0	0	0	0	0	0	0	0	0	0	0	0	0	0	0	0	0	0	0	0	0	0	0	0	0	0	0	0	0	0	0	0	0	0	0	0	0	0	0	0.03436	0	0	0	0	0.11898	0	0	0	0	0	0	0	0	0	0	0	0	0	0	0.01296	0	0	0	0	0	0	0	0	0	0	0	0	0	0	0	0	0	0
"Actinomyces_SGB17157"	0	0	0	0	0.00325	0	0.00664	0	0	0	0	0	0	0	0	0.0035	0	0	0	0	0	0	0	0	0	0.00376	0	0	0	0	0	0	0	0	0	0	0	0	0	0	0	0	0.00962	0	0	0	0	0	0	0	0	0	0	0	0	0	0	0	0	0	0	0	0	0	0	0	0	0	0	0	0	0	0	0.00121	0	0	0	0	0	0	0.0021	0	0	0	0	0	0	0	0	0	0	0	0	0	0	0	0	0	0	0	0	0	0	0	0	0	0	0	0	0	0	0	0	0	0	0	0	0	0	0	0	0	0	0	0	0	0	0	0	0	0.00394	0	0	0	0	0	0.00329	0	0	0	0	0	0	0	0	0	0	0	0	0	0	0	0	0	0	0	0	0	0	0	0	0	0.02207	0	0	0	0	0	0	0	0	0	0	0	0	0	0	0	0	0	0.0012	0	0	0.02719	0	0	0.00171	0	0	0	0	0	0	0	0	0	0	0	0	0	0	0	0.00238	0	0	0	0	0	0	0.00448	0	0	0	0	0	0	0	0	0	0	0	0	0	0	0	0	0	0	0	0	0	0	0	0.00564	0	0	0	0.00783	0.0186	0	0	0	0	0	0	0.00491	0	0	0	0	0	0	0	0	0	0	0	0	0	0	0	0	0	0	0	0	0	0	0	0	0	0	0	0	0	0	0	0	0.00593	0	0	0	0	0	0	0	0	0	0.00629	0	0	0	0	0	0	0	0	0	0	0.00728	0	0	0	0	0	0	0	0	0	0	0	0	0	0	0	0	0	0	0	0	0.00398	0	0	0	0	0	0	0	0.00469	0	0	0	0.00515	0	0	0	0	0	0	0	0	0	0	0	0	0	0	0	0	0	0	0	0	0	0	0	0	0	0	0	0	0	0	0	0	0	0	0	0	0	0	0	0	0	0	0	0	0	0	0	0	0	0	0	0	0	0	0	0	0	0.00835	0	0	0	0	0	0	0.00392	0	0	0	0	0	0	0	0	0	0	0.01317	0	0	0	0	0.02285	0	0	0	0.00211	0	0	0	0	0	0	0	0	0	0	0
"Megasphaera_hominis"	0	0	0	0	0	0	0	0	0	0	0	0	0	0	0	0	0	0	0	0	0	0	0	0	0.08761	0	0	0	0	0	0	0	0.09267	0	0	0.14221	0	0	0	0.01762	0	0	0	0	0	0	0	0	0	0	0	0	0	0	0	0.02004	0	0	0	0	0	0	0	0	0	0	0	0	0	0	0	0	0	0	0.11724	0	0	0	0	0	0	0	0	0	0	0	0	0	0	0	0	0	0	0	0	0	0	0	0	0	0	0	0	0	0	0	0	0	0	0	0	0	0	0	0	0	0	0	0	0	0	0	0	0	0	0	0	0	0	0	0	0	0	0	0	0	0	0	0	0	0	0.14371	0	0	0	0	0	0	0.03493	0	0	0	0	0	0	0	0	0	0	0	0	0	0	0	0	0	0	0	0	0	0	0	0	0	0	0	0	0	0	0	0	0	0	0	0	0	0	0	0	0	0	0	0	0	0	0.12934	0	0	0	0	0	0	0	0.06157	0	0	0	0	0	0	0	0	0.16244	0	0	0	0	0	0.01075	0	0	0	0	0	0	0	0	0	0	0	0	0	0	0	0	0	0	0	0	0	0	0	0	0	0	0	0	0	0	0	0	0	0	0	0	0	0	0	0	0	0	0	0.32349	0	0	0	0	0	0	0	0	0	0	0	0	0	0	0	0	0	0	0	0	0	0	0	0	0	0	0	0	0	0	0	0	0	0	0	0	0	0	0	0	0	0	0	0	0	0	0	0	0	0	0	0	0	0	0	0.13888	0	0	0	0	0	0	0	0	0	0	0	0	0	0	0	0.06926	0.1596	0	0	0	0	0	0	0	0	0	0	0	0	0	0	0	0	0.01995	0	0	0	0	0	0	0	0	0	0	0	0	0	0	0	0	0	0	0	0	0	0.50237	0	0	0	0	0	0	0	0	0	0	0	0	0	0	0	0.15795	0	0	0	0	0	0	0	0	0	0	0	0	0	0	0	0	0	0	0	0	0	0	0.16495	0	0	0	0	0	0.0234	0	0	0	0	0	0	0	0	0
"Candidatus_Pseudobutyricicoccus_lothianensis"	0	0	0	0.02295	0	0	0	0	0	0	0	0	0	0	0	0	0	0	0	0	0	0	0	0	0	0	0.02784	0	0	0	0	0	0	0	0	0	0	0	0.01376	2e-04	0.00506	0	0	0	0	0	0	0	0	0	0.02722	0	0	0.01302	0.01738	0	0	0	0	0.08071	0	0	0	0	0	0	0.07753	0	0	0	0	0	0.02448	0	0	0	0	0	0	0	0	0.00161	0	0	0	0	0	0	0	0	0	0	0	0	0	0	0	0	0.00748	0	0	0	0	0	0	0	0	0.00655	0	0	0	0	0	0	0	0	0	0.00081	0	0.00478	0	0	0	0	0	0	0	0	0	0	0	0	0	0	0	0	0	0	0	0	0	0.01148	0.14965	0	0	0	0	0.01837	0.01887	0	0	0	0	0	0	0	0	0.01518	0	0	0	0	0	0.002	0	0	0.00374	0	0	0.00356	0	0	0	0	0	0	0	0	0	0	0	0	0	0	0	0	0	0	0.00635	0	0	0.01151	0	0	0	0	0	0	0	0	0	0.00374	0	0.02264	0	0	0	0	0	0	0	0	0	0	0	0	0	0	0	0	0	0	0	0	0	0	0	0	0	0	0	0	0	0	0	0.00389	0	0	0	0	0	0	0	0	0	0	0	0	0	0	0	0	0	0	0	0	0	0	0	0	0	0	0	0	0	0	0	0	0	0	0	0	0	0	0	0	0	0	0	0	0	0	0	0	0	0	0	0	0	0	0	0	0	0	0	0	0	0	0.02556	0	0	0	0	0	0	0	0	0	0	0	0	0	0	0	0	0	0	0	0.00424	0	0	0	0	0	0	0	0	0	0	0	0	0	0	0	0	0.03373	0	0.01814	0	0	0	0	0	0	0	0	0	0	0	0	0	0	0	0	0	0	0	0.00187	0	0	0	0	0	0.00137	0.04741	0	0	0	0	0	0	0	0	0	0	0	0	0.00822	0	0	0	0	0	0	0	0	0.01468	0.00098	0	0	0	0	0	0.07867	0	0	0	0	0	0	0	0	0	0	0	0	0	0	0	0	0	0	0	0	0	0	0	0	0	0	0	0	0	0	0	0	0	0	0
"Oxalobacter_formigenes"	0	0.01906	0	0	0	0	0.03012	0	0	0	0	0	0	0	0	0	0	0	0	0	0	0	0	0	0.01909	0	0	0	0	0	0	0	0	0.02816	0	0	0	0	0.00014	0	0.00097	0	0.00135	0	0	0	0	0	0.04776	0.07418	0.01198	0	0	0.00072	0	0	0	0	0	0	0	0	0	0	0.02485	0	0.00386	0	0	0	0	0	0	0	0	0.00206	0	0	0	0	0	0	0	0	0	0	0	0	0	0	0	0	0	0	0	0	0	0	0	0	0	0	0	0	0	0	0	0	0	0	0	0	0	0	0	0	0	0	0	0	0	0	0.05755	0	0	0	0	0	0	0.01986	0.01354	0	0	0	0	0	0	0	0	0	0	0.04898	0	0	0	0	0	0	0.06439	0	0	0	0	0	0	0	0	0	0	0	0	0	0.00485	0.00868	0	0	0	0	0	0	0	0	0	0	0	0	0	0	0	0	0	0	0	0	0	0	0	0	0	0	0	0	0	0	0	0	0	0	0	0	0	0	0.04709	0	0.03856	0	0.0441	0	0	0	0	0	0	0	0	0	0	0	0	0	0	0.05452	0	0	0	0	0	0.00419	0	0.02392	0	0	0	0.05697	0	0	0.03729	0	0	0	0	0	0	0	0.00743	0	0	0	0	0	0	0	0	0	0	0	0.00296	0	0.02003	0	0	0	0	0	0	0	0.00375	0	0	0.05737	0	0.02248	0	0	0	0	0	0	0	0	0	0	0	0	0	0	0	0	0	0	0	0	0	0	0	0	0	0	0	0	0	0	0	0	0	0	0	0	0	0	0	0.00404	0.00747	0	0	0	0	0	0	0.01397	0	0	0	0.05888	0	0	0	0	0	0	0	0	0	0	0.00752	0	0	0	0	0	0	0	0	0	0	0	0	0	0	0	0	0	0	0	0	0	0	0	0	0	0	0	0	0	0	0	0.04184	0	0	0.01399	0	0	0	0	0.01241	0	0	0	0	0	0	0	0	0.09627	0	0	0	0	0	0	0	0	0	0	0	0	0	0	0	0	0	0	0	0	0	0	0	0	0	0	0	0	0	0	0	0	0	0	0.00296	0	0	0	0	0	0	0	0	0	0
"Streptococcus_sp_F0442"	0	0	0	0	0	0	0	0	0	0	0	0	0	0	0	0	0	0	0	0	0	0	0	0	0	0.00216	0	0	0	0	0	0	0	0	0	0	0	0	0.00265	0.00098	0.00513	0	0	0	0	0	0	0	0	0	0	0	0	0	0	0	0	0	0	0	0	0	0	0	0	0	0	0	0	0	0	0	0	0.00057	0.00031	0.00199	0.00963	0	0	0	0	0	0	0	0	0	0	0	0	0	0	0	0	0	0	0	0	0	0	0	0	0	0	0	0	0	0	0	0	0	0	0.00426	0	0	0	0	0	0	0	0	0	0	0	0	0	0.00046	0	0	0	0	0	0	0	0	0	0	0	0	0	0	0	0	0	0	0	0	0	0	0	0	0	0	0	0	0	0	0	0	0	0	0	0	0	0	0	0	0	0	0	0.00369	0	0	0	0	0	0	0	0	0	0	0	0	0	0	0	0	0.00872	0	0	0	0	0	0	0	0	0	0	0	0	0	0	0	0	0	0	0	0	0	0	0	0	0	0	0	0	0	0	0	0	0	0	0	0	0	0	0	0	0	0	0	0	0	0	0	0	0	0	0	0	0	0	0	0	0	0	0	0	0	0.002	0	0	0	0	0	0	0	0	0	0	0	0	0	0.00364	0	0	0	0	0	0	0	0	0	0	0	0	0	0	0	0	0	0	0	0	0	0	0	0	0	0.03707	0	0	0	0	0	0	0.00367	0	0	0	0	0	0	0	0	0	0	0	0	0	8e-04	0	0	0.00942	0	0	0	0.00791	0	0	0	0	0	0	0	0	0	0	0	0	0	0	0	0	0	0	0	0	0	0	0	0.00188	0	0	0.0095	0	0	0	0	0	0	0	0	0	0	0.01115	0	0	0	0	0.00268	0	0	0.00417	0	0	0	0	0	0	0	0	0	0	0	0	0	0	0	0	0	0	0	0	0	0.00466	0	0.0336	0	0	0	0.00132	0	0	0	0	0	0	0	0	0	0.00327	0	0	0	0	0	0	0	0	0	0	0	0	0	0	0	0	0	0	0	0	0	0	0	0	0	0	0	0
"Actinomyces_sp_ICM58"	0	0	0	0	0.02742	0	0	0	0	0	0.02642	0	0	0	0	0	0	0	0	0	0	0	0	0	0.01177	0	0	0	0	0	0	0	0	0	0	0	0	0	0.00128	0.00618	0.0025	0	0	0	0	0	0	0	0	0	0	0.00892	0.01363	0	0	0	0	0	0.00548	0	0	0	0	0	0	0	0	0	0	0	0	0	0	0.00247	0.00256	0.0068	0	0	0	0	0	0	0.00329	0	0	0	0	0	0	0	0	0	0	0	0	0	0	0	0	0	0.01216	0	0	0.01552	0	0	0	0	0	0	0	0.00318	0	0	0	0	0.00024	0	0	0	0	0	0	0	0	0	0	0	0	0	0	0	0	0.00079	0	0	0.06346	0.00527	0.0074	0	0	0	0	0	0	0	0	0.00209	0	0	0	0	0	0.00115	0	0.04297	0.00468	0	0	0	0	0	0.00544	0	0	0	0	0	0	0	0.0112	0	0	0	0.0192	0	0	0	0.00457	0	0	0	0.00838	0.02405	0	0.04039	0	0	0	0	0.02722	0	0.00329	0	0	0	0.00496	0	0	0.01144	0	0.00534	0	0	0	0	0	0	0	0	0.00303	0	0	0	0	0	0	0	0	0	0	0	0	0	0	0	0	0	0	0	0.01226	0	0	0	0	0	0.01325	0	0	0	0	0	0.00586	0	0	0	0	0.00137	0	0	0	0	0	0	0	0	0	0	0	0.01376	0	0	0	0	0	0	0	0	0	0	0	0	0	0	0	0	0.04623	0.01044	0	0	0	0	0	0	0	0	0	0	0	0	0	0	0	0	0	0	0	0	0	0	0	0	0	0	0	0	0	0.0194	0	0.00564	0.01913	0.00108	0	0	0	0	0	0	0	0	0	0	0	0	0	0	0	0	0	0	0	0	0	0	0	0.00018	0	0	0	0	0.00017	0	0	0	0.00269	0	0	0	0	0	0	0	0	0	0	0	0	0	0	0	0.00396	0	0	0	0	0	0	0	0	0	0.00051	0	0	0	0	0	0	0	0	0	0	0.0595	0	0	0	0	0	0	0	0.00048	0	0	0.0032	0	0	0	0	0	0	0	0	0	0	0	0	0	0	0	0	0	0	0	0	0	0	0	0	0	0	0	0	0	0	0.05852	0.03019	0	0	0	0
"Actinomyces_graevenitzii"	0	0	0	0	0.00239	0.02264	0	0	0	0	0	0	0	0	0	0	0	0.00148	0	0	0	0	0	0	0	0	0	0	0	0	0	0	0	0	0	0	0	0	0.00053	0.00067	0.00225	0	0	0	0	0	0	0	0	0	0	0	0	0	0	0	0	0	0.00656	0	0	0	0	0	0	0.00278	0	0	0	0	0	0	0	0.00233	0.00073	0.00084	0	0	0	0	0	0	0	0	0	0	0	0	0	0	0.00503	0	0	0	0	0	0	0	0	0	0	0	0	0	0	0	0	0	0	0	0	0	0	0	0	0	0	0	0.00037	0	0	0	0	0	0	0	0	0	0.00497	0	0	0	0	0	0	0	0	0.00079	0.0011	0	0	0	0	0	0	0	0	0	0	0	0	0	0	0	0	0.00285	0	0	0	0	0	0	0.00567	0	0	0	0	0	0	0	0	0	0	0	0	0	0	0	0	0	0	0	0	0	0	0.03067	0.00487	0	0	0	0.01057	0	0	0.0036	0	0	0.00399	0	0	0	0	0	0	0	0.0023	0	0	0	0	0	0	0	0	0	0	0	0	0	0	0	0	0	0	0	0	0	0	0	0	0	0.00379	0	0	0	0.00454	0.01093	0	0	0	0.01797	0.00782	0	0.00215	0	0	0	0	0	0	0	0	0	0	0	0	0	0	0	0	0	0	0	0	0.01191	0	0	0	0	0	0	0	0	0	0	0	0	0	0	0.00326	0	0	0	0	0	0	0.00448	0	0	0.00342	0	0	0	0	0	0	0	0	0.00352	0	0	0	0	0	0	0	0	0	0.00124	0	0.0054	0.00025	0	0.00144	0	0	0	0	0	0	0	0	0	0	0	0	0	0	0.00068	0	0	0	0	0	0	0	0	0.00015	0	0	0	0	0.00362	0.02053	0	0.00163	0	0	0	0	0	0	0	0	0	0	0	0	0	0	0	0	0	0	0	0	0	0	0	0	0.01371	0	0	0	0	0	0	0	0	0	0	0	0.05339	0	0	0.00606	0	0	0	0	0.00967	0	0.01772	0	0	0	0	0	0	0.00392	0	0	0	0	0	0	0	0	0.00129	0	0	0.00703	0	0	0	0	0	0	0	0	0	0	0	0.00063	0.00904	0.00335	0	0	0	0.00826
"Streptococcus_rubneri"	0	0.02397	0	0	0	0	0	0	0	0	0	0	0	0	0	0	0	0	0	0	0	0	0	0.02906	0	0	0	0	0	0	0	0	0.00117	0	0	0	0	0	0.00026	0	0	0	0	0	0	0	0	0	0	0	0	0	0	0	0	0	0	0	0	0	0	0	0	0	0	0	0	0	0	0	0	0	0	0.01296	0	0	0	0	0	0	0	0	0	0	0	0	0	0	0	0	0	0	0.01442	0.00589	0	0	0	0	0	0.06635	0	0	0	0	0	0	0	0	0	0	0	0	0	0	0	0	0	0	0	0	0	0	0	0	0	0	0	0	0	0	0	0.00336	0	0	0	0	0.00122	0	0	0	0.00213	0	0	0	0	0	0	0	0	0	0	0	0	0	0	0	0	0	0	0	0	0	0	0	0	0	0	0	0	0	0	0	0	0	0	0	0	0.00069	0	0	0	0	0	0	0	0	0	0	0	0	0	0	0	0	0	0	0	0	0	0	0	0	0	0	0	0	0	0	0	0	0	0	0	0	0	0	0	0	0	0	0	0	0	0	0	0	0.00628	0	0	0	0	0.00145	0.01635	0	0.00238	0	0	0	0.10785	0	0	0	0	0	0	0	0	0	0	0	0	0	0	0	0	0	0	0	0	0	0	0	0	0	0	0	0	0	0	0	0	0	0	0	0	0	0	0	0	0	0	0	0	0	0	0	0	0	0	0	0	0	0	0	0	0	0	0	0	0	0	0	0	0	0	0	0	0	0	0	0	0	0	0.11625	0	0	0	0	0	0	0.00578	0	0	0	0.00154	0	0	0	0	0	0	0	0	0	0	0	0.00385	0	0	0	0	0	0	0	0	0	0	0	0	0	0	0	0	0	0	0	0	0	0	0	0	0	0.00353	0	0.0022	0	0	0	0	0	0	0	0	0	0	0	0	0	0	0	0	0	0	0	0	0	0.02342	0	0.00391	0	0.02965	0	0	0	0	0	0	0	0	0	0	0	0	0	0	0	0	0	0	0	0	0	0	0	0	0	0	0	0	0	0	0	0	0	0	0	0	0	0
"Gemmiger_SGB15295"	0	0	0	0	0	0	0	0	0	0	0	0	0	0	0	0	0	0	0	0	0	0	0	0	0	0	0	0	0	0	0	0	0	2.11297	0.47869	0.00035	0	0	0	0	0	0	0	0	0	0	0	0	0	0	0	0	0	0	0	0	0	0	0	0	0	0	0	0	0	0	0	0	0	0	0	0	0	0	0.01125	0.02817	0	0	0	0	0	0	0	0	0	0	0	0	0	0	0	0	0	0	0	0	0	0	0	0	0	0	0	0	0	0	0	0	0	0	0	0	0	0	0	0	0	0	0	0	0.10677	0	0	0	0	0	0	0	0	0	0	0	0	0	0	0	0	0	0	0	0	0	0	0	0	0	0	0	0.03785	0	0	0	0	0	3.55417	0	0	0	0	0	0	0	0	0	0	0	0	0	0.61095	0	0	0	0	0	0	0	0	0	0	0	0	5.56209	0	0	0	0	0	0	0	0	0	0	0	0	0	0	0	0	0	0	0	0	0	0	0	0	0	0	0	0	0	0	0	0	0	0	0	0	0	0	0	0	0	0	0	0	0	0	0	0	0	0	0	0	0	0	0	0	0	0	0	0	0	0	1.54199	0	0	0	0	0	0	0	0	0	0	0	0	0	0	0	0	0	0	0	0	0	1.18842	0	0	0	0	0	0	0	0	0	0	0	0	0	0	0	1.87591	2.57761	0	0.15009	0	0	0	0	0	0	0	0	0	0	0	0	0	0	0	0	0	0	0	0	0	0	0	0	0	0	0	0	0	0	0	0	0	0	0	0	0	0	0	0	0	0	0	0	0	0.84911	0	0	0.07565	0	0	0	0	0	0	0	0	0	0	0	0	0	0	0	0	0	0	0	0	0	0	0	0	0	0	0	0	0	0	0	0	0	0	0	0	0	0	0	0	0	0	0	0	0	0	0	0	0	0	1.32618	0	1.40705	0.09282	0	5.394	0	0	0	0	0	0	0	0	0	0	0	0	0	0	0	0.17821	0	0	0	0	0	0	0	0	0	0	0	0	0	0	0	0	0	0	0	0	0	0.82071
"Eubacterium_sp_AF16_48"	0	0	0.0651	0	0	0	0.05488	0	0	0	0	0	0	0.05622	0	0	0	0	0.03401	0.02116	0	0	0	0.00607	0	0	0.00547	0	0.01265	0	0	0	0	0	0	0	0	0	0.00438	0.01197	0.0018	0	0	0.16588	0	0	0	0	0.03892	0	0.01579	0	0.03317	0	0	0	0	0	0	0	0	0	0	0.00976	0.00479	0	0.03155	0	0	0	0	0	0	0.00106	0.00218	0.03123	0	0	0	0	0	0	0	0	0	0.04558	0	0	0	0	0	0	0	0	0	0	0	0	0.00725	0	0	0	0	0	0	0	0	0	0	0	0	0	0	0.01954	0.0235	0	0	0	0	0	0.0895	0	0	0	0	0	0	0	0	0	0	0	0	0	0	0	0	0	0	0	0	0	0	0	0	0	0.02652	0	0.20566	0	0	0	0	0	0	0	0	0	0	0.13633	0	0	0	0.0066	0	0	0	0.02001	0	0.03413	0	0.07261	0	0.01583	0	0	0	0	0	0	0	0	0	0	0	0	0	0.06588	0	0	0.06869	0	0	0	0	0.01903	0	0	0	0	0	0.01703	0.05387	0	0	0	0	0.03661	0	0	0.05124	0	0	0.12794	0.03621	0	0	0	0	0	0	0	0	0	0	0	0	0	0	0.03485	0	0	0	0	0	0.01163	0	0	0	0	0	0	0	0	0.02764	0	0	0	0	0	0	0	0	0	0	0	0	0.12788	0	0	0	0	0	0	0	0	0	0	0	0	0	0	0	0	0	0	0	0	0	0	0.04836	0	0.03655	0	0	0	0	0	0	0	0	0	0	0	0	0	0	0	0	0	0	0	0	0	0	0.07497	0	0	0	0	0	0	0	0	0	0	0	0.11999	0.02638	0.01349	0	0	0	0	0.20813	0	0	0	0	0	0	0.00773	0	0	0.04605	0.0326	0	0.0052	0.04882	0	0	0.11336	0	0.03517	0	0.19311	0	0	0	0.0673	0	0	0	0	0	0	0	0	0	0.00113	0	0	0	0	0	0	0	0	0	0	0	0	0	0	0	0	0.38964	0	0	0	0	0	0	0	0	0	0.1093	0	0.04994	0	0	0	0	0	0	1.01904	0	0	0	0	0	0.10723	0	0	0	0	0	0	0	0	0	0	0	0	0	0	0	0	0	0.01003	0	0	0	0	0	0	0	0	0
"Megasphaera_micronuciformis"	0	0	0	0	0	0.01562	0	0	0	0	0.00234	0	0	0	0.18947	2.05046	0	0	0	0	0	0.21715	0	0	0	0	0	0	0	0	0	0	0	0	0	0	0	0	0.00279	0.02089	0.06949	0.0608	0	0	0	0.00362	0.12586	0	0	0	0	0	0	0	0	0	0	0	0	0	0	0	0	0	0	0	0	0	0	0	0	0	0	0.02646	0	0.001	0.00144	0	0	0	0	0	0	0	0	0	0	0	0	0	0	0.28808	0	0	0	0	0	0	0	0	0	0	0	0	0	0	0	0	0	0	0	0	0	0	0	0.00357	0.00128	0	0	0	0	0	0	0	0	0	0	0	3e-04	0	0	0	0	0	0	0	0	0	0	0	0	0	0	0	0	0	0	0	0	0	0	0	0	0	0	0.03764	0	0	0	0	0.01304	0	0	0	0	0	0	0	0	0	0	0	0	0	0.02137	0	0	0	0	0	0.64374	0	0	0.00813	0	0	0	0.10344	0	0	0	0	0	0	0	0	0	0	0	0	0.05819	0	0	0	0	0	0	0	0	0.01519	0	0	0	0	0	0	0	0	0	0	0	0	0	0	0	0	0.0021	0	0	0	0	0	0	0	0	0	0	0	0	0.00781	0	0	0	0	0	0	0	0	0	0	0	0	0	0	0	0	0	0	0	0	0	0	0	0	0	0	0	0	0	0	0	0	0	0	0	0	0.05519	0	0	0	0	0	0	0	0	0	0	0	0	0	0	0	0	0	0	0	0	0	0	0	0	0	0	0	0	0	0	0	0	0	0	0	0	0.00029	0.3434	0	0	0.02372	0	0	0	0	0	0	0	0	0	0	0	0	0	0	0	0	0	0	0	0	0	0	0	0.07853	0	0	0	0	0	0	0	0	0	0	0	0	0	0.03213	0	0	0	0	0	0	0	0	0	0	0	0	0	0	0	0	0	0	0	0	0	0	0	0	0	0.02455	0	0	0	0	0	0	0	0.01009	0	0.02749	0	0	0	0	0.04672	0	0	0.62727	0	0.17395	0	0.00923	0	0	0	0	0	0	0	0	0	0	0	0	0	0	0	0	0	0	0	0	0	0	0.02566	0	0
"Anaerostipes_hominis"	0	0	0	0	0	0	0	0	0	0	0	0	0	0	0	0	0.00329	0	0	0	0.05583	0.59029	0	0	0	0	0	0	0	0	0	0	0	0.00151	0	0	0	0	0.00236	0.02373	0.01273	0	0	0	0	0	0	0	0	0	0	0	0	0	0	0	0	0	0	0	0	0	0	0	0	0	0	0	0	0.17992	0	0	0	0.01626	0	0.00101	0	0.01929	0	0	0	0	0	0.77438	1.92946	0	0	0	0	0	0	0.03136	0.01366	0	0	0.06918	0.02427	0.00025	0	0.01187	0.11395	0.00657	0	0.00596	0	0	0	0	0	0	0	0	0.00513	0	0	0.01657	0	0	0	0.00155	0	0.0301	0	0.00812	0	0	0	0	0.1132	0	0	0.00234	0	0	0	0	0	0	0	0	0	0	0	0	0.00328	0.06678	0	0	0	0	0.2855	0	0	0	0	0	0	0	0	0	0	0	0	0	0	0.00037	0.01904	0	0	0	0	0	0	0	0	0	0	0	0	0	0.23236	0	0.01605	0	0	0	0	0	0	0	0	0	0	0	0	0	0	0	0	0	0	0	0	0	0	0	0	0	0	0	0	0	0	0	0	0	0	0	0	0	0	0.01577	0	0	0	0	0	0.11526	0	0	0	0	0	0	0	0	0	0	0	0	0.03236	0	0.01571	0	0	0	0	0	0.00636	0	0.00035	0	0	0	0	0	0	0	0	0.01605	0	0	0	0	0	0	0	0	0	0	0	0	0	0	0.02517	0	0	0	0	0	0	0	0	0	0	0	0	0	0	0	0	0	0	0	0	0	0	0.09808	0	0	0	0	0	0	0	0	0	0	0	0	0	0	0	0.0163	0	0	0	0	0	0	0	0	0.01413	0	0	0.45148	0	0	0	0	0	0	0	0	0	0	0	0	0	0	0	0.05018	0	0	0	0	0	0.0226	0	0	0	0	0	0	0	0.43267	0.12186	0	0	0	0	0.09246	0.00552	0	0	0	0	0	0.91042	0	0	0	0	0	0	0.33432	0	0	0	0	0.00404	0	0.0037	0	0	0	0	0	0	0.01501	0.14862	0.32021	0	0	0.05432	0	0	0	0	0	0	0	0	0.08718	0	0	0	0	0	0	0	0	0.01164	0	0	0	0	0	0	0	0	0.04947	0	0	0	0	0	0	0
"Frisingicoccus_caecimuris"	0	0	0.00038	0	0	0	0	0	0	0	0	0	0	0	0	0	0	0	0.03956	0.01806	0	0	0	0	0	0	0.04317	0	0	0	0	0	0	0	0	0	0	0	0	0.00483	0	0	0	0	0	0	0	0	0	0	0	0	0	0	0	0	0	0	0	0	0	0	0	0	0.0702	0	0	0	0	0	0	0	0	0.00072	0.01374	0	0	0	0	0	0	0	0	0	0	0	0	0	0.61192	0	0	0	0	0	0.00871	0	0	0	0	0	0	0	0	0	0	0	0	0	0	0	0	0	0	0	0	0	0	0	0	0	0	0	0	0	0	0	0	0	0	0.27305	0.05038	0	0	0	0	0	0	0	0	0	0	0	0	0	0	0	0	0	0	0	0	0	0	0	0	0	0	0	0	0	0	0	0	0	0	0	0	0	0	0	0	0	0	0	0	0	0	0	0	0	0	0	0	0	0	0	0	0	0	0	0.12203	0	0.01239	0	0	0	0	0	0	0	0	0	0	0	0	0	0	0.09449	0	0	0	0	0	0	0	0	0	0	0	0	0	0	0	0	0	0	0	0	0	0	0	0	0	0	0	0	0	0	0	0	0	0.07817	0	0.12086	0	0.08617	0	0	0	0	0	0	0	0	0	0.17505	0	0	0	0	0.07719	0.19573	0	0	0	0	0	0	0	0	0	0	0	0	0	0	0	0	0	0	0	0	0	0	0	0	0	0	0	0.03956	0	0	0	0	0	0	0	0	0	0	0	0	0	0	0	0	0	0	0.08858	0.06936	0	0	0	0	0	0	0	0	0	0	0	0	0	0.05669	0	0	0	0	0	0	0	0	0	0	0	0	0	0	0	0	0	0.02666	0	0	0	0.02344	0	0	0	0.0473	0	0	0	0	0	0	0	0	0.01627	0	0.05338	0	0	0	0	0	0	0	0	0	0	0	0	0	0	0	0	0	0	0	0	0	0	0	0	0	0	0	0	0	0	0	0	0	0	0.16598	0	0	0	0.05784	0	0	0	0	0	0	0	0	0.11601	0	0	0	0	0	0	0	0	0	0	0	0	0	0	0	0	0	0	0	0
"Ezakiella_coagulans"	0	0	0	0	0	0	0	0	0	0	0	0	0	0	0	0	0	0	0	0	0	0	0	0	0	0	0.0118	0	0	0	0	0	0	0	0	0	0	0	0.00226	0	0.02055	0	0.02066	0	0	0	0	0	0	0	0	0.02152	0	0	0	0	0	0	0	0	0.00562	0	0	0	0	0	0	0	0	0	0	0	0	0	0.0059	0.00013	0.01231	0	0	0.62083	0	0	0	0	0	0	0	0	0	0	0	0	0	0	0	0	0	0	0	0	0	0	0	0	0	0	0	0	0	0	0	0	0	0	0	0	0	0	0	0	0	0	0	0.01938	0	0	0	0	0	0	0	0	0	0	0.00434	0	0	0	0	0	0	0	0	0	0	0	0	0	0	0	0	0	0	0	0	0	0.01171	0.06343	0	0.00736	0	0	0	0	0.13234	0	0	0	0	0	0.00106	0	0	0	0	0	0	0	0	0	0	0	0	0	0	0	0	0	0	0	0	0	0	0	0	0	0	0	0	0	0	0	0	0	0	0	0	0	0	0	0	0	0	0	0	0	0	0	0	0	0	0	0	0	0.03391	0	0	0.01834	0	0	0	0	0	0	0	0	0	0	0	0	0	0	0	0	0	0	0	0	0	0	0	0	0	0	0	0	0	0	0.00776	0	0	0	0	0	0	0	0	0	0	0	0	0	0	0	0	0	0	0	0	0	0	0	0	0	0	0	0	0	0	0	0	0	0	0	0	0	0	0	0	0	0	0	0	0	0	0	0	0	0	0	0	0	0.09713	0	0	0	0	0	0	0	0	0	0	0	0	0	0	0	0	0	0	0	0	0	0	0	0	0	0	0	0	0.024	0	0	0	0	0.00185	0	0	0	0	0	0	0	0	0	0	0	0	0	0	0	0	0	0	0	0	0	0	0	0	0	0	0	0	0	0	0	0	0	0	0	0	0	0	0	0	0	0	0	0.00525	0	0	0	0	0	0	0	0	0	0	0	0	0	0	0	0	0	0.08545	0	0	0	0	0	0	0	0	0	0	0	0	0	0	0	0	0	0	0	0
"GGB79634_SGB5832"	0	0	0	0	0	0	0	0	0	0	0	0	0	0	0	0	0	0	0	0	0	0	0	0	0	0	0	0	0	0	0	0	0	0	0	0	0	0	0.00066	0.00115	0.01971	0	0.00329	0	0	0	0	0	0	0	0	0.06177	0	0	0	0	0	0	0	0	0.00269	0	0	0.00043	0	0	0	0	0	0	0	0	0	0.00142	0.01115	0	0.01773	0	0	0.1973	0	0	0	0	0	0	0	0	0	0	0	0	0.01046	0	0	0	0	0	0	0	0	0.00384	0	0	0	0	0	0	0	0	0	0	0	0	0	0	0	0	0	0	0	0	0	0.01002	0	0	0	0	0	0	0	0	0	0	0.00167	0	0.0035	0	0	0	0	0	0	0	0.00204	0	0	0	0	0	0	0	0	0	0	0	0.00101	0.00394	0	0	0	0	0	0	0.03296	0	0	0	0	0	0	0	0	0	0	0	0	0	0	0	0	0.0086	0	0	0	0	0	0	0	0	0	0	0	0	0	0	0	0	0	0	0	0	0	0	0	0	0	0	0	0	0	0	0	0	0	0	0	0	0	0	0	0	0.00911	0	0.01993	0	0	0.0145	0	0	0	0.03655	0	0	0	0	0	0.00974	0.00373	0	0	0	0	0	0	0	0	0	0	0	0	0	0	0	0	0.01364	0	0	0.01667	0	0	0	0	0	0.02676	0	0	0	0	0	0	0	0	0	0	0	0	0	0	0	0.01861	0	0	0	0	0	0	0	0	0	0	0	0	0	0	0	0	0	0	0	0.56327	0	0	0	0	0	0	0	0	0	0	0	0.01797	0	0	0	0	0	0	0.00044	0	0	0	0	0	0	0	0	0	0	0	0	0	0	0	0	0	0	0	0	0	0.0133	0	0	0	0	0	0	0	0	0	0	0	0	0	0	0	0	0	0	0	0	0	0	0	0	0	0	0	0	0	0	0	0	0	0	0	0	0	0	0	0	0	0	0	0	0	0	0	0	0	0	0	0	0	0	0	0	0	0	0.00248	0	0	0	0	0	0	0	0.03472	0	0	0	0	0	0	0	0	0	0	0	0	0	0	0	0	0	0	0	0
"Eubacterium_SGB6276"	0	0	0	0	0	0	0	0	0	1.12715	0	0	0	0	0	0	0	0	3.63027	0	0	0	0	0	0	0	2.41213	0	0	0.55204	0	0	0	0	0	0	0	0	0	0.00829	0.38695	0	2.0548	0.00813	0	0	0	0	0.66336	0.16795	0.41698	0	0	0	0	0	0	0	0	11.53168	0	0	0	0	0	0	0	0	0	0	0	0	0	0	0.03523	0	0	0	0	0	0	0	0	0	0	0	0	0	0	0.8115	0	0	0	0	0	0	0	0	0	0	0	0	0	0	0	0	0	2.60122	0	0	0	0	0	0.48455	0	0	0	0	0	0	0	0	0	0	0	0	0	0	0	0	0	0	0	0	0	0	0	0	0	0	0	0	0	0	0	0	0	0	0.31695	0	0	0	0	0	0	0	0	0	0	0	0	0	0	0.33471	0	0	0	0	0	0	0	3.64907	0	0	0	0	0	0	0	0	0	0	0	0	0	0	0	0	0	0	1.90538	0	0	0	0	0	0	0	0	0	0	0	0	0	0	0	0	0	0	0	0	0	0	0	0.10017	0	0	0	0	0	0	0	0	0	0	0	0	0	0	0.11284	0	0	0	0	0	0	0	0	0	0	0	0	0	0	0.6	0	0	0	0	0	0	0	0	0	0	0	0.97002	0	0	0	0	0	0	0	0	0	0	0	0	0	0	0	0	0	0	0	0	0	0	0.91136	0	0	0	0	0	0	0	0	0	0	0	0	0	0	0	0	0	0	0	0	0	0	0.06742	0.43133	0	1.01943	0	0	0	0	1.24442	0	0	0	0	0	0	0	1.68939	0	0	0	0	0	0	0	0	0	0	0	0	0.44982	0	0	0	0	0	0	0	0	0	0	0	0	0	0	0	0	0	0	0	0	0	0	0	0	0	0	0.87197	0	0	0	0	0	0	0	0.00839	0	0	0	0	0	0	0	0	0	0	0	0	0	0	0	0	0	0	2.96158	0	0.38354	0.012	0	0	0	0	0	0	0	0	0	0	0	0	0	0	0	0	0	0	0	1.93985	0	0	0	0	0	0	0	0	0	0	0	0	0	0	0	0	0	0	0	0
"Blautia_sp_MSK_20_85"	0	0	0	0	0	0	0	0	0	0	0	0	0	0	0	0	0	0	0	0	0	0	0	0.07468	0	0	0	0	0.34742	1.00056	0	0	0	0	0	0	0	0	0.05827	0	0	0	0	0	0	0	0	0	0	0	0	0	0	0	0	0	0	0	0	0	0	0	0	0	0	0	0	0	0	0	0	0	0	0	0	0	0	0	0	0	0	0	0	0	0	0	0	0	0	0.01952	0.53553	0	0	0	0	0	0	0	0	0	0	0	0	0	0	0	0	0	0	0	0	0	0	0	0	0	0	0	0	0	0	0	0	0	0	0	0	0	0	0.12858	0	0	0	0	0	0	0	0	0	0	0	0	0	0	0	0	2.25076	0	0.38351	0	0	0	0	0	0	0	0	0.18808	0	0	0	0	0	0	0	0	0	0	0	3.2226	0	0	0	0	0	0.16714	0	0	0	0	0	0	0	0	0	0	0.80087	0	0	0	0.6217	0	0	0	0	0.36223	0	0	0	0	0	0	0	0	0	0	0	0	0	0	0.00838	0	0	0	0.15211	0	0	0	0	0	0	0	0	0	0	0	0	0	0	0	0	0	0	0	0	0.37281	0	0	0	0	0	0	0	0	1.34596	0	0	0	0	0	0	0	0	0	0	0	0	0	0	0	0	0	0	0	0	0	0.58003	0	0	0	0	0	0	0	0	0	0	0	0	0	0	0	0	0	0	0.00245	0	0	1.37718	0.28752	0	0	0	0	0	0	0	0	0	0	0	0	0	0	0.362	0.16197	0	0	0	0	1.82775	0	0	0	0	0	1.15905	0	0	0	0	0	0	0	0	0	0	0	0.79438	0	0	0	0	0	0	0	0	0	0	0	0	0	0	0	0	0	0	0	0	0	0	0	0	0	0	0	0	0	0	2.17202	0	0	0	0	0	0	0	0	0	0	0	0	0	0	0	0	0	0	0	0	0	0	0	0	0	0	0	0	0	0	0	0	0	0	0	0	0	0	0	0	0	0	0	0	0	0	0	0	0	0	0	0	0	0	0	0	0	0	0	2.01637	0	0	0	0	0	0	0	0	0
"TM7_phylum_sp_oral_taxon_352"	0	0	0	0	0.00877	0.02246	0	0	0	0	0	0	0	0	0	0.03038	0.00505	0	0.00552	0	0	0	0.01931	0	0	0	0	0	0	0	0	0	0	0	0	0	0	0	0.01213	0.00528	0.0041	0	0	0	0	0	0.00503	0	0	0	0	0	0	0	0	0	0	0	0.0265	0	0.00532	0	0	0.00268	0	0	0	0	0	0.00649	0	0	0	0.00617	0.00554	0.00318	0	0.03062	0.01004	0.0052	0	0.03444	0.00258	0	0	0	0.00565	0.00773	0	0.0033	0	0.00835	0.00237	0.00719	0	0.00288	0.10082	0	0	0	0	0	0	0	0	0	0	0	0	0	0	0.01774	0	0	0	0	0.0068	0	0	0	0	0	0	0.00383	0	0	0	0.03904	0.03101	0	0	0.0066	0.08017	0.01808	0	0	0	0	0	0	0	0	0	0	0	0	0	0	0	0.00478	0	0	0	0.01706	0.00496	0.00756	0	0	0	0	0	0	0	0	0	0	0	0	0	0	0	0	0	0	0	0	0	0	0	0	0	0	0	0	0	0	0	0	0	0	0	0	0	0	0	0	0	0	0	0	0	0	0	0	0	0	0.00645	0	0	0	0	0	0	0	0.01095	0	0	0	0	0	0	0	0	0	0	0	0	0	0	0	0	0.00648	0	0	0	0.00742	0	0	0.00496	0	0	0	0	0	0	0.00483	0	0	0	0	0	0	0	0	0	0	0	0	0	0	0	0	0	0	0	0	0	0	0	0	0.00729	0.0047	0	0	0.01073	0	0	0	0	0	0	0	0	0	0.00164	0	0	0	0.01019	0	0	0	0	0	0	0	0	0.00578	0	0	0	0	0.00545	0	0	0	0	0	0	0.00303	0	0	0	0	0	0	0	0	0	0	0.00508	0.00727	0	0	0	0	0	0	0.00234	0	0	0	0	0	0	0.0025	0.02055	0	0	0	0.00274	0	0.24062	0	0	0	0	0.05912	0	0	0	0	0	0	0	0	0	0	0	0	0	0	0	0	0	0.0165	0	0	0	0.0025	0.12807	0	0	0	0	0	0	0	0	0.0042	0	0.12098	0.00531	0	0	0	0	0	0	0.00201	0.0031	0	0	0.00329	0	0	0	0	0.017	0	0	0	0	0.01022	0	0	0	0.01439	0	0	0	0	0	0	0.00456	0	0	0	0	0	0.005	0	0	0	0.01611	0	0	0	0.00759
"Butyricimonas_SGB15260"	0	0	0	0	0	0	0	0	0	0	0	0	0	0	0	0	0	0	0	0	0	0	0	0.09072	0.2927	0	0	0	0	0	0	0	0	0	0	0	0	0	0.01017	0.01847	0	0	0	0	0	0	0	0	0.51661	0.27882	0	0	0	0	0	0	0	0	0	0	0	0.24506	0	0	0	0	0	0	0	0	0	0	0	0	0.00413	0	0	0	0	0	0	0	0	0	0	0.10315	0	0	0	0	0	0	0	0	0	0	0	0	0.21552	0	0	0	0	0	0	0	0	0	0	0	0	0	0	0	0	0	0	0	0	0	0	0	0	0	0	0	0	0	0	0	0	0	0	0	0	0	0	0	0	0	0	0	0	0	0	0	0	0	0	0	0	0	0	0	0	0	0	0	0	0	0	0	0	0	0	0	0	0	0	0	0	0.13357	0	0	0	0	0	0	0	0	0	0	0	0	0	0	0	0	0	0	0.0248	0	0	0	0	0	0	0	0	0	0	0	0	0	0	0	0	0	0	0	0	0	0	0.07457	0	0	0	0	0	0	0	0	0	0	0	0	0	0	0	0	0	0	0	0	0	0	0	0	0	0	0	0	0	0	0	0	0	0	0	0.11966	0	0	0	0	0	0	0	0	0	0	0	0	0	0	0	0	0	0	0.34693	0	0	0	0.02673	0	0	0	0	0	0	0	0	0	0	0	0.00259	0	0	0	0	0	0	0	0	0	0	0	0	0	0	0	0	0	0	0	0.27523	0	0	0	0	0	0	0	0	0	0	0	0	0	0	0	0	0	0	0	0	0	0	0	0	0	0	0.01826	0	0	0	0.0495	0	0	0	0	0	0	0	0	0	0	0	0	0	0	0	0	0	0	0	0	0	0	0	0	0.70816	0	0	0	0	0	0	0	0	0	0	0	0	0.17798	0	0	0	0	0	0	0	0	0	0	0	0	0	0	0	0	0	0	0	0	0	0	0	0	0	0	0	0	0	0	0	0	0	0	0	0	0	0	0	0	0	0	0	0	0	0	0	0	0	0	0	0	0	0	0
"GGB9359_SGB14334"	0	0	0	0	0	0	0	0	0	0	0	0	0	0	0	0	0	0	0.11071	0	0	0	0	0	0	0	0.19086	0	0	0	0	0	0	0	0	0	0	0	0	0.00636	0.00336	0	0	0	0	0	0	0	0.03965	0.27404	0	0	0	0	0	0	0	0	0	0	0	0	0	0	0	0	0	0	0	0	0	0	0	0.02462	0	0.00999	0	0	0	0	0	0	0	0	0	0	0	0	0	0	0	0	0	0.22676	0	0	0	0	0	0	0	0	0	0	0	0.02431	0.0018	0	0	0	0	0	0	0	0	0	0	0	0	0	0	0	0	0	0	0	0	0	0	0	0	0	0	0.03087	0.45053	0	0	0	0	0	0	0	0	0	0	0	0	0	0	0	0	0	0	0	0	0	0	0	0	0	0	0	0	0.04847	0	0	0	0	0	0	0	0	0	0	0	0	0	0	0	0	0	0	0	0	0	0	0	0	0	0	0	0.16481	0	0	0	0	0	0	0	0	0	0	0	0	0	0	0	0	0	0	0	0	0	0	0	0	0	0	0	0	0	0	0	0	0	0	0	0	0	0.07541	0	0	0	0.07281	0	0	0	0	0	0	0	0	0	0	0	0	0	0	0	0.02211	0	0	0	0	0	0	0	0	0	0	0	0	0	0	0	0	0.00273	0	0	0	0	0	0	0	0	0	0	0	0	0	0	0	0	0	0.00792	0	0	0	0	0	0	0	0	0	0	0	0	0	0	0	0	0	0	0	0	0	0	0.2676	0	0	0	0	0	0	0	0	0	0	0	0	0	0	0	0	0	0	0	0	0	0	0	0.0744	0	0	0	0.00639	0	0	0	0	0	0	0	0	0	0	0	0	0	0	0	0.01642	0	0	0	0	0	0.02098	0	0.13996	0.00232	0	0	0	0	0	0.00688	0	0	0	0	0	0	0	0.00231	0	0	0	0	0	0	0	0	0	0	0	0	0	0	0	0	0	0	0	0	0	0	0	0	0	0	0	0	0	0	0	0	0	0	0.01955	0	0	0	0	0	0	0	0	0.07207	0	0	0	0	0	0	0	0	0	0
"GGB9523_SGB14922"	0	0	0	0	0	0	0	0	0	0	0	0	0	0	0	0	0	0	0	0	0	0	0	0	0	0	0.02167	0	0	0	0	0	0	0	0	0	0	0	0.00104	0	0.00814	0	0	0	0	0	0	0	0	0	0.00802	0	0.04322	0	0	0	0	0	0	0	0	0	0	0	0	0.12108	0.20386	0	0	0	0	0	0	0	0.12785	0	0	0	0	0	0	0	0	0	0	0	0	0	0	0	0	0	0	0	0	0	0	0	0	0	0	0	0	0	0	0.07304	0	0	0	0	0	0	0	0	0	0	0	0	0	0	0.07562	0	0	0	0	0	0	1.32043	0	0	0	0	0	0	0	0	0	0	0	0	0	0	0.00267	0	0	0	0	0	0	0	0	0	0	0	0	0	0	0	0	0	0	0	0	0	0	0	0	0	0	0	0	0	0	0	0.02117	0	0	0	0	0	0	0	0	0	0	0	0	0	0	0	0	0	0	0	0	0	0	0	0	0	0	0	0	0	0	0	0.00362	0	0	0	0.08372	0	0	0	0	0	0	0	0	0	0	0	0	0	0	0	0	0	0	0.00949	0	0	0	0	0	0	0	0	0	0	0	0	0	0	0	0	0	0	0	0	0	0	0	0	0	0	0	0	0	0	0	0	0.01161	0	0	0	0	0	0	0.80328	0.92719	0	0	0	0	0	0.1662	0	0	0	2.56307	0	0.12468	0	0	0	0	0	0	0	0	0	0	0	0	0	0	0	0	0	0	0	0	0	0	0	0	0	0	0.06331	0	0	0.59763	0	0	0	0	0	0	0	0	0	0	0.21407	0	0	0	0	0	0	0	0	0	0	0	0	0	0	0	0	0	0	0	0	0	0	0	0	0	0	0	0	0	0	0	0	0	0	0	0	0	0	0	0	0	0	0	0	0	0	0	0	0	0	0.28778	0	0	0	0	0	0	0	0	0	0	0	0	0	0	0	0	0	0	0	0	0	0	0	0	0	0.13679	0	0	0	0	0	0	0	0	0	0	0	0	0	0	0	0	0	0	0.26234	0	0	0	0	0	0	0	0	0
"Acidaminococcus_massiliensis"	0	0	0	0	0	0	0	0	0	0	0	0	0	0	0	0	0	0	0	0	0	0	0	0	0	0	0	0	0	0	0	0	0	0	0	0	0	0	0	0.00794	0.00394	0	0	0	0	0	0	0	0	0	0	0	0	0	0	0.01642	0	0	0	0	0	0	0	0	0	0	0	0	0	0	0	0	0	0.36112	0	0.0434	0	0	0	0	0.00205	0	0	0	0	0	0	0	0	0	0	0	0	0	0	0	0	0	0	0	0	0	0	0	0	0.0191	0.01974	0	0	0	0	0	0	0	0	0	0	0	0	0	0	0	0	0	0	0	0	0	0	0.00434	0	0	0	0	0	0	0	0	0	0	0	0	0	0	0	0	0	0	0.61623	0	0	0	0	0	0	0	0	0.54341	0	0	0	0	0	0.01408	0	0	0	0	0	0	0	0	0	0	0	0	0	0	0	0	0	0	0	0	0	0	0	0	0	0	0	0.02563	0	0	0	0	0.01172	0	0	0.0408	0	0	0	0	0	0	0	0	0	0	0	0	0	0	0	0	0	0	0	0	0	0	0	0	0	0	0	0	0	0	0	0	0	0	0	0.00768	0	0	0	0	0	0	0	0	0.03901	0	0	0	0	0.11534	0	0	0	0	0	0	0.01684	0	0.15561	0	0	0	1.25523	0	0	0	0	0	0	0	0	2.28294	0	0.02396	0	0	0	0	0	0.0149	0	0	0	0	0	0	0.01248	0.03171	0	0	0	0	0	0.34588	0	0	0	0.64601	0	0	0	0	0	0	0	0	0	0	0	0	0	0	0	0	0	0	0	0	0	0	0	0	0	0	0	0	0	0	0	0	0	0.00108	0	0	0.01585	0.06088	0	0	0	0	0	0	0	0	0	0	0	0	0	0	0	0	0	0	0	0	0	0	0	0	0	0.46563	0	0	0	0	0	0	0	0	0	0	0	0	1.20746	0	0	0	0	0	0	0	0	0.00478	0	0	0	0	0	0	0	0	0	0	0	0	0	0	0	0	0	0.42042	0	0	0	0	0	0	0.0162	0	0	0	0	0.07319	0	0	0	0	0.19675	0	0	0	0	0.75362	0	0	0	0	0
"GGB51959_SGB72479"	0	0.0258	0.01923	0	0	0	0	0	0.00315	0	0	0	0	0.03036	0	0	0	0	0.01192	0	0	0	0	0	0.01371	0	0.01323	0	0.00297	0	0	0	0	0.02001	0.00228	0.03384	0	0	0	0.00028	0	0	0	0	0	0	0.00238	0	0.01094	0.01658	0.00795	0	0	0	0	0	0	0	0	0	0	0	0	0	0	0	0	0	0	0	0	0	0	0.00061	0	0.00599	0	0	0	0	0.00559	0	0	0	0	0	0	0	0.00931	0	0	0	0	0.00565	0	0.00121	0	0	0	0	0	0.01544	0.006	0.03166	0	0	0	0	0	0	0	0	0	0	0.0159	0	0	0	0	0	0	0	0	0	0	0.01115	0.01872	0	0	0.01433	0	0	0	0	0	0	0	0	0	0	0	0	0.01224	0	0	0	0.00929	0	0.03908	0	0	0.01646	0	0	0	0	0	0.02465	0	0	0	0	0	0.00017	0	0	0	0	0	0.01044	0	0	0	0.00861	0	0	0	0	0.03521	0	0	0	0	0	0	0	0	0	0	0	0.02513	0.04443	0	0	0	0	0	0	0	0	0	0.01827	0	0	0	0	0	0	0	0	0	0	0	0.00453	0	0	0	0	0.00525	0.0659	0	0	0	0	0	0	0	0	0	0.0242	0	0	0	0	0	0.00111	0	0	0	0	0	0	0	0.03402	0.03883	0	0.02008	0	0	0	0	0	0	0	0	0	0	0.00966	0	0	0	0	0	0	0	0	0.12103	0	0	0	0	0	0	0	0	0	0	0.01661	0	0	0	0	0	0.01699	0	0	0	0.00173	0.00054	0	0	0	0	0	0	0	0	0	0	0	0	0	0	0	0	0	0	0	0.00208	0	0.02956	0.0043	0	0	0	0	0	0	0.02753	0	0	0	0	0	0	0	0	0	0.06081	0	0	0.0099	0	0	0.03677	0.02171	0	0	0	0	0	0	0	0.03547	0	0	0	0	0	0	0	0	0	0	0	0	0	0	0	0	0	0	0	0	0.01251	0	0.00041	0	0	0	0	0	0	0	0	0	0	0	0	0	0	0	0	0	0	0.0265	0	0	0.00675	0	0	0	0	0.02229	0	0	0	0	0	0	0	0	0	0	0	0	0	0	0	0	0	0	0	0	0	0	0	0	0	0.06263	0	0	0	0	0	0	0	0	0
"GGB38744_SGB14842"	0	0	0	0	0	0	0	0	0	0	0	0	0	0	0	0	0	0	0	0	0	0	0	0	0	0	0	0	0	0	0	0	0	0	0	0	0	0	0	0.00104	0	0	0	0	0	0	0	0	0	0	0	0	0.00247	0	0	0	0	0	0	0	0	0	0	0	0.10372	0	0	0	0	0	0	0.00352	0	0	0	0	0	0	0	0	0	0.00131	0	0	0	0	0	0	0	0	0	0	0	0	0	0	0	0	0	0	0	0	0.00057	0.00755	0	0	0	0	0	0	0	0	0	0	0	0	0	0	0	0	0	0	0	0	0	0	0	0	0	0	0	0	0	0	0	0	0	0	0	0	0	0	0	0	0	0	0	0	0.00179	0	0	0	0	0	0	0	0	0	0	0	0.00058	0	0	0	0	0	0	0	0	0	0	0	0	0	0	0	0	0.00191	0	0	0	0	0	0	0	0	0	0	0	0	0	0	0	0	0	0	0	0	0	0	0	0	0	0	0.14357	0	0	0	0	0.00031	0	0	0	0	0	0	0	0	0	0	0	0	0	0.00373	0	0	0	0	0	0	0.0024	0	0	0	0	0	0.00348	0	0	0	0.04564	0	0	0	0.08016	0	0	0	0	0	0	0	0	0	0.13731	0	0	0	0	0	0	0	0	0	0	0	0	0	0	0	0	0	0	0	0	0	0	0	0	0	0	0	0	0.05252	0	0	0	0	0	0	0	0	0.00633	0	0	0.24252	0	0	0	0	0	0	0	0	0	0	0	0	0	0.00867	0.04697	0	0	0	0	0	0	0	0	0	0	0	0	0	0	0	0	0	0	0	0	0	0.01357	0	0	0	0	0.42342	0	0	0	0	0	0	0	0	0.00181	0	0	0	0	0	0	0	0	0	0	0	0	0	0	0	0	0.00157	0	0	0	0	0	0	0	0	0	0	0	0	0	0	0	0	0	0	0	0	0	0	0	0	0	0	0	0	0	0	0	0	0	0	0	0	0	0	0	0	0	0	0	0	0.00252	0	0	0	0	0	0	0	0	0	0	0	0	0	0	0	0	0	0	0	0
"Clostridium_SGB6177"	0	0	0	0	0	0	0.00646	0	0	0	0	0	0	0	0	0	0	0	0	0	0	0	0	0	0	0	0	0	0	0.00181	0	0	0	0	0	0	0	0	0.0048	0.00088	0.00147	0	0	0	0	0	0	0	0	0	0	0	0	0	0	0	0	0	0	0	0	0	0	0	0	0.007	0.02649	0	0	0	0	0	0	0.00934	0	0.01138	0	0	0	0	0	0	0	0	0	0	0	0	0	0	0	0	0.07966	0	0	0	0	0	0	0	0	0	0	0	0	0	0	0	0	0	0	0.11493	0	0	0	0	0	0	0.01242	0	0	0	0	0	0	0	0	0	0	0	0	0	0	0	0	0	0	0	0	0	0	0	0	0	0	0	0	0	0	0	0	0	0	0	0	0	0	0	0	0	0	0	0.01279	0	0	0	0	0	0	0	0	0	0	0	0	0	0	0	0	0	0	0	0	0.15884	0	0	0	0	0	0	0	0	0	0	0	0	0.00199	0	0	0	0	0	0	0	0	0	0	0	0	0	0	0	0	0	0	0	0	0	0.02523	0	0	0	0	0	0.0882	0	0	0	0	0.0154	0	0	0	0	0	0	0	0	0	0	0	0	0	0	0	0	0	0	0	0	0	0	0	0	0	0	0	0	0	0.00096	0	0	0	0	0	0.03929	0	0	0	0	0	0	0	0	0	0	0	0.01235	0	0	0	0	0	0	0	0	0	0	0	0	0	0	0.04782	0	0	0	0	0	0	0	0	0.00524	0	0	0	0	0	0	0	0	0	0	0	0	0	0	0	0	0	0	0	0	0.01347	0.001	0	0	0	0	0	0	0	0	0	0	0	0	0	0	0.01383	0	0	0	0	0	0	1.30206	0	0	0	0	0	0	0	0	0.00261	0	0	0	0	0	0	0	0	0	0	0	0	0	0	0	0.14582	0	0	0	0	0	0	0	0	0	0	0	0	0	0	0	0	0	0	0	0	0	0	0	0	0	0	0	0	0	0.00253	0	0	0	0	0	0	0	0	0	0	0	0	0	0	0	0	0	0	0	0	0	0	0.20487	0	0	0	0	0
"Porphyromonas_sp_HMSC065F10"	0	0	0	0	0	0	0	0	0	0	0	0	0	0	0	0	0	0	0	0	0	0	0	0	0	0	0.00665	0	0	0	0	0	0	0	0	0	0	0	0.00202	0.00221	0.03804	0	0.0329	0	0.00171	0	0	0	0.00606	0	0	0.08794	0	0	0	0	0	0	0	0	0	0	0	0.01413	0	0.00409	0	0	0	0	0	0	0	0.00221	0.03023	0	0.02073	0	0	1.17912	0	0	0	0	0	0	0	0	0.00399	0.00142	0	0	0.01774	0	0	0	0	0	0	0	0	0	0	0.00558	0	0	0	0	0	0	0	0	0	0	0	0	0	0	0	0	0	0	0	0	0	0	0.00212	0	0	0	0	0	0	0	0	0	0	0	0	0	0	0	0	0	0	0	0	0	0	0	0	0	0	0	0	0	0.01295	0	0	0.05276	0	0	0	0	0.02364	0	0	0	0	0	0.01795	0	0	0	0	0	0	0	0	0	0	0	0	0	0	0	0.00066	0.00297	0	0	0	0	0	0	0	0	0	0	0	0	0	0	0	0	0	0	0	0	0	0	0	0	0	0	0	0	0	0	0	0	0	0	0.00632	0	0.08617	0	0	0.04325	0	0	0	0	0	0	0	0	0	0.06097	0.01442	0	0	0	0	0	0	0	0	0	0	0	0	0	0	0	0	0	0	0	0.03676	0	0	0.00304	0	0	0.12074	0	0	0	0	0	0	0	0.00224	0	0	0	0	0	0	0	0.01549	0	0	0	0	0	0	0	0	0	0	0	0	0	0	0	0	0	0	0	0	0	0	0	0	0	0	0	0	0	0	0	0	0	0	0	0	0	0	0	0	0	0	0	0	0	0	0	0	0	0	0	0	0	0	0	0	0	0	0	0	0	0	0	0	0	0.02024	0	0	0	0	0	0	0	0	0	0	0	0	0	0	0	0	0	0	0	0	0	0	0	0	0	0	0	0	0	0	0	0	0	0	0	0	0	0	0	0	0	0	0	0	0	0	0	0	0	0	0	0	0	0	0	0	0	0	0	0	0	0	0	0	0	0	0	0	0	0	0	0	0	0	0	0	0	0	0	0	0	0
"Lachnoclostridium_edouardi"	0.01206	0	0	0	0	0	0	0	0	0	0	0	0	0	0	0	0	0	0	0	0	0	0.03593	0	0	0	0	0	0	0	0	0	0	0.00125	0.02008	0.00396	0	0	0.00242	0	0.0193	0	0	0	0	0	0	0	0.00813	0.012	0.00465	0	0	0	0	0	0	0	0	0	0	0	0.00058	0	0	0	0	0	0	0	0	0	0	0.001	0.00768	0	0	0	0	0	0	0	0	0	0	0	0	0	0	0	0	0	0	0	0	0	0	0	0.00543	0	0	0	0	0	0	0	0	0.07965	0.15791	0	0	0	0	0	0	0	0	0	0	0	0	0	0	0	0	0	0	0.05434	0.13362	0	0	0	0	0	0	0	0	0	0	0	0	0	0	0	0	0	0	0	0	0	0	0	0	0	0	0	0	0	0	0	0	0	0	0	0	0	0	0	0	0	0.00717	0	0	0	0	0	0	0	0.04264	0	0	0	0	0	0	0	0	0	0	0	0	0	0	0	0	0	0	0	0	0	0	0	0.00279	0	0	0	0	0	0	0	0	0	0	0	0	0	0	0	0	0	0	0	0	0	0	0	0	0	0	0	0	0	0	0	0	0	0	0	0	0.02263	0	0	0	0	0	0.01531	0	0	0	0	0	0	0	0	0	0	0	0	0	0	0	0	0	0	0	0	0	0.00919	0.00951	0	0	0	0	0	0	0	0	0	0	0	0	0	0	0	0	0	0	0	0	0	0	0	0	0	0	0	0	0	0	0	0	0	0.00124	0	0	0	0	0.00065	0	0	0	0	0	0	0.01001	0	0	0	0	0	0	0	0	0	0.05826	0	0	0	0	0	0	0	0	0	0	0.00047	0	0	0	0	0	0	0	0.00021	0	0	0	0	0	0	0.01186	0	0	0	0	0	0	0	0	0	0	0	0	0	0	0	0	0	0	0	0	0	0	0	0.00585	0	0	0	0	0	0	0	0	0	0	0	0	0.00906	0	0	0	0	0	0	0	0	0	0	0	0	0	0	0	0	0	0	0	0	0	0	0	0.01063	0	0	0	0	0	0	0	0	0	0	0	0	0	0	0	0	0.03406
"Christensenella_intestinihominis"	0	0	0	0	0	0	0	0	0	0	0	0	0	0	0	0	0	0	0	0	0	0	0	0	0	0	0.00174	0	0	0.00015	0	0	0	0	0	0	0	0	0.00041	0.00078	0	0	0	0	0	0	0	0	0	0	0	0	0	0	0	0	0	0	0	0	0	0	0	0	0	0	0	0	0	0	0.05106	0	0	0	0	0	0	0	0	0	0	0	0	0	0	0	0	0	0	0.00758	0	0	0	0	0	0	0	0	0	0	0	0	0	0	0	0	0	0	0	0	0	0	0	0	0	0	0	0	0	0	0	0	0	0	0	0	0.00039	0	0	0	0	0	0	0	0.00657	0	0	0	0	0	0	0	0	0	0	0	0	0	0	0	0	0	0	0	0	0	0	0.00302	0	0	0.00093	0	0	0	0	0	0	0	0	0	0	0	0	0	0	0	0	0	0	0	0	0	0	0	0	0	0.00334	0	0	0	0	0	0	0	0	0	0	0	0	0	0	0	0	0	0	0	0	0	0	0	0.00356	0	0	0	0	0	0	0	0	0	0	0	0	0	0	0	0	0	0	0	0	0	0	0	0	0	0	0	0	0	0	0.00821	0	0	0	0	0	0	0	0	0	0	0	0.0016	0	0	0	0.00239	0.00595	0	0	0	0	0	0	0	0	0	0	0	0	0	0	0	0	0	0	0	0	0	0	0	0	0	0	0	0	0	0	0	0.0068	0	0	0	0	0	0	0	0	0	0	0	0	0	0	0	0	0	0	0	0	0	0	0	0	0	0	0	0	0	0	0	0	0	0	0	0	0	0	0	0	0	0	0	0.02145	0	0	0	0	0	0	0	0	0	0	0	0	0	0	0	0	0	0	0	0	0	0	0	0	0	0	0	0	0	0.01071	0	0	0	0	0	0	0	0	0	0	0	0	0	0	0	0	0	0	0	0	0	0	0	0	0	0	0	0	0	0	0	0	0	0	0	0	0	0	0	0	0	0	0	0	0	0	0	0	0	0	0	0	0	0	0	0	0	0	0	0	0	0	0	0
"Enterococcus_SGB6173"	0	0	0	0	0	0	0	0	0	0	0	0	0	0	0	0	0	0	0	0	0	0	0	0	0	0	0	0	0	0	0	0	0.00079	0	0	0	0	0	0.00023	0.00051	0.01042	0	0	0	0	0	0	0	0	0	0	0	0	0	0	0	0	0	0	0	0	0	0.00227	0	0	0	0	0	0	0	0	0	0	0.02006	0.00077	0.00016	0	0.01169	0	0	0.02317	0	0	0	0	0	0	0	0	0	0	0	0	0.15619	0.02338	0	0	0	0	0.00013	0	0	0	0	0	0	0	0	0	0	0	0	0	0	0.00854	0	0	0	0	0	0	0	0	0	0	0	0	0	0	0	0	0	0	0	0	0	0	0	0	0	0	0	0	0	0	0	0	0	0	0	0	0	0.01892	0	0	0	0	0	0	0	0	0	0	0.01216	0	0	0	0	0	0	0	0	0	0	0	0	0	0	0	0	0	0	0.00209	0	0.14703	0	0	0	0	0.06092	0.03774	0	0	0	0	0	0.01221	0	0	0.01697	0	0.02179	0.06343	0	0	0	0.05347	0	0	0	0	0	0	0	0.03605	0	0	0	0	0	0	0	0	0	0.00054	0.00352	0	0	0	0.01289	0	0	0	0	0	0	0	0	0.11278	0	0	0	0	0.07437	0	0	0	0	0	0	0	0	0	0	0	0	0	0	0	0	0	0	0	0.0464	0.01321	0	0	0	0	0	0	0	0	0	0	0	0	0	0	0	0	0	0	0.0189	0	0	0	0	0	0	0	0	0.0934	0	0	0	0	0	0	0	0	0	0	0	0	0	0	0	0	0	0	0	0	0	0	0	0	0.01051	0	0	0	0	0	0.03451	0	0	0	0	0	0	0	0	0	0	0	0.00264	0	0.23307	0	0	0.00071	0	0.11526	0	0	0	0	0	0	0	0.00086	0	0	0	0	0	0	0	0	0	0	0	0	0	0	0	0	0	0	0	0.00461	0	0	0.00192	0	0	0	0	0	0	0	0	0	0	0	0	0	0.01905	0	0.13706	0	0	0	0	0	0	0	0	0	0	0.00815	0	0	0	0	0	0	0	0.01631	0	0	0	0	0.07172	0	0	0.0041	0	0	0	0	0	0	0.33614	0	0	0	0	0
"Oscillospiraceae_bacterium_NSJ_64"	0	0	0	0	0	0	0.01083	0.00764	0	0	0	0	0	0	0	0	0	0	0	0	0	0	0	0	0.00316	0	0	0	0	0	0	0	0	0	0	0	0	0	0	0.00058	0	0	0	0	0	0	0	0	0.00227	0	0	0	0	0	0	0	0	0	0	0	0	0	0	0	0	0.00943	0	0	0	0	0	0	0	0	0	0	0	0	0	0	0	0	0	0	0	0	0	0	0	0	0	0	0	0	0	0	0	0	0.00069	0	0	0	0	0	0	0	0	0	0	0	0	0	0	0	0	0	0	0	0	0	0	0	0	0	0	0	0.00162	0	0	0.00016	0	0	0	0	0	0	0	0	0	0	0	0	0	0	0	0	0	0	0	0	0	0	0	0	0	0	0	0.01783	0	0	0	0	0	0	0	0	0	0	0	0	0	0	0	0	0	0	0	0	0	0	0	0	0	0	0	0	0	0	0	0	0.00233	0	0	0	0	0	0	0	0	0	0	0.00179	0.00044	0	0	0	0	0.00145	0	0	0.01696	0	0	0	0.01303	0	0	0	0.00272	0.00362	0	0	0	0	0	0	0	0	0	0.01686	0	0	0	0	0	0	0.00259	0.00076	0	0	0	0	0	0.00084	0	0	0	0	0	0	0	0	0	0	0	0	0	0	0	0	0	0	0	0	0	0	0	0	0	0.0114	0	0.01401	0	0	0	0.00511	0	0	0	0	0	0	0	0	0	0	0	0	0	0	0	0	0.00283	0	0	0.00061	0	0	0	0	0	0	0	0	0	0	0	0	0	0	0.00029	0	0	0	0	0	0	0	0	0	0	0	0	0	0	0	0	0	0	0	0	0	0	0	0	0.00083	0	0	0	0	0	0	0	0	0	0	0	0	0	0	0	0	0	0	0	0	0	0	0	0	0	0	0	0	0	0	0.03579	0	0	0	0	0	0	0	0	0	0	0	0	0	0	0	0	0.01184	0	0	0	0	0	0	0	0	0	0	0	0	0	0	0	0	0	0	0	0	0	0	0.00041	0	0	0	0	0	0	0	0	0	0	0	0	0	0	0	0	0	0	0	0	0	0
"GGB9758_SGB15368"	0	0	0	0	0	0	0	0	0	0	0	0.45369	0	0	0	0	0	0	0	0	0	0	0	0	1.36695	0	6.32671	0	0	0	0	0	0	0	0	0.50488	0	0	0	0	0.71207	0	0	0	0	0	0	0	0.68026	0.04795	3.31136	0	0	0	0	0	0	0	0	0	0	0	0	0.24571	1.0359	0	0	0	0	0	0	0	0	0.09213	1.01399	0.80401	0	0	0	0	0.04096	0	0	0	0	0	0	0	0	0	0.00948	0	0	0.84773	0	0	0	0	0.20114	0	0	0	0	0	0	0	0	4.0448	0	0	0	0	0	0	0	0	0	0	0	0	1.26506	0	0	0	0	0	0	0	0	0	0	0	0	0	0	0	0	0	0	0	0	0	1.3107	0	0	0	0	0	0.81683	0	0	0	0	0	0	0	0	0	0	0	0	0	0	0	0	0	0	0.55148	0	1.61857	0	0	0	0	0	0	0	0	0	0	0	0	0	0	0	0	0	0	0	0	0	0.1266	0	0	0	0.53419	0.01457	0	0	0	0	0	0.45932	0	0	1.3351	0	0	0	0	0.80711	0	0	0.25566	2.15426	0	0	0	0.1728	0	0	0	0	0	0	0	0	0	0	1.78081	0	0	0	0	0	0.79301	0	0	0	0	0	0	0	0.55668	0.07479	0	0	0	0	0	0	0	0	0	0	0	1.65076	0.937	0	0	0	0	0	0	0	0	0	0	0	0	0	0	0	0	0	0	0	0	0	2.6889	0	0	0	0	0	0	0	0	0	0	0	0	0	0	0	1.57164	0	0	0	0	0	0	0	0.40086	0	0	0	0	0	0	0.35814	0	0	0	0	0	2.04436	0	0	0	0	0	0	0	0	0	0	0	0	0	0	0.32547	0	0	2.3226	2.47797	0	5.77462	5.54938	0	0	0	0	0.36251	0	0	0	0	0.41697	0	0	0	0	0	0	0	0	0	0	1.24159	0	0	0	0	0	0	0	0	0	0	0	0	0.19502	0	0	0	1.06502	0	0	0	0	0	0	0	0	0	0	0	0	0	0	0	0	0	0	0	0	0	0	0	0	0	0	0	0	0	0	0	0	0	0	0	0	0	0	0.01819	0	0	0	0	0	0	0	0	0	0	0	0	0
"Cloacibacillus_evryensis"	0	0	0	0	0	0	0	0	0	0	0	0	0	0	0	0	0	0	0	0	0	0	0	0	0	0	0	0	0	0	0	0	0	0	0	0	0	0	0.01002	0	0	0	0	0	0	0	0	0	0.01931	0.0024	0	0	0	0	0	0	0	0	0	0	0	0	0	0	0	0	0	0	0	0	0.18181	0	0	0	0	0.00482	0	0	0	0	0.08342	0	0	0	0	0.00021	0	0	0	0	0	0	0	0	0	0	0	0	0	0	0	0	0	0	0	0	0	0	0	0	0	0	0	0	0	0	0	0	0	0	0	0	0	0	0	0	0.03417	0.09415	0	0	0	0	0	0	0	0	0	0	0	0	0	0	0	0	0	0	0	0	0.03117	0	0	0.01054	0	0	0	0	0	0	0	0	0	0	0	0	0	0	0	0	0	0	0	0	0	0	0	0	0	0	0	0	0	0	0	0	0	0	0	0	0	0	0	0	0	0	0	0	0.00519	0	0	0	0	0	0.11736	0	0.00445	0	0.00207	0	0	0	0	0	0	0	0	0	0	0	0	0	0	0	0	0	0	0	0	0	0	0.00191	0	0	0	0	0	0	0	0	0	0	0	0	0	0	0	0	0	0	0	0	0	0	0	0	0	0	0	0	0	0	0	0	0	0	0	0	0	0	0	0.01613	0.03227	0	0	0	0	0	0	0	0	0	0	0	0	0	0	0	0	0	0	0	0	0	0	0	0	0	0	0	0	0	0	0	0	0	0	0	0	0	0	0	0	0	0	0	0	0	0	0	0	0	0	0	0	0	0	0	0	0	0	0	0	0	0	0	0	0	0	0	0	0	0	0	0	0	0	0	0	0	0	0	0	0	0	0	0	0	0	0	0	0	0	0	0	0	0	0.03703	0	0	0	0.00689	0	0	0	0	0	0	0	0	0	0	0	0	0	0	0	0	0	0	0	0	0	0	0	0	0	0	0	0	0	0	0	0	0	0	0	0	0	0	0	0	0	0	0	0	0	0	0	0	0	0	0	0	0	0	0	0	0	0	0
"GGB3818_SGB5183"	0	0	0	0.0421	0	0	0	0	0	0	0	0	0	0	0.03334	0	0.00996	0.03105	0.00342	0.00143	0	0	0	0	0	0	0	0	0	0	0	0.01128	0	0	0	0	0	0	0.01513	0.0041	0	0	0	0	0	0	0	0	0	0	0	0.10242	0.0103	0	0.00648	0	0	0	0	0	0	0	0	0	0	0	0	0.12268	0.01168	0	0.06184	0	0	0.00225	0	0.00257	0	0	0	0	0	0	0	0	0	0	0	0	0	0.02434	0	0	0	0	0	0	0	0	0	0	0	0.0443	0.01118	0	0	0	0	0	0	0	0	0	0	0	0	0	0	0.05589	0	0	0	0	0.08501	0	0	0	0.06935	0.05867	0.0251	0	0.01246	0	0	0	0	0	0	0	0	0	0	0	0	0	0	0	0	0	0	0	0	0.01174	0	0	0	0	0	0	0	0	0	0	0	0	0	0	0	0	0	0	0	0	0	0	0	0	0	0.0228	0	0.0199	0	0	0	0	0	0	0	0	0	0	0	0	0.01851	0	0	0	0	0	0	0	0	0.01832	0.05719	0	0	0.09753	0	8e-04	0	0	0	0	0	0	0	0	0	0.24005	0	0	0	0.02743	0.15793	0	0	0	0	0	0	0	0	0	0	0.00525	0	0.0051	0	0	0	0	0.14538	0	0.0055	0	0	0.03157	0	0	0	0	0	0	0	0	0	0	0.02078	0	0	0	0	0	0	0	0	0	0	0.11954	0	0	0.041	0	0	0	0	0	0	0.04135	0	0.00064	0	0.01082	0	0	0	0	0	0	0	0	0	0	0	0	0	0.02266	0.01091	0	0	0.00646	0	0	0	0	0.02351	0.02917	0	0	0	0	0	0	0	0	0	0	0	0	0	0	0	0.00135	0	0.016	0.02429	0	0	0	0	0.07593	0	0	0	0	0.01214	0	0	0	0	0	0	0	0.00696	0	0	0	0	0	0	0	0	0	0	0.07291	0	0	0.11956	0	0	0	0	0	0.08018	0	0	0.37917	0	0.50349	0	0	0	0	0	0	0	0	0	0.09118	0	0	0	0	0	0	0	0.07098	0	0	0	0	0	0	0	0	0.02168	0	0	0	0	0.05279	0	0	0	0	0.0087	0	0.14699	0	0	0	0	0	0	0	0	0	0	0	0	0	0	0	0	0	0	0	0	0	0
"Desulfovibrio_desulfuricans"	0	0	0	0	0	0	0	0.03282	0	0	0	0	0	0	0	0	0.0087	0	0	0	0	0	0	0	0	0	0.01606	0	0	0	0	0	0	0	0	0	0	0	0.00154	0.00726	0	0.12586	0	0	0	0	0	0	0	0	0	0	0.13341	0	0	0	0	0	0	0	0	0	0	0	0	0	0	0	0.49454	0	0.03871	0	0	0.00237	0	0.00968	0	0	0	0	0	0	0	0	0	0	0	0	0	0	0	0	0	0	0	0	0	0	0	0	0	0	0	0	0	0	0	0	0	0	0	0	0	0	0	0.00388	0	0	0	0	0	0	0	0	0	0	0	0.00397	0	0	0	0	0	0	0.01412	0.01496	0	0	0	0	0	0.0049	0	0	0	0	0	0	0	0	0	0.02218	0	0	0.00525	0	0	0	0	0	0	0	0	0	0	0	0	0	0	0	0	0	0	0	0	0	0	0	0	0.00276	0	0	0	0	0	0	0	0	0	0	0.01224	0	0	0	0	0	0	0	0	0	0	0	0	0	0	0	0	0	0	0	0	0	0	0	0.02982	0	0	0	0	0	0	0	0	0	0	0	0	0	0	0	0	0	0.00196	0	0	0	0	0.00168	0	0	0	0	0	0.05519	0	0	0	9e-04	0	0	0	0.53518	0	0	0	0	0	0	0	0	0	0	0	0	0	0	0	0	0	0.60694	0.10612	0	0	0	0	0	0	0	0	0	0.09561	0	0.00371	0	0	0	0	0	0	0	0	0	0	0	0	0.01739	0	0	0	0	0	0	0	0	0	0	0	0	0	0.07245	0	0	0	0	0	0.08288	0	0	0	0	0	0.00185	0	0	0	0	0	0	0	0	0	0	0	0	0	0	0	0	0.01188	0	0	0	0	0	0	0	0	0	0	0	0	0	0	0	0	0	0	0	0	0	0	0	0	0	0	0.15117	0	0	0	0	0	0	0	0	0	0	0	0	0	0	0	0	0	0	0	0	0	0.06784	0	0	0	0	0	0	0	0.07858	0	0	0	0	0.04376	0	0	0	0	0	0	0	0.16752	0	0	0	0	0	0.00098	0	0	0	0	0	0	0	0	0	0	0	0	0	0
"GGB9602_SGB15031"	0	0	0	0	0	0	0	0	0	0	0	0	0	0	0	0	0	0	0	0.07051	0	0	0	0.00143	0.35566	0	0	0	0	0	0	0	0	0	0	0	0	0	0	0	0.01503	0	0	0	0	0	0	0	0.00236	0	0	0	0	0	0	0	0	0	0	0	0	0	0	0	0	0	0	0	0	0	0	0	0	0.00032	0	0	0	0	0	0	0	0	0	0	0	0	0	0	3.67895	0	0	0	0	0	0.00343	0	0	0	0	0	0	0	0	0	0	0	0.07706	0	0	0	0	0	0	0	0	0	0	0	0	0	0	0	0	0	0	0	0	0	0	0	0	0	0	0	0	0	0	0	0	0	0	0	0	0	0	0	0	0	0	0	0	0	0	0	0	0	0	0	0	0	0	0	0	0	0	0	0	0	0	0	0	0	0	0	0	0	0	0	0	0	0	0	0	0	0	0	0	0	0	0	0	0	0	0	0	0	0.04232	0	0	0	0	0	0.01105	0	0	0	0	0	0	0	0	0	0	0.03207	0	0	0	0	0	0	0	0	0	0	0	0	0	0	0	0	0	0	0	0	0	0.3047	0	0	0	0	0	0	0	0	0.33217	0	0	0	0	0	0	0	0	0	0	0	0	0	0	0	0	0	0	0	0	0	0	0	0	0	0	0	0	0	0	0	0	0	0	0	0	0	0	0	0	0	0	0	0	0	0	0	0	0	0	0	0	0	0	0	0	0	0	0	0	0	0	0	0	0	0	0	0	0	0	0	0	0	0	0	0	0	0	0	0	0	0	0	0	0	0	0.10488	0	0	0	0	0	0	0.08393	0	0	0	0	0	0	0	0	0	0	0	0	0	0	0	0	0	0	0	0	0	0	0	0	0	0	0	0	0	0	0	0	0	0	0	0	0	0	0	0	0	0	0	0	0	0	0	0	0	0	0	0	0	0	0	0	0	0	0	0	0	0	0	0	0	0	0	0	0	0	0	0	0	0	0	0	0	0	0	0	0	0	0	0	0	0	0	0	0	0
"Faecalicatena_orotica"	0	0	0	0	0	0	0	0	0	0	0	0	0	0	0	0	0	0	0	0	0	0	0	0	0	0	0	0	0	0	0	0.00151	0	0	0	0	0	0	2e-05	0	0.01468	0	0	0	0	0	0	0	0	0	0	0.0015	0.00274	0	0	0	0	0	0	0	0	0	0	0	0	0	0	0	0	0	0	0	0	0.0027	0.00031	0	0	0	0	0	0	0	0	0	0	0	0	0	0	0	0	0	0	0	0	0	0	0	0	0.01311	0	0	0	0	0.00718	0	0	0	0	0.00101	0	0	0	0.00067	0	0	0	0.00157	0	0	0	0.00263	0.00054	0	0	0	0	0	0.00455	0	0.00077	0	0	0	0	0	0	0	0.00109	0	0	0.01891	0	0	0	0	0	0	0	0	0	0	0	0	0	0	0	0	0	0	0	0	0	0	0	0	0	0	0	0	0	0	0	0	0	0	0.00172	0.00096	0.00077	0	0	0	0	0	0	0	0	0	0	0.00544	0	0	0	0	0	0	0	0	0.0017	0	0	0	0	0	0	0	0	0	0	0	0	0	0	0	0	0	0	0.06312	0	0	0	0	0	0	0.00155	0	0	0	0	0	0	0	0	0.06708	0	0	0	0	0	0	0	0	0	0	0	0	0	0	0	0	0	0	0	0.00078	0	0	0	0	0	0	0	0	0	0	0	0	0	0	0	0	0	0	0	0	0	0	0	0	0	0	0	0	0	0	0	0	0	0	0	0	0.00051	0	0	0	0	0.00101	0	0	0	0	0	0	0	0	0	0.00429	0.0413	0	0	0	0	0	0	0	0	0	0	0	0	0	0	0.00244	0	0	0	0	0	0	0	0	0	0	0	0	0	0	0	0	0	0	0	0	0	0	0	0	0	0	0	0	0	0	0	0	0	0	0.02256	0	0	0	0	0	0	0	0	0	0	0.00423	0	0	0	0	0	0	0	0	0	0	0	0	0	0	0	0	0	0	0	0	0	0	0	0.02128	0	0	0	0	0	0	0	0	0	0	0	0.27999	0	0	0	0	0	0	0	0	0	0	0	0	0	0	0	0	0	0	0.0287	0	0	0	0	0	0
"GGB9832_SGB15478"	0	0	0	0	0	0	0	0	0	0	0	0	0	0	0	0	0	0	0	0	0	0	0	0	0	0	0	0	0	0	0	0	0	0	0	0	0	0	0.00117	0	0.00101	0	0	0	0	0	0	0	0	0	0	0.85685	0.00037	0	0	0	0	0	0	0	0.00233	0	0	0.00101	0	0	0.0294	0	0	0	0	0	0	0	0.08884	0.06997	0.02889	0	0	0	0	0	0	0	0	0	0	0	0	0	0	0	0	0	0	0	0	0	0	0	0	0	0	0	0	0	0	0	0	0	0	0	0	0	0	0	0	0	0	0	0	0	0	0.01452	0	0	0	0	0	0	0	0	0	0	0.05301	2.90812	0	0	0	0	0	0	0	0	0	0	0	0	0	0	0	0	0	0	0	0	0	0	0	0	0	0	0	0	0.01097	0	0	0	0	0	0	0	0	0	0	0	0	0	0	0	0	0	0	0	0	0	0	0	0.00355	0	0.01028	0	0	0.01783	0	0	0	0	0	0	0	0	0	0	0	0	0	0	0	0	0	0	0	0	0	0	0	0	0	0	0	0	0	0	0	0	0	0	0	0	0	0	0	0.01634	0	0	0	0.74068	0	0	0	0.2801	0	0	0	0	0.20186	0	0	0	0	0	0	0	0	0.06624	0	0	0	0.31911	0	0	0	0	0	0	0	0	0	0.28057	2.89792	0	0	0.00932	0	0	0	0	0	0	0.11537	0	0	0	0	0	0	0	0	0	0	0	0	0	0	0	0	0	0	0	0	0	0	0	0	0	0	0.05605	0	0.19675	0	0	0.237	0	0	0	0	0	0	0	0	0	0	0	0	0	0	0	0	0	0	0	0	0	0	0	0	0	0	0	0	0	0	0	0	0	0.00078	0	0	0	0	0	0	0	0	0.00774	0	0	0	0	0	0	0	0	0	0	0	0	0	0	0	0	0	0	0	0	0	0	0	0	0	0	0	0	0	0	0	0	0	0	0	0	0	0	0	0	0	0	0	0	0	0	0	0	0	0	0	0	0.0978	0	0	0	0	0	0	0	0	0	0	0	0	0	0	0	0	0	0	0	0
"Streptococcus_mitis"	0	0	0	0	0	0.00131	0.00267	0	0	0.00658	0	0	0.02333	0	0	0.0088	0	0	0	0	0	0	0	0.09328	0.00225	0	0	0	0.00267	0	0	0	0	0	0	0	0	0	0.00743	0.00454	0.00258	0	0	0	0	0.00179	0	0	0	0	0.00321	0	0	0	0.00401	0	0	0	0.03053	0.00258	0	0	0	0.00287	0	0.00682	0	0	0	0	0	0	0.01552	0.01422	0.00294	0.00329	0.05981	0	0	0.00448	0	0.00474	0	0.00649	0.08952	0	0	0	0	0	0.16538	0	0.00551	0	0.00233	0	0.0365	0	0.01061	0.04761	0.00561	0	0	0	0	0	0	0	0	0	0.00242	0.012	0	0	0	0	0	0	0.0044	0	0	0	0	0	0	0	0	0.00318	0	0	0	0	0	0	0	0	0.00751	0.02079	0	0.0024	0	0	0	0	0	0	0.04004	0	0.00385	0	0	0	0.0049	0	0	0.00157	0	0	0	0	0.00694	0	0	0	0.0047	0	0	0.00658	0	0	0	0	0	0	0.00287	0.00731	0	0.00878	0	0	0.00299	0	0.00274	0	0	0.0103	0.00284	0	0	0	0	0	0	0	0	0	0.00804	0	0	0.00394	0	0	0	0.00634	0.0165	0	0	0	0	0	0	0	0	0	0	0	0	0	0	0	0	0	0	0	0.0027	0	0	0.00231	0	0	0	0	0	0	0	0	0	0	0.03519	0.00375	0	0	0	0	0	0.00484	0	0	0	0	0	0	0.00981	0	0	0	0	0	0	0	0	0	0	0.05269	0.00245	0.00465	0	0	0	0	0	0	0	0	0	0	0	0	0	0	0	0	0	0	0	0	0.00523	0	0.04103	0.00393	0	0	0	0	0	0	0	0.00379	0	0	0	0	0	0	0	0.00223	0	0.00382	0.01199	0.01369	0	0	0.01216	0.0039	0	0.03599	0.00365	0	0.00143	0.00382	0	0.00271	0.0041	0	0.00753	0	0.00609	0	0.00438	0	0.02934	0.01133	0	0	0	0	0.00422	0	0	0	0	0	0.03927	0	0.00167	0.0031	0	0	0	0.00747	0	0	0	0	0	0	0	0	0	0.0061	0	0.00597	0	0.01019	0	0	0	0	0	0	0.00387	0	0.04917	0	0	0	0	0	0	0	0	0.04279	0	0	0.0162	0	0	0	0.00527	0.00624	0.00884	0.02035	0	0	0	0	0	0.02909	0	0	0	0	0	0	0	0	0	0.01415	0.00602	0	0.00771	0	0	0	0.00887	0.00544	0	0.00246	0	0	0	0	0	0.008	0	0.00393	0	0	0.00211
"GGB42994_SGB4746"	0	0	0	0	0	0	0.0231	0.01193	0	0	0.01293	0	0	0	0	0	0	0	0	0	0	0	0	0	0	0	0	0	0	0.02146	0	0	0	0	0	0	0	0	0	0	0	0	0	0	0.00992	0	0	0	0	0	0	0	0	0	0	0	0	0	0	0	0	0	0	0	0	0	0	0	0	0	0	0.9943	0	0.01585	0	0.00467	0.10297	0	0	0	0	0	0	0	0	0	0	0	0	0	0	0	0	0	0	0	0	0	0	0	0	0	0	0	0	0	0	0	0	0	0	0	0	0	0	0	0	0	0	0	0	0	0	0	0	0	0	0	0	0	0	0	0	0	0	0	0	0	0	0	0	0	0	0	0	0	0.12777	0.0032	0	0	0	0	0	0	0	0.05766	0	0	0	0	0	0	0	0	0	0	0	0	0	0	0	0	0	0	0	0	0	0.03219	0	0	0	0	0	0	0	0	0	0	0	0	0	0	0	0	0	0	0.02837	0	0	0	0	0	0	0	0	0	0	0	0	0	0.01019	0	0	0	0	0	0	0	0	0	0	0	0	0	0	0	0	0	0	0.00169	0	0	0	0	0	0	0	0	0	0	0	0	0	0	0	0	0	0	0	0	0	0	0	0	0	0	0.02298	0	0	0	0	0	0	0	0	0	0	0	0	0	0	0	0	0	0	0	0	0	0	0	0	0	0	0	0	0	0	0	0	0	0	0	0	0	0	0.01797	0	0	0.07726	0	0	0	0	0	0	0	0	0	0	0	0	0	0	0	0	0	0	0.08129	0	0	0	0	0	0	0	0	0	0	0.0894	0	0	0	0	0	0.00374	0	0	0	0	0	0	0	0	0	0	0	0	0	0.01855	0	0	0	0	0	0.04825	0	0	0	0.1927	0	0	0	0	0	0	0	0	0	0	0	0	0	0	0	0	0	0	0	0	0	0	0	0	0	0	0	0	0	0	0	0	0	0	0	0	0	0	0	0	0	0	0	0	0	0	0	0	0	0	0	0	0	0	0	0	0	0	0	0	0	0	0	0	0	0	0	0	0	0
"Leuconostoc_lactis"	0	0	0	0	0	0	0	0	0	0	0	0	0	0.01691	0	0	0	0	0	0	0	0	0	0	0	0	0	0	0	0	0	0	0	0	0	0	0	0	0.00087	0	0.00104	0	0	0	0	0	0	0	0	0	0	0	0	0	0	0	0	0	0	0	0	0	0	0	0	0	0	0	0	0	0	0	0	0.00237	0	0	0	0	0	0	0	0	0	0	0	0.00295	0	0	0	0	0	0	0	0.00783	0.00538	0	0	0	0	0	0	0	0	0.00705	0	0	0	0	0	0	0	0	0	0	0	0	0	0	0	0	0	0	0	0	0	0	0	0	0	0	0	0	0	0	0	0	0	0	0	0	0	0	0	0	0	0	0	0	0	0.02222	0	0	0	0	0	0	0	0	0	0	0	0	0	0	0	0	0	0	0	0.0042	0	0	0	0	0	0	0	0	0	0	0	0	0	0	0	0	0	0	0	0	0	0	0	0.01305	0	0	0	0	0	0	0	0	0	0	0	0	0	0	0	0	0	0	0	0	0	0	0	0	0	0	0	0	0	0	0	0	0.00217	0	0	0	0	0	0	0	0.00066	0	0	0	0.00322	0	0	0	0	0	0	0	0	0	0	0	0	0	0	0	0	0	0	0	0	0	2e-04	0	0	0	0	0	0	0	0	0	0	0	0	0	0	0	0	0	0	0	0	0	0	0	0	0	0	0	0	0	0	0	0	0	0	0	0	0	0	0	0	0	0	0	0	0	0	0	0	0	0	0	0	0	0	0	0	0	0	0	0	0	0	0	0	0	0	0	0	0	0	0	0	0	0	0	0	0	0	0	0.08972	0	0	0	0	0	0	0	0	0	0	0	0	0	0	0	0	0	0	0	0	0	0	0	0	0	0	0	0	0	0	0	0	0	0	0	0	0	0	0	0	0	0.00802	0	0	0	0	0	0	0.00053	0	0	0	0	0	0	0	0	0	0	0	0	0	0	0	0	0	0	0	0	0	0	0	0	0	0	0	0	0	0	0	0	0	0	0	0	0	0	0
"Christensenella_minuta"	0	0	0	0	0	0	0.06751	0	0	0	0	0	0	0	0.01248	0	0	0	0	0	0	0	0	0	0.00476	0	0	0	0	0	0	0	0	0	0	0.00433	0	0	0	0.00057	0.00138	0	0	0	0	0	0	0	0.00203	0.00748	0	0	0	0	0	0.00522	0	0.00462	0.01403	0	0	0	0	0	0	0.01582	0.02516	0	0	0	0	0	0	0	0.00089	0.00402	0	0	0	0	0.0048	0	0	0	0	0	0	0.0059	0.04771	0	0	0	0	0	0	0	0	0	0.00101	0	0	0	0	0	0	0	0	0.00738	0	0	0	0	0	0	0	0	0	0.00498	0	0	0	0	0	0	0	0	0.00225	0.0199	0	0	0	0	0	0	0	0	0	0	0	0	0	0	0	0	0.01231	0	0	0	0.01531	0	0	0	0	0	0	0	0	0.00292	0	0	0	0	0	0	0	0	0	0	0	0.00937	0	0	0	0	0	0	0	0	0	0	0	0	0	0	0.01392	0	0	0	0	0	0.04931	0	0	0	0	0	0	0	0	0	0	0	0.0338	0	0	0	0	0.0103	0	0	0	0	0	0.02186	0	0.00158	0	0	0	0.02169	0	0	0	0	0	0	0	0	0	0	0	0	0	0	0.00147	0.00038	0	0	0	0	0	0	0	0	0	0	0.01966	0	0	0	0	0	0	0	0	0	0	0	0.0144	0	0	0	0.00017	0	0	0	0	0	0	0	0	0	0	0.00022	0	0	0	0	0	0	0	0	0	0.01697	0	0	0	0	0	0	0	0	0	0	0	0	0	0	0	0	0	0	0	0	0	0	0	0	0	0	0	0.00051	0.09572	0	0	0	0	0	0	0	0	0	0	0	0	0	0	0	0	0	0	0	0	0	0	0.0055	0	0	0.00462	0	0	0	0	0	0	0	0	0	0.01483	0	0	0	0	0	0	0	0	0	0	0	0	0	0	0	0	0	0.00076	0	0	0	0	0	0.02166	0	0	0	0	0	0	0	0	0	0	0	0	0	0	0	0	0	0	0	0	0	0	0	0	0	0	0	0	0	0	0	0	0	0	0	0	0	0	0	0	0.00064	0	0	0	0	0	0	0	0	0	0	0	0	0	0	0
"Clostridium_sp_D5"	0	0	0	0	0	0	0	0	0	0	0	0	0	0	0	0	0	0	0	0	0	0	0	0	0	0.06641	0	0	0	0	0	0	0	0	0	0	0	0	7e-04	0.00174	0.00029	0	0	0	0	0	0	0	0	0	0	0.0198	0.00668	0	0	0	0	0	0	0	0.00125	0	0	0	0	0	0	0.0799	0.02082	0.07191	0.00209	0	0	0.00098	0.00031	0.00566	0	0	0	0	0	0	0	0	0	0	0	0	0	0	0	0	0.00316	0	0	0	0	0	0	0	0.00218	0	0	0	0	0	0	0	0	0	0	0	0	0	0	0	0.00316	0	0	0	0	0	0	0	0	0	0	0	0	0	0	0	0	0	0	0	0	0	0.07528	0.00083	0	0	0	0	0	0	0	0	0	0.025	0	0.02203	0	0.02376	0	0	0	0	0	0.45068	0	0	0	0	0	0.03046	0.03984	0	0	0	0	0	0	0	0	0	0	0.14071	0.02455	0	0.07212	0.00205	0.05374	0.00797	0	0	0	0.00396	0	0	0	0	0	0	0	0	0	0	0	0	0	0	0	0	0	0	0	0	0	0	0	0	0	0	0	0	0	0	0	0	0	0	0	0	0.00963	0	0	0	0	0	0	0	0	0	0	0	0	0	0	0	0.32389	0	0	0	0	0.03351	0	0	0	0	0	0	0	0	0	0	0	0.0036	0	0	0	0	0	0	0	0	0	0.04152	0	0	0	0	0	0	0	0	0	0	0	0	0	0	0	0	0	0	0	0	0	0	0	9e-05	0	0	0	0	0	0	0	0.00035	0	0	0	0	0	0	0	0	0	0	0	0.0034	0	0	0	0.00474	0	0	0	0	0	0	0	0	0.00045	0	0	0	0	0	0	0	0.00752	0	0	0	0	0	0	0	0	0	0	0	0	0	0	0	0	0	0	0	0	0	0	0.00255	0	0	0	0	0	0	0	0	0	0	0	0	0.02637	0	0	0.00503	0	0	0.07047	0	0.00429	0	0	0	0	0	0	0	0	0	0	0	0	0	0	0	0	0	0	0	0	0	0	0.2117	0	0.00602	0	0	0	0	0	0	0.02061	0	0	0	0	0.03828	0.02397	0	0	0	0	0	0	0.24395	0	0	0	0.00461	0.02494	0	0
"GGB45491_SGB63163"	0	0	0	0	0	0	0.01951	0	0	0	0	0	0	0	0	0	0	0	0	0	0	0	0	0	0	0	0	0	0	0	0	0	0	0	0	0	0	0	0	7e-05	0	0	0	0	0	0	0	0	0.01011	0	0	0	0	0	0	0	0	0	0	0	0	0	0	0	0.01528	0	0	0	0	0	0	0	0	0	0.00356	0.00102	0	0	0	0	0.00945	0	0	0	0	0	0	0	0	0	0	0	0	0	0	0	0	0	0	0	0	0	0	0	0	0	0	0	0	0	0	0	0	0	0	0	0	0	0	0	0	0	0	0	0	0	0	0	0	0	0	0	0	0	0	0	0	0	0	0	0	0	0	0	0	0	0	0	0	0	0	0	0	0	0	0	0	0	0	0	0	0	0	0	0	0	0	0	0	0	0	0	0	0	0	0	0	0	0	0	0	0	0	0	0	0	0	0	0	0	0	0	0	0	0	0	0	0	0	0	0	0	0	0	0	0.0074	0	0	0	0	0.00759	0	0	0	0	0	0	0	0	0	0	0	0	0	0	0	0	0	0	0	0	0	0	0	0	0	0.01293	0.0151	0	0	0	0	0	0	0	0	0	0	0	0	0	0	0	0	0	0	0	0	0	0	0	0	0	0	0	0	0	0	0	0	0	0	0	0	0	0	0	0	0	0	0.10347	0.01824	0	0	0	0	0	0	0	0	0	0	0.03272	0	0	0	0	0	0	0	0	0	0	0	0	0	0	0	0	0	0.01385	0	0	0	0	0	0	0	0	0	0	0	0	0	0	0	0	0	0	0	0	0	0	0	0	0	0	0	0	0	0	0	0	0	0	0	0	0	0	0	0	0	0	0	0	0	0	0	0	0	0	0	0	0	0	0	0	0	0	0	0	0	0	0	0	0	0	0	0	0	0	0	0	0	0	0	0	0	0	0	0	0	0	0	0	0	0	0	0	0	0	0	0	0	0	0	0	0	0.02603	0	0	0	0	0	0	0	0	0	0	0	0	0	0	0	0	0	0	0	0
"Phascolarctobacterium_SGB4573"	0	0	0	0.2168	0	0	0	0	0	0	0	0	0	0	0	0	0.0115	0	0.1093	0.02124	0	0	0	0	0	0	0	0	0	0	0	0	0	0	0	0	0	0	0	0.00025	0.12116	0	0	0	0	0	0.05641	0	0	0	0	0	0	0	0	0	0	0	0	0	0	0	0	0	0	0	0	0	0	0	0	0	0	0.01502	0.01531	0	0	0	0	0	0	0	0	0	0	0	0	0	0	0	0	0	0	0	0.18792	0	0	0	0	0	0	0	0	0	0	0	0	1.55865	0	0	0	0	0	0	0	0	0	0	0	0	0	0.02694	0	0	0.01149	0	0	0	0.4853	0.00694	0	0	0	0	0	0	0	0	0	0	0	0	0	0	0	0	0	0	0	0	0	0	0	0	0	0	0	0	0	0	0	0	0	0	0	0	0.10597	0	0	0.67213	0	0	0	0	0	0	0	0	0	0	0	0	0	0	0	0	0	0	0	0	0	0	0	0	0	0	0	0	0	0	0	0	0	0	0	0	0	0	0	0	0.00594	0	0	0	0	0	0	0	0	0	0.22577	0	0	0	0	0	0	0	0	0	0	0	0	0	0	0	0	0	0	0	0	0.30747	0	0	0	0	0	0	0	0	0	0	0	0	0	0	0	0	0	0	0	0	0	0	0	0	0	0	0	0	0	0	0	0	0	0	0	0	0.24696	0	0	0	0	0	0	0	0	0	0	0	0	0	0.48108	0	0	0.40357	0	0	0	0	0	0	0	0	0	0	0	0	0	0	0	0	3.64687	0	0	0	0	0	0	0	0	0	0	0	0	0	0	0	0	0	0	0	0	0	0.01344	0	0	0	0	0	0	0	0	0	0	0	0	0	0	0	0	0	0	0	0	0	0	0	0	0	0	0	0	0	0	0	0	0	0	0	0	0	0	0	0	0	0	0	0.16919	0	0	0	0	0.08525	0	0.31822	0	0	0	0	0	0	0	0	0	0	0	0	0	0	0	0	0	0	0	0	0	0	0	0	0	0	0	0	0.08163	0	0	0	0	0	0	0	0	0	0	0	0	0	0
"Longibaculum_muris"	0	0	0	0.59625	0	0	0	0	0	0	0	0	0	0	0	0	0.16453	0	0	0	0	0	0	0	0	0	0	0	0	0	0	0	0.05731	0	0	0	0	0	0	0	0.0019	0	0	0	0	0	0	0	0	0	0	0	0	0	0.13264	0	0	0	0	0	0.51843	0	0	0	0	0	0	0	0	0	0	0	0	0.0931	0.00301	0	0	0	0	0	0	0	0	0	0	0	0	0	0	0	0	0	0	0	0	0	0	0	0	0.67763	0	0	0	0	0	0	0	0.02488	0	0	0	0	0	0	0	0.01329	0	0	0	0	0	0	0	0	0	0	0	0	0	0	0	0	0	0	0	0	0	0	0	0	0	0	0	0	0	0	0	0	0	0	0	0	0	0	0	0	0	0	0	0	0	0	0	0	0	0	0	0	0	0	0	0	0	0	0	0	0	0	0	0	0	0	0	0	0	0	0	0	0	0	0	0	0	0.15822	0	0	0	0	0	0	0	0	0	0	0	0	0	0	0	0	0	0	0	0	0	0.0585	0	0	0	0	0	0	0.27617	0	0	0	0	0.01222	0	0	0	0	0	0	0	0	0	0	0	0	0	0	0	0	0.00137	0	0	0	0	0	0	0.31387	0	0	0	0	0	0	0	0	0	0	0	0	0	0	0	0	0	0.01984	0.05037	0	0	0	0	0.01177	0	0	0	0	0	0	0	0	0	0	0	0	0	0	0	0.01013	0.07678	0	0	0.49706	0	0.00867	0	0	0	0	0	0	0	0	0	0	0	0	0	0	0.00179	0	0	0	0	0	0	0	0	0	0	0	0	0	0	0	0	0.61267	0	0	0	0	0	0	0	0	0	0	0	0	0	0	0	0	0	0	0	0	0	0	0	0	0	0	0.43741	0	0	0	0	0	0	0	0	0	0	0	0	0	0	0	0	0	0	0	0	0	0	0	0	0	0	0	0	0	0	0	0	0	0	0	0	0	0	0	0	0	0	0	0	0	0	0	0	0	0	0	0	0	0	0	0	0	0.01811	0	0.0447	0	0	0	0	0	0.00378	0	0.15623	0	0	0	0
"GGB9620_SGB15068"	0	0	0	0	0	0	0	0	0	0	0	0	0	0	0	0	0	0	0	0	0	0	0	0	0	0	0	0	0	0.12838	0	0	0	0	0	0	0	0	0	0	0	0	0	0	0	0	0	0	0	0	0	0	0	0	0	0	0	0	0	0	0	0	0	0	0	0.18569	0.01108	0	0	0	0	0	0	0.04173	0	8e-04	0	0	0	0	0	0	0	0	0	0	0	0	0	0	0	0	0	0	0	0	0	0	0	0.29871	0	0	0	0	0	0	0	0	0	0	0	0	0	0.10039	0.00246	0	0	0	0	0	0.03626	0	0	0	0.0096	0	0	0	0	0	0	0	0	0	0	0	0	0	0	0	0	0	0	0	0	0	0	0	0	0	0	0	0	0	0	0	0	0	0	0	0	0	0	0	0	0	0	0	0	0	0	0	0	0	0	0	0	0	0	0	0	0	0	0	0	0	0	0	0	0	0	0	0	0	0	0	0.04369	0	0	0	0	0	0	0	0	0	0	0	0	0.00184	0	0	0	0	0	0	0	0	0	0	0.01032	0	0	0	0	0	0	0	0	0	0	0	0	0	0	0	0	0	0	0	0	0.00285	0	0	0	0	0	0	0	0	0	0	0	0	0	0	0	0	0	0	0	0	0	0	0	0	0	0	0	0	0	0	0	0	0	0	0	0	0	0	0	0	0	0	0	0	0	0	0	0	0	0	0	0	0	0	0	0	0	0	0	0	0	0	0	0	0	0	0	0	0.07433	0	0	0	0	0	0	0	0	0	0	0	0	0	0	0	0	0	0	0	0	0	0	0	0	0	0	0	0	0	0	0	0	0.00641	0	0.00059	0	0	0	0	0	0	0	0	0	0	0.498	0	0	0	0	0	0	0	0	0	0	0	0	0	0	0	0	0	0	0	0	0	0	0	0	0	0	0	0	0	0	0	0	0	0	0	0	0	0	0	0	0	0	0	0	0	0	0	0	0.00834	0	0	0.02302	0	0	0	0	0	0	0	0	0	0	0	0	0	0	0	0	0	0	0	0
"Clostridium_sp_chh4_2"	0	0	0	0	0	0	0.00039	0	0	0	0	0	0.01258	0	0	0	0.02538	0.12227	0	0	0	0.09422	0	0	0	0	0	0	0.00677	0	0	0	0	0.0115	0.00284	0	0	0	0.04409	5e-05	0.00179	0	0	0	0	0	0	0	0	0	0	0	0	0	0	0	0	0	0	3e-04	0	0	0	0	0	0	0	0	0	0	0	0	0.01337	0.00012	0.00425	0.00208	0.00028	0	0	0	0	0	0	0	0	0	0	0	0	0	0	0	0	0	0	0	0	0	0.00594	0	0	0	0	0	0	4e-04	0	0.01877	0	0	0	0.00166	0.0028	0	0	0	0	0.00999	0.01974	0	0	0.00202	0	0	0.0058	0	0	0	0	0.00236	0	0	0	0	0	0.02454	0	0	0	0	0	0	0	0	0	0	0.00213	0	0	0.00081	0	0	0	0	0.00748	0	0	0.00127	0.01895	0	0	0	0	0	0	0.00079	0	0	0	0	0	0	0.00199	0	0.00556	0	0	0	0.00246	0	0	0	0	0	0	0	0.00112	0	0	0	0	0	0	0	0	0	0	0	0	0	0	0.00248	0	0	0.00128	0	0.00156	0	0	0.00167	0	0	0	0	0	0	0	0	0	0	0	0.01045	0	0	0.00233	0	0	0.0063	0.01902	0	0	0	0	0.00406	0	0	0.00688	0	0	0	0	0	0	0	0	0	0	0.00258	0	0.00062	0	0	0	0.00931	0	0	0.00392	0	0.00167	0.01066	0.01779	0	0	0	0	0	0	0	0	0.02982	0	0.0075	0	0	0.0037	0.04966	0	0.00413	0.00222	0	0	0	0	0	0	0	0.01939	0	0	0.00136	0	0	0	0	0	0	0.00143	0	0.00985	0	0	0	0	0	0	0	0	0	0	0	0	0	0	0	0.00214	0.02548	0	0	0	0.00096	0.00083	0.00351	0.0352	0	0	0	0	0	0.00129	0.03204	0	0	0.00831	0.00193	0	0	0	0	0.02535	0	0	0	0	7e-05	0	0.0027	0	0	0	0	0	0	0	0.00291	0.00397	0.05131	0.05356	0.00384	0	0	0	0	0	0	0	0	0	0	0	0	0	0.0015	0	0	0	0	0	0.0015	0	0	0	0	0.02443	0	0	0	0	0.01691	0.00288	0	0.00078	0	0	0	0	0	0	0	0	0	0	0.00289	0	0	0.00943	9e-04	0	0	0	0	0.10521	0	0	0.013	0	0	0	0	0	0	0	0	0.00328	0	0	0.01054	0	0	0
"GGB3490_SGB4664"	0	0	0.12517	0	0	0	0	0	0	0.10221	0	0	0	0	0	0	0	0	0.08134	0	0	0	0	0	0	0	0	0	0	0.0041	0	0	0.1291	0	0	0	0	0	0.01721	0	0.00217	0	0	0	0	0	0	0	0.05996	0	0	0	0	0	0	0	0	0	0	0	0	0	0	0	0	0	0	0.08139	0	0	0	0	0	0.01955	0	0	0	0	0	0	0	0	0	0	0	0	0	0	0.41577	0	0	0	0	0	0	0	0	0	0.03683	0	0	0	0	0	0	0	0	0	0	0	0	0	0	0.06405	0.12742	0	0	0	0	0	0	0	0	0	0	0	0	0	0	0	0	0.07152	0	0	0	0	0	0	0	0	0	0	0	0	0	0	0.35144	0	0	0	0	0	0	0	0	0	0.00519	0	0	0	0	0	0	0	0	0	0	0	0	0	0	0	0	0.13377	0	0	0	0.00042	0	0	0	0	0	0	0	0	0	0	0	0	0	0	0	0	0	0	0	0	0.1239	0.15676	0	0	0	0	0	0	0	0	0	0	0	0	0	0	0	0	0	0	0	0	0	0	0	0	0	0	0	0	0	0	0	0	0	0	0	0	0	0	0	0	0	0	0	0	0	0	0	0	0	0	0	0	0	0	0	0	0.16699	0	0	0	0	0	0	0	0	0	0	0	0	0	0	0	0	0	0	0.37094	0	0	0	0	0	0	0.00274	0	0	0	0	0	0	0	0	0	0	0	0	0	0	0	0	0	0	0	0.03968	0	0	0	0	0	0	0	0	0	0	0	0	0	0	0.05276	0	0	0	0	0	0	0	0	0	0	0	0	0	0	0	0.285	0	0	0	0.50811	0	0	0	0	0	0	0	0	0.81819	0	0	0	0	0	0	0	0	0	0	0	0	0.10423	0	0	0	0	0.01812	0	0	0	0	0	0	0	0	0	0	0	0.58894	0	0	0	0	0	0	0	0	0	0	0	0	0	0	0	0	0.42649	0	0	0	0	0	0	0.00939	0	0	0	0	0	0	0	0	0	0	0	0	0	0	0	0	0	0	0	0	0	0	0	0	0	0	0	0
"Lactococcus_lactis"	0	0	0	0	0	0	0	0	0	0	0	0	0.00386	0	0	0	0	0	0	0.01557	0	0	0	0.14883	0	0	0	0	0	0	0	0	0	0	0	0	0	0	5e-05	0.00084	0	0	0	0	0	0	0	0	0	0	0	0	0	0	0	0	0	0	0	0	0	0	0	0	0	0	0	0	0	0	0	0	0	0.00257	0	0.00107	0	0	0	0	0	0	0	0	0	0	0	0	0	0	0	0	0	0	0.00725	0	0	0	0	0	0	0	0	0	0	0	0	0	0	0	0	0	0	0	0	0	0	0	0	0	0	0	0	0	0	0	0	0	0	0	0	0	0	0	0	0	0	0	0	0	0	0	0	0	0	0	0	0	0	0	0	0	0	0	0	0	0	0	0	0	0	0	0	0	0	0	0	0	0	0.0033	0	0	0	0	0	0	0	0	0	0	0	0	0	0	0	0	0	0	0.00365	0	0	0	0	0.00079	0	0	0	0	0	0	0	0	0	0	0	0	0	0	0	0.00162	0	0	0	0	0	0.01931	0	0	0	0	0	0	0	0	0	0	0	0	0	0	0	0	0	0	0.00086	0	0	0	0.00297	0	0	0.0504	0	0	0	0	0	0	0	0	0	0	0	0	0	0	0	0	0	0	0	0	0	0	0	0	0	0	0	0	0	0	0	0	0	0	0	0	0	0	0	0	0	0	0	0	0	0	0	0	0	0	0	0	0	0	0	0	0	0	0	0	0	0	0	0	0	0	0	0	0	0	0.00172	0	0	0	0	0	0	0	0	0	0	0	0	0	0	0	0	0	0	0.01215	0	0	0	0	0	0	0	0	0.13059	0	0	0	0	0	0	0	0	0	0	0	0	0	0	0	0	0	0	0	0	0	0	0	0	0	0	0	0	0	0.00028	0	0	0	0	0	0	0	0	0	0	0	0	0	0	0	0	0	0	0.00179	0	0	0	0	0	0	0	0	0	0	0	0	0	0	0	0	0	0	0	0	0	0	0	0	0	0	0	0.011	0	0	0	0	0.00614	0	0	0	0	0	0
"GGB6020_SGB14985"	0	0	0	0.01185	0	0	0	0	0	0	0	0	0	0	0	0	0	0	0	0	0	0	0	0	0	0.32037	0	0	0	0	0	0	0	0.00385	0	0	0	0	0	0.00794	0	0	0	0	0	0	0	0.06934	0	0	0	0	0	0	0	0	0	0	0	0	0	0	0	0	0	0	0.00263	0	0.14163	0	0	0	0	0.02044	0	0.03576	0	0.02343	0	0	0	0	0	0	0	0	0	0	0	0	0	0	0	0	0	0	0	0	0	0	0	0	0	0	0	0	0	0	0	0	0	0.03518	0	0	0	0	0	0	0.18573	0	0	0	0	0	0	0	0	0	0	0	0	0	0	0	0	0	0	0	0	0	0	0	0	0	0	0.00459	0	0	0	0	0	0	0	0	0	0	0	0	0	0	0	0	0	0	0	0	0	0	0	0	0	0	0	0	0	0	0	0	0	0	0	0	0	0	0	0	0	0	0	0	0	0	0	0.01935	0	0	0	0	0	0	0	0	0	0	0	0	0	0	0	0	0	0	0	0	0	0	0	0	0	0	0.03547	0	0	0	0	0	0	0	0	0	0	0	0	0	0	0	0	0	0	0	0	0	0.14625	0	0	0.02231	0	0	0.06802	0	0	0	0	0	0	0.02382	0	0	0	0	0	0	0	0	0	0.01152	0	0	0	0	0	0	0	0	0.0283	0	0	0	0	0	0	0	0	0	0	0	0	0	0	0	0	0	0	0	0	0.01295	0	0.01556	0.01025	0	0.44776	0	0	0	0	0	0	0	0	0	0	0	0	0	0	0	0	0	0	0	0	0	0.02657	0	8e-04	0	0	0	0	0	0	0	0	0	0	0	0	0	0	0	0.05531	0	0	0	0	0	0	0.10439	0	0	0	0	0	0	0	0	0.15168	0	0	0	0	0.23361	0	0	0	0	0	0	0	0	0	0	0	0	0	0	0	0	0	0	0.06568	0	0	0	0	0	0	0	0	0	0	0	0	0	0	0	0.03228	0	0	0.00799	0	0.05585	0	0	0	0	0	0	0	0	0	0	0.03038	0	0	0	0	0	0	0	0	0	0.07736	0	0.11671	0	0	0	0.03676
"Solobacterium_moorei"	0	0	0	0	0	0.00152	0	0	0	0	0	0	0	0	0	0	0	0	0	0	0	0	0	0	0	0	0	0	0	0	0	0	0	0	0	0	0	0	0.00498	0	0.00323	0	0	0	0	0	0	0	0	0	0	0.00403	0	0	0	0	0	0	0	0	0	0	0	0	0	0	0	0.00519	0	0	0	0	0	0.00211	0.00382	0	0	0	0	0	0	0	0	0	0	0	0	0	0	0	0	0	0	0	0	0	0	0	0	0	0	0	0	0	0	0	0	0	0	0	0	0	0	0.00049	0	0	0	0	0	0	0	0	0	0	0	0	0	0	0	0	0	0	0	0	0	0	0	0	0	0	0	0	0	0	0	0	0	0	0	0	0	0	0	0	0	0	0	0.01041	0	0	0	0	0	0	0	0	0	0	0	0.01378	0	0	0	0	0	0	0	0	0	0	0.00168	0	0	0	0	0	0.00271	0	0	0	0	0	0	0	0	0	0	0	0	0	0	0	0	0	0.0177	0	0	0	0	0	0	0	0	0	0	0	0	0	0	0	0	0	0	0	0	0	0	0	0	0	0	0	0	0	0	0	0	0	0.0077	0	0	0	0	0	0	0	0	0	0	0	0	0.00967	0	0	0	0	0	0	0	0	0	0	0	0	0.00506	0	0	0	0	0	0	0	0	0	0	0	0	0	0	0	0.00594	0	0	0	0	0	0	0	0	0	0	0	0	0	0	0	0	0	0	0	0	0	0	0	0	0	0	0	0	0.05582	0	0.00086	0.02264	0	0	0	0	0	0	0	0	0	0	0	0	0	0	0	0	0	0	0	0	0	0	0	0	0	0	0	0.0172	0	0	0	0	0	0.00769	0	0	0	0	0	0	0	0	0	0	0	0	0	0	0	0	0	0	0.00314	0	0	0	0	0	0	0	0	0	0	0	0	0	0	0	0.00783	0	0	0	0	0	0	0	0	0	0	0	0	0	0	0	0	0	0	0	0	0	0	0	0	0	0	0.04469	0	0	0	0	0	0	0	0	0	0	0	0	0	0	0	0	0	0	0	0
"Parabacteroides_johnsonii"	0	0	0	0	0	0	0	0	0	0	0	0	0	0	0	0	0	0	0	0	0	0	0	0	0	0	0	0	0	0	0	0	0	0	0	0	0	0	0	0	0	0	0	0	0	0	0	0	0	0	0	0	0	0	0	0	0	0	0	0	0	0	0	0.47214	0.53395	0	0.57486	0	0	0	0	0	0	0	0.00293	0.00332	0	0	0	0	0	0	0	0	0	0	0	0	0	0	0	0	0	0	0	0	0	0	0	0	0	0	0	0	0	0	0	0	0	0	0	0	0	0	0	0	0	0	0	0.36538	0	0	0	0	0	0	0	0	0	0	0	0	0	0	0	0	0	0	0	0	0	0	0	0	0	0	0	0	0	0	0	0	0	0	0	0	0	0	0	0	0	0	0	0	0	0	0	0	0	0.22419	0	0	0	0	0	0	0	0	0	0	0	0	0	0	0	0	0	0	0	0	0.04058	0	0	0	0	0	0	0	0	0	0	0	0	0	0	0	0	0	0	0	0	0	0	0	0	0	0	0	0	0	0	0	0	0	0	0	0	0	0	0	0	0	0	0	0	0	0	0	0	0	0	0	0	0	0	0	1.35374	0	0	0	0	0	0	0	0	0	1.01152	0	0	0	0	0	0	0	0	0	0.20866	0	0	0	0	0	0	0	0	0	0	0	0	0.09798	0	0	0	0	0	0	0	0	0	0	0	0	0	0	0	0	0	0	0	0	0	0	0	0	0	0	0	0	0.65622	0	0	0	0	0	0	0	0	0	0	0	0	0	0	0	0.46518	0	0	0	0	0	0	0	0	0	0	0	0	0.60588	0	0	0	0	0	0	0	0	0	0	0	0	0	0	0	0	0	0	0	0.42467	0	0	0	0	0	0	0	0	0	0.54134	0	0	0	0	0	0	0	0	0	0	0	0	0	0	0	0.4984	0	0	0	0	0	0	0	0	0	0	0	0	0	0	0	0	0	0	0	0	0	0	0	0	0	0	0	0	0	0	0.99412	0	0	0	0	0	0	0	0	0	0	0	0	0	0
"Clostridium_paraputrificum"	0	0	0	0	0	0	0	0	0	0	0	0	0	0	0	0	0.0031	0	0	0	0	0	0	0	0	0	0	0	0	0	0	0	0.0137	0	0	0	0	0	0.0055	0.00322	0	0	0	0	0	0	0	0	0	0	0	0	0	0.00105	0	0	0	0.01136	0	0	0	0	0	3e-04	0	0	0	0.00152	0.01846	0	0	0	0	0.16151	0.00391	0	0	0	0.18498	0.03638	0.00769	0.00796	0	0.00359	0	0	0.05341	0.15601	0	0	0	0	0.00329	0	0	0	0	0	0	0	0	0	0	0	0	0	0	0	0	0	0	0	0	0	0	0	0	0	0	0	0	0	0	0	0.02518	0	0	0	0.00112	0	0	0	0	0	0	0	0	0	0	0	0	0	0	0	0	0	0	0	0	0	0	0	0	0.00325	0	0	0	0	0	0	0.01259	0	0	0	0	0	0	0	0	0	0	0	0	0	0	0	0	0	0	0	0	0	0	0	0	0	0	0	0	0	0	0	0	0	0	0	0.1481	0	0	0	0	0	0	0	0	0	0	0	0	0	0	0	0	0	0	0	0	0	0	0	0	0	0	0	0	0	0.01099	0	0	0.00111	0	0	0	0	0	0	0	0	0	0	0	0	0	0	0	0	0	0	0	0	0	0	0	0	0	0	0	0	0	0	0	0	0	0	0	0	0	0	0	0	0	0	0	0	0	0	0	0	0	0	0	0	0	0	0	0	0	0	0	0	0	0	0	0	0	0	0	0	0	0	0	0	0	0	0	0	0	0	0	0.00025	0	0	0	0	0.00217	0	0	0	0	0	0	0	0.03111	0	0	0	0	0	0	0	0	0	0	0	0	0	0	0	0	0	0	0	0	0	0	0	0	0	0	0	0	0	0	0	0.00135	0	0	0	0	0	0	0	0	0.00522	0	0	0	0	0	0	0	0	0	0	0	0	0	0	0	0	0	0	0	0	0	0	0	0	0	0	0	0	0	0	0	0	0	0	0	0	0.00787	0.00146	0	0	0.02625	0	0	0	0	0	0.00669	0	0	0	0	0	0	0	0	0	0	0.00243	0	0	0.00085	0	0	0	0.00886
"Actinomyces_sp_ph3"	0	0	0	0	0.0032	0	0	0	0	0	0	0	0	0	0	0	0	0	0	0	0	0	0	0	0	0	0	0	0	0	0	0	0	0	0	0	0	0	0.00323	0.00097	0.00084	0	0	0	0	0	0	0.00121	0	0	0	0	0	0	0	0	0	0	0	0	0	0	0	0	0	0	0	0	0	0	0	0	0	7e-04	0	0.00163	0	0	0	0	0	0	0	0	0	0	0	0	0	0	0	0	0	0	0	0	0.00688	0	0	0	0	0	0	0	0	0	0	0	0	0	0	0	0	0	0	0	0	0	0	0	0	0	0	0	0	0	0	0	0	0	0	0	0	0	0	0	0	0	0	0	0	0	0	0	0	0	0	0	0	0	0	0	0	0	0	0.00189	0	0	0	0	0	0	0	0	0	0.02065	0	0	0	0	0	0	0	0	0	0	0	0	0	0	0	0	0	0	0	0	0	0	0	0	0	0	0	0.00863	0	0	0	0	0	0	0	0	0	0	0	0	0	0	0	0	0	0	0	0	0	0	0	0	0	0	0	0	0	0	0	0	0	0	0	0	0	0	0	0	0	0	0	0	0	0.00841	0	0	0	0	0	0	0	0	0	0	0	0	0	0	0	0	0	0	0	0	0	0	0	0	0	0	0	0	0	0	0	0	0.00116	0	0	0	0	0	0	0	0.00177	0	0.00213	0	0	0	0	0	0.00193	0	0.00256	0	0	0	0	0.00215	0	0	0	0	0	0	0	0	0	0	0	0	0	0	0	0	0.00219	0	0	0.01803	0	0	0	0	0	0	0	0	0	0	0	0	0	0	0	0	0	0	0	0	0	0	0	0	0	0	0.0108	0	0	0	0	0	0	0	0	0	0	0	0	0	0	0	0	0	0	0	0	0	0	0	0	0	0	0	0	0	0	0	0	0	0.00191	0	0	0	0	0.03236	0	0	0	0	0	0	0	0.00826	0	0	0	0	0	0	0	0	0	0	0	0	0	0	0	0	0	0	0	0	0	0	0	0	0	0.031	0	0	0	0	0	0	0.00223	0	0.01146	0.01309	0	0	0
"Gemella_morbillorum"	0	0	0	0	0	0	0	0	0	0	0	0	0.0017	0	0	0	0	0	0	0	0	0	0	0	0	0	0	0	0	0	0	0	0	0	0	0	0	0	0.00338	0.00086	0.00076	0	0	0	0	0	0	0	0	0	0	0	0	0	0	0	0	0	0	0	0	0	0	0	0	0	0	0	0	0	0	0	0	0.00036	0.00064	0.00178	0	0	0	0	0	0	0	0.00282	0	0	0	0	0	0	0	0	0	0	0	0	0	0	0	0	0	0	0	0	0	0	0	0	0	0	0	0	0	0	0	0	0	0	0	0	0	0	0	0	0	0	0	0	0.01828	0	0	0	0	0	0	0	0	0	0	0	0	0	0	0	0	0	0.00534	0	0	0	0	0	0	0	0	0	0	0.0045	0	0	0	0	0	0	0	0	0	0	0	0	0	0	0	0	0	0	0	0	0	0	0	0	0	0	0	0	0.01955	0	0	0	0	0	0	0	0	0	0	0	0	0	0	0	0	0	0	0	0	0	0	0	0	0	0	0	0	0	0	0	0	0	0	0	0	0	0	0	0	0	0	0	0	0	0	0	0.00349	0	0	0	0.02156	0.00335	0	0	0	0	0	0	0	0	0	0	0	0	0	0	0	0.01142	0	0	0	0	0	0	0	0	0	0	0	0	0	0	0	0	0	0	0	0	0	0	0	0	0	0	0	0	0	0	0	0	0.00619	0	0	0	0	0	0	0	0	0	0	0	0	0	0	0	0	0	0	0	0	0.02564	0	0.00282	0.01336	0	0	0.00939	0	0	0	0	0.004	0	0.01006	0	0	0	0	0	0	0	0	0	0	0	0	0	0	0	0	0	0	0	0.0206	0	0	0	0	0	0.00488	0	0	0	0	0	0	0	0	0	0	0	0	0	0	0	0	0	0	0	0	0.01197	0	0	0	0	0	0	0	0	0	0	0	0.00609	0.00441	0	0	0	0	0	0	0	0	0	0	0	0	0	0	0.00259	0	0	0	0	0	0	0	0	0	0	0	0	0	0	0	0	0	0	0	0.00242	0	0	0	0	0	0	0	0	0	0	0
"Clostridium_sp_NSJ_42"	0	0	0	0	0	0	0	0.01329	0	0	0	0	0	0	0	0	0	0	0	0	0	0	0	0	0	0	0	0	0	0.01313	0	0	0.0311	0	0	0	0	0	0.00448	0	0.00949	0	0	0	0	0	0	0	0	0	0	0.02009	0.00142	0	0	0	0	0	0	0	0	0	0	0.00454	0	0	0	0	0	0	0.17987	0	0	0.00708	0.11964	0	0	0	0	0	0	0	0	0	0	0	0.04219	0	0	0.24807	0	0	0	0	0.01958	0	0.0659	0	0.04067	0	0	0	0	0	0	0	0	0	0	0	0	0	0	0	0	0	0	0	0	0	0	0	0	0	0.0821	0	0	0	0	0	0	0	0	0	0	0	0	0	0	0	0	0	0	0	0	0	0	0	0	0	0	0	0	0	0.00019	0	0	0	0	0	0	0	0	0	0	0	0	0	0	0	0	0	0	0	0	0	0	0	0	0	0	0	0	0	0	0	0	0	0	0.13697	0	0.03163	0.00497	0	0	0	0	0	0	0	0	0	0	0	0	0	0	0	0	0	0.00861	0	0	0	0	0	0	0	0	0	0	0	0	0	0	0	0	0	0	0	0	0	0	0	0	0.02242	0	0	2.04815	0	0	0	0	0	0	0	0	0	0	0	0	0	0	0	0	0	0	0	0	0	0	0	0	0	0	0	0	0	0	0	0	0	0	0	0	0	0	0	0	0	0	0	0	0	0	0	0	0	0	0	0	0	0	0	0	0	0	0	0	0	0	0	0	0	0	0	0	0	0	0	0	0	0	0	0	0	0	0.06572	0	0.47495	0	0	0	0	0	0	0	0	0	0	0	0.02553	0	0	0.01115	0	0	0	0	0	0	0	0	0	0	0	0	0	0	0.15418	0	0	0	0	0	0	0	0	0	0	0	0	0	0	0	0	0	0	0	0	0	0	0	0	0	0	0	0	0	0	0	0	0	0	0	0	0	0.0403	0	0	0	0	0	0	0	0	0	0	0	0	0	0	0	0	0	0	0	0	0.10099	0	0	0	0	0	0	0	0	0	0	0	0	0	0	0	0	0	0	0	0
"GGB3002_SGB3993"	0	0	0	0	0	0	0	0.01901	0	0	0	0	0	0	0	0	0	0	0	0	0	0	0	0	0.00829	0	0	0	0	0	0	0	0	0	0	0	0	0	0	0.00198	0.00519	0	0	0	0	0	0	0	0	0	0	0	0	0	0	0.00432	0	0	0	0	0	0	0	0.04963	0.14595	0	0	0	0	0	0	0	0	0.00212	0.00105	0	0	0	0	0	0.01246	0	0	0	0	0	0	0	0.00543	0	0	0	0	0	0	0	0	0	0	0	0	0	0	0	0	0.00084	0	0.06093	0	0	0	0	0	0.12457	0	0	0	0	0	0	0	0	0	0	0	0	0.11522	0	0	0	0	0	0	0	0	0	0	0	0	0	0	0	0	0	0	0	0	0	0	0	0	0	0	0	0	0	0	0	0	0	0	0	0.02589	0	0	0.00097	0	0	0	0	0	0	0	0	0	0	0	0	0	0	0	0.00343	0	0	0	0	0	0	0	0	0	0	0	0	0	0	0	0	0	0	0	0	0.01161	0	0	0	0.17131	0	0	0.12008	0.0257	0	0	0	0.04333	0	0	0	0	0	0	0	0	0	0	0	0	0.11804	0	0.01465	0	0	0	0.28217	0	0	0	0.00347	0	0	0	0.09891	0	0	0	0	0	0	0	0	0	0.17863	0	0	0	0	0.01411	0	0	0	0	0	0.04344	0	0	0	0	0	0	0.071	0	0	0	0	0	0	0	0	0	0	1.19833	0	0.01253	0	0	0	0	0	0	0	0	0	0.05923	0	0	0	0	0	0.09132	0	0	0	0	0	0	0	0	0	0	0.08519	0.27919	0	0.46905	0	0	0	0	0	0	0	0	0	0	0	0	0	0	0	0	0	0	0	0.01991	0	0	0	0	0	0	0	0	0	0	0	0	0	0	0	0	0	0	0	0	0	0	0	0	0	0	0.04729	0	0	0	0	0	0	0.07708	0	0	0	0	0	0	0	0	0	0	0	0	0	0	0	0	0	0	0	0	0.0089	0	0	0	0	0	0	0	0	0	0	0	0	0	0	0	0	0	0	0.00102	0	0	0	0	0	0	0	0	0	0	0	0	0	0	0	0	0	0	0	0	0	0
"GGB3819_SGB5184"	0	0	0	0	0	0	0.02157	0.03716	0	0	0	0	0	0	0	0	0	0	0	0	0	0	0	0	0	0	0	0	0	0	0	0	0	0	0	0	0	0	0	0	0.00132	0	0	0	0	0	0	0	0	0	0	0	0	0	0	0	0	0	0	0	0	0	0	0	0	0	0	0	0	0	0	0	0	0	0.00818	0	0	0	0	0	0	0	0	0	0	0	0	0	0	0	0.06966	0	0	0	0	0	0	0	0	0	0	0	0	0	0	0	0	0	0	0	0	0	0	0	0	0	0	0	0	0	0.05355	0	0	0	0	0	0	0	0	0	0	0	0	0	0	0.25874	0	0	0	0	0	0	0	0	0.88503	0	0	0	0	0	0	0	0	0	0	0	0	0	0	0	0.02185	0	0	0	0	0	0	0	0	0	0	0	0	0	0	0	0	0	0	0	0	0	0	0	0	0	0	0	0.16626	0	0.00676	0	0	0	0	0	0	0	0	0	0	0	0	0	0	0	0	0	0	0	0	0	0	0	0	0	0	0	0	0	0	0	0	0	0	0	0	0	0	0	0.0166	0	0	0	0	0	0	0	0	0	0	0	0	0	0	0	0	0	0	0	0	0	0	0	0	0	0	0	0	0	0	0	0	0	0	0	0	0	0	0	0	0	0	0	0	0	0	0	0	0	0	0	0	0	0	0	0	0	0	0	0	0	0	0	0.09862	0	0	0	0	0	0	0	0	0	0	0	0	0	0	0	0	0	0	0	0	0	0	0.03037	0	0	0	0	0	0	0	0	0	0	0.03287	0	0	0	0	0	0	0	0	0	0	0	0	0	0	0	0	0	0	0	0	0	0	0	0	0	0	0	0	0	0	0	0	0	0	0	0	0	0	0	0	0	0	0	0	0	1.17782	0	0	0	0	0	0	0	0.18976	0	0	0	0	0	0	0	0	0	0	0	0	0	0	0	0	0	0	0	0	0	0	0	0	0	0	0	0.09162	0	0	0	0	0	0	0	0	0	0	0	0	0	0	0	0	0	0
"Bifidobacterium_dentium"	0	0	0	0	0	0	0	0	0	0	0	0	0	0	0	0	0.00493	0	0	0	0	0	0	0.01522	0	0.28585	0	0	0	0	0	0	0	0	0	0	0	0	0.00116	0.04037	0.0011	0	0	0.00567	0	0.00613	0	0	0	0	0	0	0	0	0	0	0	0	0	0.00303	0	0	0	0	0	0.00879	0	0.5044	1.13301	0	0	0	0	0.00427	0.00082	0.03202	0	0.07532	0	0	0	0.09984	0.46959	0	0	0	0	0	0	0	0	0	0	0	0	0	0	0	0	0	0.0283	0	0	0	0	0	0	0	0.00084	0	0	0	0	0	0	0	0	0	0	0	0	0	0	0	0	0	0	0	0	0	0	0	0	0	0	0	0	0	0	0	0	0	0	0	0	0.00225	0	0	0	0	0.0395	0	0	0.13449	0	0	0	0	0	0	0	0	0	0	0	0	0	0	0	0	0	0	0	0	0	0	0	0.06006	0	0	0.18924	0	0	0	0	0	0.00704	0	0	0	0	0	0	0	0	0	0	0	0	0	0	0.04451	0	0	0	0	0	0	0	0	0	0	0.06138	0	0.19763	0	0	0	0	0.04903	0	0	0	0	0	0	0	0	0	0	0	0	0	0	0.00643	0.00285	0	0	0	0	0	0	0	0	0	0	0	0	0	0	0	0	0	0	0	0	0	0.14722	0	0	0	0	0	0	0	0	0.16139	0	0	0	0	0	0	0	0	0.4673	0	0	0	0	0	0	0	0	0	0	0	0	0	0	0	0	0	0	0	0	0.00082	0	0	0	0	0	0	0	0	0	0	0	0	0.01884	0	0	0	0	0	0	0	0	0	0	0	0	0	0	0	0	0	0	0	0	0	0	0	0	0	0	0	0	0	0	0	0	0	0	0	0	0	0	0	0	0	0	0	0	0.04139	0.66036	0.00109	0	0	0	0	0.04681	0.00079	0	0	0	0	0	0	0.01583	0	0	0	0	0	0	0	0	0	0	0	0	0	0	0	0	0	0	0.01997	0.06023	0	0	0	0	0	0.06905	0	0.0458	0	0	0	0	0	0	0	0	0	0.088	0.0099	0	0	0	0	0	0	0	0	3.25967	0	0	0	0	0	0.02488	0	0	0.33541	0	0
"Candidatus_Alloruminococcus_vanvlietii"	0	0	0	0	0	0	0	0	0	0	0	0	0	0	0	0	0	0	0	0	0	0	0	0	0.00201	0	0	0	0	0.00094	0	0	0	0	0	0	0	0	0	0.00034	1e-05	0	0	0	0	0	0	0	0	0	0	0	0	0	0	0	0	0	0	0	0	0	0	8e-04	0	0.00056	0	0	0	0	0	0	0	0	0	0.00018	0	0	0	0	0	0	0	0	0	0	0	0	0	0	0	0	0	0	0	0	0	0	0	0	0	0	0	0	0	0	0	0	0	0	0	0	0	0	0	0	0	0	0	0	0	0	0	0	0	0	0	0	0	0	0	0	0	0	0.00075	0	0	0	0	0	0	0	0	0	0	0	0	0	0.00454	0	0	0	0	0	0	0	0	0.00142	0	0	0	0	0	0	0	0	0	0.00149	0	0	0	0	0	0	0	0	0	0	0	0	0	0	0	0	0	0	0	0	0	0	0	0	0	0	0	0	0	0	0	0	0	0	0	0	0	0.00107	0.00104	0	0	0	0	0	0	0	0	0	0	0	0	0	0	0	0	0	0	0	0	0	0	0.00204	0	0	0	0	0	0	0.00147	0	0	0	0	0	0	0	7e-05	0	0	0	0	0	0	0	0	0	0	0	0	0	0	0	0	0	0	0	0	0	0	0	0	0	0	0.00071	0	0	0	0	0	0.00518	0	0	0	0	0	0	0	0	0	0	0	0	0	0	0.0015	0	0	0	0	0	0	0	0	0	0	0	0	0	0	0	0	0	0	0	0	0	0	0	0	0.00455	0	0	0	0	0	0	0	0	0	0	0	0	0	0	0	0.00066	0	0	0	0	0	0	0	0	0	0	0	0	0	0	0	0	0	0	0	0	0	0	0	0	0	0	0	0	0	0	0	0	0	0	0	0	0	0	0	0	0	0	0	0	0	0	0	0	0	0	0	0	0	0	0	0	0	0	0	0	0	0	0	0	0	0	0	0	0	0	0	0	0	0	0.00317	0	0	0	0	0	0	0	0	0	0	0	0	0	0	0	0	0	0	0	0
"GGB9661_SGB15148"	0	0	0	0	0	0	0	0	0	0	0	0	0	0	0	0	0	0	0	0	0	0	0	0	0.00661	0	0	0	0	0	0	0	0	0	0	0	0	0	0	0.01153	0	0	0	0	0	0	0	0.09991	0	0	0	0	0	0	0	0	0	0	0	0	0	0	0	0	0	0	0	0	0	0	0	0	0	0.01442	0.0918	0.09323	0	0	0	0	0	0	0	0	0	0	0	0	0	0.97497	0	0	0	0	0	0	0	0	0	0	0	0	0.1277	0	0	0	0	0	0	0	0	0.62333	0	0	0	0	0	0	0	0	0	0	0	0	0	0	0	0	0	0	0	0	0	0	0	0	0	0	0	0	0	0	0	0	0	0	0	0	0	0	0	0	0	0	0	0	0	0	0	0	0	0	0	0	0	0	0	0	0	0	0	0	0	0	0	0	0	0	0	0	0	0	0	0	0	0	0	0	0	0	0	0	0	0	0	0	0	0	0	0	0	0	0	0	0	0	0	0	0	0	0	0	0	0	0	0	0.00743	0	0	0	0	0	0	0	0.04932	0	0	0	0	0	0	0	0.02554	0	0	0	0	0	0	0	0	0	0.04713	0	0	0	0	0.0553	0	0	0	0	0	0	0	0	0	0	0	0	0	0	0	0	0	0.03522	0	0	0	0	0	0	0	0	0	1.03208	1.15521	0	0	0	0	0	0	0	0	0	0	0	0	0	0	0	0	0	0	0	0	0	0	0	0	0	0	0	0	0	0	0	0	0	0	0	0	0	0	0	0	0	0	0	0	0	0	0	0	0	0	0	0	0	0	0	0	0	0	0	0	0	0.09658	0	0.09384	0	0	0	0	0	0	0	0	0	0	0	0.01211	0	0	0	0.59315	0	0	0	0	0	0	0	0	0.40558	0	0	0	0	0	0	0	0	0	0.06077	0	0	0	0	0	0	0	0	0	0	0	0	0	0	0	0	0	0	0	0	0	0.04632	0	0	0	0	0	0	0	0	0	0	0	0	0	0	0	0	0	0	0	0	0	0	0	0	0	0	0	0	0	0	0
"Clostridiaceae_unclassified_SGB4747"	0	0	0	0	0	0	0	0	0	0.00579	0	0	0	0	0	0	0	0	0	0	0	0	0	0	0	0	0	0	0.0065	0	0	0	0	0	0	0	0	0	0.00176	0	0	0	0	0	0	0	0	0	0	0	0	0	0	0.56664	0.0527	0	0	0	0	0	0	0	0	0	0	0	0	0	0	0	0	0	0	0	8e-05	0	0	0	0	0	0	0	0	0	0	0	0	0	0	0	0	0	0	0	0	0	0	0	0	0	0	0	0	0	0	0	0	0	0	0	0	0	0	0	0.00688	0	0	0	0	0	0.01028	0.0272	0	0	0	0	0	0	0	0	0	0	0	0	0	0	0	0	0	0	0	0	0	0	0	0	0	0	0	0	0	0	0	0	0	0	0.04187	0	0	0	0	0	0	0	0	0.00729	0	0	0	0	0	0	0.01557	0	0	0	0	0	0	0	0	0	0	0	0	0	0	0	0	0	0	0	0	0.20137	0	0	0	0	0	0	0	0	0	0	0	0	0	0	0	0	0	0	0	0	0	0	0	0	0	0	0	0	0	0	0	0	0	0	0	0	0	0	0	0	0	0	0	0	0	0	0	0	0	0	0	0	0	0	0	0	0	0	0	0	0.10098	0	0	0	0	0	0	0	0	0	0	0	0	0.061	0	0	0	0	0	0	0	0.02013	0	0	0	0	0	0	0	0	0	0	0	0	0	0	0	0	0	0.01152	0	0	0	0	0	0	0	0	0	0	0	0	0	0	0.02063	0	0	0	0	0	0	0	0	0	0	0	0	0	0	0	0	0	0.03966	0	0	0	0	0	0	0	0	0	0	0	0	0	0	0	0	0	0	0.10233	0.1901	0	0	0	0	0	0	0	0	0	0	0	0	0	0	0	0	0	0	0	0	0	0	0	0	0	0	0	0	0	0	0	0	0	0	0	0	0	0	0	0	0	0	0	0	0	0	0	0	0	0	0	0	0	0	0	0	0	0	0	0.02236	0	0	0	0	0	0	0.07717	0	0	0	0	0	0	0	0	0.06491	0	0	0	0.09466	0	0
"Bacteroides_eggerthii"	0	0	0	0	0	0	0	0	0	0	0	0	0	0	0	0	0	0	0	0	0	0	0	0	0	0	0	0	0.70289	1.54502	0	0	0	0	0	0	0	0	0	0	0.18867	0	0	0	0	0	0	0	0	0	0	0	0	0	3.93259	0	0	0	0	0	0	0	0	1.6317	0	0	0	0	0	0	0	0	0	0	0.08652	0	0	0	0	0	0	0	0	0	0	0	0	0	0	0	0	0	0	0	0	0	0	0	0	0	0	0	0	0	0	0	0	0	0	0	0	0	0	0	0	0	0	0	2.65096	0	0	0	0	0	0	0	0.8065	0	0	0	0	0	0	0	0	0	0	0	0	0	0	0	0	0	0	0	0	0	0	0	0	0	0	0	0	0	0	0	0	0	0	0	6.65093	0.06798	0	0	0	0	0	0	0	0	0	0	0	0	0	0	0	0	0	0	0	0	0	0	0	0	0	0	0	0.00509	0	0	0	0	0	0	0	0	0	0	0	0	1.13482	0	0	0	0	0	0	0	0	0.02062	0	0	0	0	0.22359	0	0	0	0	0	0	0	0	2.55455	0	0.2326	0	0	11.45591	5.45716	0	0	0	2.22548	0	0	0	0	0	0	0	0	0	0	0	0	0	0	0	0	0	0	0	0	0	0	0	0	0	0	0	0	0	0	0	0	1.34432	0	0	0	0	0	0	0	0	0	0	0	0	0	0	0	0	0	0	0	4.28173	0	0	0	0	0	0	0	16.22311	0	0	0	0	0.27967	0	0	0	0	0	0	0	0	2.07936	0	0	0	0	0	0	0	0	0	0	0	0	10.16554	0	0	0	0	0	0	0	0	0	0	0	0	0	0	0	0	0	0	0	0	0	0	0	0	0	0	0	0	0	0	0	0	0	0	0	0	0	0	2.00126	0	0	0	0	0	0	0	0	0	12.38508	0	0	0	0	0	0	0	0	0	0	0	0	0	0	0	0	0	0	15.87496	0	0	0	0	0	0	0	0	0	3.74276	0	13.86249	0	0	0	0	0	0	0	0	0	0	0	0	0.54456	0	0	0	0	0	0	0	0	0	0
"Porphyromonas_uenonis"	0	0	0	0	0	0	0	0	0	0	0	0	0	0	0	0	0	0	0	0	0	0	0	0	0	0	0.01535	0	0	0	0	0	0	0	0	0	0	0	0	0	0.0113	0	0	0	0	0	0.00277	0	0	0	0	0.01814	0	0	0	0	0	0	0	0	0.03926	0	0	0	0	0	0	0	0	0	0	0	0	0.00223	0.00594	0	0.00204	0	0	0.01997	0	0	0	0	0	0	0	0	0	0	0	0	0.01624	0	0	0	0	0	0	0	0	0	0	0	0	0	0	0	0	0	0	0	0	0	0	0	0	0	0	0	0	0	0	0	0	0	0	0	0	0	0	0	0	0	0	0	0	0	0	0	0	0	0	0	0	0	0	0	0.01293	0	0	0	0	0	0	0	0	0	0	0	0	0	0	0	0.03431	0	0	0	0	0	0.00724	0	0	0	0	0	0	0	0	0	0	0	0	0	0	0	0	0	0	0	0	0	0	0	0	0	0	0	0	0	0	0	0	0	0	0	0	0	0	0	0	0	0	0	0	0	0	0.0012	0	0	0	0	0	0	0.01967	0	0	0	0	0	0	0	0	0	0	0	0	0.04699	0.00175	0	0	0	0	0	0	0	0	0	0	0	0	0	0	0	0	0.03773	0	0	0	0	0	0	0	0	0.00154	0	0	0	0	0	0	0	0	0	0	0	0	0	0	0	0.00501	0	0	0	0	0	0	0	0	0	0	0	0	0	0	0	0	0	0	0	0	0	0	0	0	0	0	0	0	0	0	0	0	0	0	0	0	0	0	0	0	0	0	0	0	0	0	0	0	0	0.00529	0	0	0	0	0	0	0	0	0	0	0	0	0	0	0	0.00178	0	0	0	0	0	0	0	0	0	0	0	0	0	0	0	0	0	0	0	0	0	0	0	0	0	0	0	0	0	0	0	0	0	0	0	0	0	0	0	0	0	0	0	0	0	0	0	0	0	0	0	0	0	0.01065	0	0	0	0	0	0	0	0.0193	0	0	0	0	0	0	0	0	0	0	0	0	0	0	0	0	0	0	0	0
"Prevotella_buccalis"	0	0	0	0	0	0	0	0	0	0	0	0	0	0	0	0	0	0	0	0	0	0	0	0	0	0	0	0	0	0	0	0	0	0	0	0	0	0	0.00032	0	0.00753	0	0.00443	0	0	0	0	0	0	0	0	0	0	0	0	0	0	0	0	0	0	0	0	4e-04	0	0	0	0	0	0	0	0	0	0.00115	0.01153	0	0.00654	0	0	0.12302	0	0	0	0	0	0	0	0	0	0	0	0	0.00746	0	0	0	0	0	0	0	0	0	0	0	0	0	0	0	0	0	0	0	0	0	0	0	0	0	0	0	0	0	0	0	0	0	0	0	0	0	0	0	0	0	0	0	0.0021	0	0	0	0	0	0	0	0.00459	0	0	0	0	0	0	0	0	0	0	0	0.01239	0	0	0	0	0	0	0	0.00815	0	0	0	0	0	0	0	0	0	0	0	0	0	0	0	0	0	0	0	0	0	0	0	0	0	0	0	0	0.00352	0	0	0	0	0	0	0	0	0	0	0	0	0	0	0	0	0	0	0	0	0	0	0	0	0	0	0	0	0	0	0.00191	0	0	0.04052	0	0	0	0	0	0	0	0	0	0	0	0	0	0	0	0	0	0	0	0	0	0	0	0	0	0	0	0.027	0	0	0	0	0	0	0	0	0.00354	0	0	0	0	0	0	0	0	0	0	0	0	0	0	0	0.0015	0	0	0	0	0	0	0	0	0	0	0	0	0	0	0	0	0	0	0	0	0	0	0.00151	0	0	0	0	0	0	0	0	0.02913	0	0	0	0	0	0	0	0	0	0	0	0	0	0	0	0	0	0	0	0	0	0	0	0	0	0	0	0	0	0	0	0	0	0	0	0	0	0	0	0	0	0	0	0	0	0.00149	0	0	0	0	0	0	0	0	0	0	0	0	0	0	0	0	0	0	0.00502	0	0	0	0	0	0	0	0	0	0	0	0	0	0	0	0	0	0	0	0	0	0	0	0	0	0	0	0	0	0	0.03763	0	0	0	0	0	0	0	0	0	0	0	0	0	0	0	0	0	0	0	0
"Peptoniphilus_grossensis"	0	0	0	0	0	0	0	0	0	0	0	0	0	0	0	0	0	0	0	0	0	0	0	0	0	0	0	0	0	0	0	0	0	0	0	0	0	0	0.00106	0.00027	0.01432	0	0.00664	0	0	0	0	0	0	0	0	0.01185	0	0	0	0	0	0	0	0	0	0	0	0.00285	0	0	0	0	0	0	0	0	0	0	0.00479	0	0.00455	0	0	0.33484	0	0	0	0	0	0	0	0	0	0	0	0	0	0	0	0	0	0	0	0	0	0	0	0	0	0	0	0	0	0	0	0	0	0	0	0	0	0	0	0	0	0	0	0	0	0	0	0	0	0	0	0	0	0	0.00281	0	0	0	0	0	0	0	0	0	0	0	0	0	0	0	0	0.00542	0	0	0	0	0.00647	0.00859	0	0	0	0	0	0	0	0	0	0	0	0	0	0	0	0	0	0	0	0	0	0	0	0	0	0	0	0	0	0	0	0	0	0	0	0	0	0	0	0	0	0	0	0	0	0	0	0	0	0	0	0	0	0	0	0	0	0	0	0	0	0	0	0	0	0	0.001	0	0	0.00446	0	0	0	0	0	0	0	0	0	0.05033	0	0	0	0	0	0	0	0	0	0	0	0	0.00612	0	0	0	0	0.00558	0	0	0.00441	0	0	0	0	0	0.01431	0	0	0	0	0	0	0	0	0	0	0	0	0	0	0	0.00219	0	0	0	0	0	0	0	0	0	0	0	0	0	0	0	0	0	0	0	0	0	0	0	0	0	0	0	0	0	0	0	0.01191	0	0	0	0	0	0	0	0	0	0	0	0	0	0	0	0	0	0	0	0	0	0	0	0	0	0	0	0	0	0	0	0	0	0	0	0	0	0	0	0	0	0	0	0	0	0	0	0	0	0	0	0	0	0	0	0	0	0	0	0	0	0	0	0	0	0	0	0	0	0	0	0	0	0	0	0	0	0	0	0	0	0	0	0	0	0	0	0	0	0	0	0	0	0	0	0.01855	0	0	0	0	0	0	0	0	0	0	0	0	0	0	0	0	0	0	0	0
"Fournierella_massiliensis"	0	0	0	0	0	0	0	0	0	0	0	0	0	0	0	0.01254	0	0	0.00209	0	0	0	0	0	0	0	0	0	0	0	0	0	0	0	0	0	0	0	0.02356	0	0.02256	0	0	0	0	0	0	0	0	0	0	0	0	0	0	0	0	0	0	0	0	0	0	0	0	0	0	0	0	0.20256	0	0	0	0	0.00395	0	0	0.39008	0	0	0	0	0	0	0	0	0	0	0	0	0	0	0	0	0	0	0	0	0	0	0	0	0	0	0	0	0	0	0.15214	0.31075	0	0	0	0	0	0	0	0.27309	0.05454	0	0	0.11249	0	0	0	0	0	0	0	0	0	0	0	0	0	0	0	0	0.03518	0	0	0.05117	0	0	0	0	0.00184	0	0	0	0	0	0	0	0	0	0	0	0	0	0	0	0.00719	0	0	0	0	0	0	0	0	0.00559	0	0	0	0	0	0	0	0	0	0	0.02209	0	0	0	0	0	0	0.33228	0	0	0	0	0	0	0	0	0	0	0	0	0	0	0	0	0	0	0	0	0	0	0	0	0	0	0.04657	0	0	0	0.34483	0	0	0	0	0	0.42856	0	0	0	0	0	0	0	0	0	0	0	0	0	0	0.63832	0.01304	0	0	0	0	0	0	0	0	0	0	0	0	0	0	0	0	0	0.04615	0	0	0	0	0	0	0	0	0.27333	0	0	0	0	0	0.6435	0	0	0	0	0	0.00632	0	0	0	0	0	0	0	0	0	0	0	0	0	0.03749	0	0	0	0	0	0	0	0	0	0	0	0	0	0	0.00443	0.05234	0	0	0	0	0.01162	0	0	0	0	0	0.02552	0	0	0	0	0.01408	0	0	0	0	0	0	0	0	0	0	0	0	0	0	0	0	0.01368	0	0.08466	0	0	0	0	0	0	0	0	0.34702	0.14101	0	0	0	0	0	0	0	0	0	0	0	0	0	0	0.06486	0	0	0	0	0	0	0	0.14406	0	0	0	0	0	0	0	0	0	0	0	0	0	0	0	0	0	0	0	0	0	0	0	0	0	0	0	0	0	0	0	0	0.00461	0	0	0	0	0	0	0	0	0.16588	0	0	0.32166	0	0	0	0.09594
"GGB2982_SGB3964"	0	0	0	0.00344	0	0	0.02133	0.0175	0	0	0	0	0	0	0	0	0	0	0.00471	0	0	0	0.03376	0	0.02961	0	0	0	0	0	0	0	0	0.00491	0	0	0	0	0	0.01362	0.00039	0	0	0.00479	0	0	0	0.05166	0.02702	0.02834	0.01406	0	0	0	0	0	0	0	0	0	0	0.00575	0	0.00267	0.02795	0	0	0	0	0	0	0	0	0	0.00011	0.00518	0	0	0	0	0	0.00328	0	0	0	0	0	0	0	0	0	0	0	0	0	0	0	0	0	0	0	0	0	0	0	0.00271	0	0	0	0	0	0	0	0	0	0	0	0	0	0	0	0	0	0	0	0	0.00852	0	0	0.01211	0.00336	0	0	0	0	0	0	0	0	0	0	0	0	0	0	0	0	0	0.03501	0	0	0	0	0	0	0	0	0	0	0	0	0	0	0	0	0	0	0	0	0	0	0	0	0	0	0	0	0	0	0	0	0	0	0	0	0	0	0	0	0	0	0	0	0	0	0	0	0	0	0.02789	0	0	0.04495	0	0	0.04652	0	0.00698	0	0	0.0273	0	0	0.02363	0.0061	0.01211	0	0	0.00542	0.02411	0	0	0	0	0	0	0	0	0.0132	0.0168	0	0	0.01398	0	0	0.00285	0	0.01315	0	0	0	0	0	0.00505	0	0	0.00143	0	0	0	0	0	0	0	0	0	0	0.01731	0	0	0	0.02802	0	0	0	0	0	0	0.00216	0	0	0	0	0	0	0	0	0.01098	0	0	0	0	0.0179	0.04476	0	0	0	0	0	0	0	0	0.00894	0	0	0	0	0	0	0	0	0.00234	0	0	0	0	0	0	0	0	0	0	0.00348	0	0	0	0	0.0108	0.00763	0.00896	0	0	0	0.01555	0	0	0	0	0.01814	0	0	0	0	0	0.01251	0.00819	0	0	0	0	0	0	0	0.02112	0	0	0	0	0	0	0	0	0	0	0	0	0	0	0	0	0	0	0	0.00917	0.01355	0	0	0	0	0	0	0	0	0	0	0	0.02946	0	0	0	0	0	0	0.01066	0	0.01218	0	0	0.01207	0	0	0	0	0	0	0.00433	0	0	0	0	0	0	0	0	0	0	0	0	0	0	0	0	0	0	0	0	0	0	0.01098	0	0	0	0	0	0	0	0	0	0
"Eubacterium_sp_ER2"	0	0	0	0	0	0	0	0	0	0	0	0	0	0	0	0	0	0	0	0	0	0	0	0	0	0	0	0	0	0	0	0	0	0	0	0	0	0	0	0	0	0	0	0	0	0	0	0	0	0	0	0	0	0	0	0	0	0	0	0	0	0	0	0	0	0	0	0	0	0	0	0	0	0	0	0	0	0	0	0	0	0	0	0	0	0	0	0	0	0	0	0	0	0	0	0	0	0	0	0	0	0	0	0	0	0	0	0	0	0	0	0	0	0	0	0	0	0	0	0	0	0.04814	0	0	0	0	0	0	0	0	0	0	0	0	0	0	0	0	0	0	0.00459	0	0	0	0	0	0.04088	0.0597	0	0	0	0	0	0	0	0	0	0	0	0.00684	0.00101	0.01413	0	0	0	0	0	0	0	0.04313	0	0.00127	0	0.03308	0	0	0	0.00693	0	0	0	0	0	0	0	0	0	0	0	0	0	0	0	0	0	0	0	0	0	0	0	0.00597	0.07793	0	0	0	0	0	0	0	0	0	0	0	0	0.02788	0	0	0	0	0	0	0	0	0	0	0	0	0	0	0	0	0	0	0	0.1541	0	0	0	0	0	0.14465	0	0	0	0	0	0	0	0	0	0	0	0	0	0	0	0	0	0	0	0	0.00456	0	0	0	0	0	0	0	0	0	0	0	0	0	0	0	0	0	0	0	0	0	0	0	0	0	0	0	0	0.02836	0	0	0	0	0	0	0	0	0	0	0	0	0	0	0	0	0	0	0	0	0	0	0	0	0	0	0	0	0	0	0	0.01035	0	0	0	0	0	0	0	0	0	0	0.00746	0.07294	0	0	0	0	0	0	0	0.3267	0	0	0	0	0	0	0	0	0	0	0	0	0	0	0	0	0	0	0	0	0	0	0.01462	0	0	0	0	0	0	0	0	0	0	0	0	0	0	0	0	0	0	0	0.04882	0	0	0	0	0	0	0	0	0	0	0	0	0	0	0	0	0	0	0	0	0	0	0	0	0	0	0	0	0	0	0	0	0.01912	0	0	0	0.01538	0	0	0	0	0
"GGB13404_SGB14252"	0	0	0	0	0	0	0	0	0	0	0	0	0	0	0	0	0	0	0.01396	0.05268	0	0	0	0	0	0	0.04375	0	0	0	0	0	0	0	0.0087	0.04916	0	0	0	0	0.00519	0	0	0	0	0	0	0	0.02111	0.00252	0	0	0	0	0	0	0	0	0	0	0	0	0	0	0	0	0	0	0	0	0	0	0	0.00162	0	0	0	0	0	0.00523	0	0	0	0	0	0	0	0	0	0	0	0	0	0.01491	0	0	0	0	0.02179	0	0	0	0	0	0	0	0	0	0	0	0	0	0	0	0	0	0	0	0	0	0	0	0	0	0	0	0	0	0	0	0	0	0	0	0	0	0	0	0	0	0	0	0	0	0	0	0	0	0	0	0	0	0	0	0	0	0	0	0	0	0	0	0	0.00348	0	0	0	0	0	0	0	0	0	0	0	0	0	0	0	0	0	0	0	0	0	0	0	0	0	0	0.00613	0	0	0	0	0	0	0	0	0	0	0	0.00032	0	0	0	0	0	0	0	0	0	0	0	0.14242	0	0	0	0	0	0	0	0	0	0	0	0	0	0	0.01992	0	0.00581	0	0	0	0	0	0	0	0	0	0	0	0.01631	0	0	0	0	0	0	0	0	0	0	0	0	0	0	0	0	0	0	0	0	0	0	0	0	0	0	0	0	0	0	0	0	0	0	0	0	0	0	0	0	0	0	0	0	0	0	0	0	0	0	0	0	0	0	0	0	0	0	0	0	0	0	0	0	0	0	0	0	0	0	0	0	0	0	0	0	0	0	0	0.11217	0	0	0	0	0	0	0	0.03853	0	0	0	0	0	0	0.23437	0	0	0	0	0	0	0	0	0	0	0	0	0	0	0	0	0	0	0	0	0	0	0	0	0	0	0	0	0	0	0	0	0	0	0	0	0	0.04199	0	0	0	0	0	0	0	0	0	0	0	0	0	0	0	0	0	0	0	0	0	0	0	0	0	0	0	0	0	0	0	0	0	0	0	0	0	0	0	0	0	0	0	0	0	0	0	0	0	0	0	0
"GGB9469_SGB14862"	0	0	0	0	0	0	0	0	0	0	0	0	0	0	0	0	0	0	0	0	0	0	0	0	0.01782	0	0	0	0	0	0	0	0	0	0	0	0	0	0.02284	0.02189	0	0	0	0	0	0	0	0.19122	0	0	0	0.28474	0.04922	0	0	0	0	0	0	0	0	0	0	0	0	0	0	0	0	0	0	0.09942	0	0	0	0	0	0	0	0	0	0	0	0	0	0.05415	0.21221	0	0	0	0	0	0	0	0	0	0	0	0	0	0	0	0	0	0	0	0	0	0	0	0	0	0	0	0	0	0	0	0	0	0	0	0	0	0	0	0.01637	0	0	0	0	0	0	0	0	0	0	0	0	0	0	0	0	0	0	0	0	0	0	0	0	0	0	0	0	0	0	0.07677	0	0	0	0	0	0	0	0	0	0	0	0	0	0	0	0.11625	0	0	0	0	0	0	0	0	0	0	0.51961	0	0	0	0.29066	0	0	0	0.39638	0.11055	0	0	0	0	0	0	0	0.17369	0.28384	0	0	0	0	0	0	0	0	0	0	0	0	0	0	0	0	0	0	0	0	0	0	0	0	0	0	0.14825	0	0	0	0	0	0.24687	0	0	0	0	0	0	0	0	0	0	0	0	0	0	0	0	0	0.34264	0.03603	0	0	0	0	1.25775	0	0	0	0	0	0	0	0	0	0	0	0	0	0	0	0	0	0	0	0	0	0	0	0	0	0	0	0	0	0	0	0	0	0	0	0	0	0	0	0	0	0	0	0	0	0	0	0	0	0.31634	0.7102	0	0	0	0	0	0	0	0	0	0	0	0	0	0	0	0	0	0	0	0	0	0	0	0	0	0	0	0	0	0	0	0	0	0	0	0.15641	0	0	0	0	0	0	0	0	0	0	0	0	0	0	0	0	0	0	0	0	0	0	0	0	0.1296	0	0	0	0	0	0	0	0	0	0	0	0	0	0	0	0	0	0	0	0	0	0	0	0.04948	0	0	0	0	0	0	0	0	0	0	0	0	0	0	0	0	0	0	0	0	0	0	0	0	0	0	0	0	0	0	0	0	0
"Clostridium_sp_AM58_1XD"	0	0	0	0	0	0	0.00596	0.00265	0	0	0	0	0	0	0	0	0.00122	0	0	0	0	0	0	0	0	0	0	0	0	0	0	0	0	0	0.00117	0	0	0	0.00153	0.00224	0	0	0	0	0	0	0	0	0	0	0	0	0	0	0	0	0	0	0	0	0	0	0	0.00178	0	0.00085	0	0	0	0	0	0	0	0	0.00114	2e-05	0	0	0	0	0	0	0	0	0	0	0	0	0	0	0	0	0	0	0	0	0	0	0	0	0	0	0	0	0	0	0	0	0	0	0	0	0	0	0	0	0	0	0	0	0	0	0	0	0	0.00185	0	0	0	0	0	0	0	0	0	0	0	0	0	0	0	0	0	0	0	0	0	0	0	0	0	0	0	0	0.00146	0	0	0	0	0	0	0	0	0	0	0	0	0.00122	0	0	0	0	0	0	0	0	0	0	0	0	0	0	0	0	0	0	0	0	0	0	0	0	0.00224	0	0	0	0	0	0.00016	0	0	0.02052	0	0	0	0.00179	0	0	0	0	0	0	0	0	0	0	0	0	0	0	0.00175	0.00188	0	0	0.00335	0	0	0	0	0	0	0	0	0	0	0	0	0	0	0	0	0	0	0	0	0	0	0	0	0	0	0.00337	0	0	0	0	0	0	0	0	0	0.00794	0	0	0	0	0	0	0	0	0	0	0	0	0	0	0	0.00374	0	0	0.00333	0.01238	0	0	0	0	0.005	0	0	0.00034	0	0	0	0	0	0	0	0	0	0	0	0	0	0	0	0	0	0	0.00495	0	0.00128	0	0	0	0	0.00931	0	0	0	0	0	0	0	0.01995	0	0	0	0	0	0	0	0	0	0	0	0	0	0	0	0	0	0	0	0	0	0	0	0	0	0	0	0	0	0	0	0	0.0039	0	0	0.02779	0	0	0	0	0	0	0	0	0	0	0	0	0	0	0	0	0	0	0	0.00245	0	0	0	0	0	0	0	0	0	0	0	0	0	0	0	0	0	0	0	0	0	0	0	0	0	0	0.00149	0	0.00495	0	0	0	0	0	0	0	0	0	0	0	0	0	0	0	0	0	0	0	0
"GGB3304_SGB4367"	0	0	0	0	0	0	0	0	0	0	0	0	0	0	0	0	0	0	0	0	0	0	0	0	1.0378	0	0	0	0	0	0	0	0	0	0	0	0	0	0	0	0	0	0	0	0	0	0	0	0	0	0	0	0	0	0	0	0	0	0	0	0	0	0	0	0	0	0	0	0	0	0	0	0	0	0.11653	0	0	0	0	0.29429	3.75291	0	0	0	0	0	0	0	0	0	0	0	0	0	0	0	0	0	0	0	0	0	0	0	0	0	0	0	0	0	0	0	0	0	0	0	0	0	0	0	0	0	0	0	0	0	0	0	0	0	0	0	0	0	0	0	0	0	0	0	0	0	0	0	0	0	0	0	3.59289	0	0	0	0	0	0	0	0	0	0	0	0	0	0	0	0	0	0	0	0	0	0	2.10975	0	0	0	0	0	0	0	0	0	0	0	0	0	0	0	0	0	0	0.31714	0	0	0	0	0	0	0	0	0	0	0	0	0	0	0	0	0	0	0	0	0	0	3.03411	0.81828	0	0	0	0	0	0.88881	0	0	0	0	0	0	0	0	2.82176	0	0	0	0	0	0	0	0	0	0	0	0	0	0	0	0	0	0	0	0	0	0	0	0	0	0	0	0	0	0	0	0	0.22386	0	0	0	0	0	0	0	0	0	0	0.87584	0	0	0	2.47745	0	1.02115	0	0	0	0	0	0	0	0	0	0	0	0	0	0	0	0	0	0	0	0	0	0	0	0.2445	0	0	0	8.1599	0	0	0	0	0	0	0	0	0	0	0	0	0	0	0	0	0	0	0	0	0	0	0	7.47391	25.01101	0	0	0	0	0	0	0	0	0	0	0	0	0	0	0	0	0	0	0	0	0	0	0	0	0	0	0	0	0	0	0	0.83921	0	0	0	0	0	0	0	0	0	0	0	0	0	0	0	0	0	0	0	0	1.95149	0	0	0	0	0	0	0	0	0	0	0	0	0	0	0	0	0	0	0	0	2.57108	0	0	0	0	0	0	0	0	0	0	0	0.97362	0	0	0	0	0	0	0	0	0	0
"GGB9708_SGB15234"	0	0	0	0	0	0	0	0	0	0	0	0	0	0	0	0	0	0	0.00035	0	0	0	0	0	0.49051	0	1.21149	0	0	0	0	0	0	0	0	0	0	0	0.03839	0	0.01893	0	0	0	0	0	0	0	0	0	0	0	0	0	0	0	0	0	0	0	0	0	0	0	0.19602	0	0	0	0	0	0	0	0	0	0	0.07961	0	0	0	0	0	0	0	0	0	0.39953	0	0	0	0	0	0	0	0	0	0	0	0	0	0	0	0	0	0	0	0	0	0	0	0	0	0	0	0	0	0	0	0	0	0	0	0	0	0	0	0	0	0	0	0	0	0	0	0	0	0	0	0	0	0	0	0	0	0	0	0	0	0	0	0	0	0	0	0	0	0	0	0	0	0	0	0	0	0	0	0	0	0	0	0.21694	0	0	0	0	0	0	0	0	0	0	0	0	0	0	0	0	0.06923	0	0	0	3.83829	0	0	0	0	0	0	0	0	0	0	0	0.35121	0	0	0	0	0	0	0	0	0	0	0.21411	0	0	0	0	0	0	0	0	0	0	0	0	0	0	0	0	0	0	0	0	0	0.06161	0	0	0	0	0	0	0	0	0.7864	0	0	0	0	0	0	0	0	0	0	0	0	0.3596	0	0	0	0	1.23134	0	0	0	0.02253	0	0	0	0	0	0	0	0	0	0	0	0	0.73153	0	0	0	0	0	0	0	0	0	0	0	0	0	0	0	0	0	0	0	0	0	0	0	0	0	0	0	0	0	0	0	0	0	0	0	0	0	0	0	0	0	0	0	0	0	0	0	0	0	0	0	0	0	0	0	0	0	0	2.66482	0	0	0	0	0	0	0	0	0	0	0	0	0	0	0	0	0	0	0	0	0	0	0	0	0	0	0	0	0	0	0	0	0	0	0	0	0	0	0	0	0	0	0	0	0	0	0.24139	0	0	0.05958	0	0	0	0	0	0	0	0	0	0	0	0	0	0	0	0	0	0	0	0	0	0	0	0	0	0	0.00747	0	0	0	0	0	0	0	0	0	0	0	0	0
"GGB9713_SGB15249"	0	0	0	0	0	0	0	0	0	0	0	0	0	0	0	0	0	0	0	0	0	0	0	0.0189	2.35052	0	0.65396	0	0	0	0	0	0	0	0	0	0	0	0	0.00087	0	0	0	0	0	0	0	0	0	0	0	0	0	0	0	0	0	0	0	0	0	0	0	0	0	0	0	0	0	0	0	0	0	0	0	0	0	0	0	0	0	0	0	0	0	0	0	0	0	1.12064	0	0	0	0	0	0	0	0	0	0	0	0	0	0	0	0	0	0	0	0	0	0	0	0	0	0	0	0	0	0	0	0	0	0	0	0	3.61939	0	0	0	0	0	0	0	0	0	0	0	0	0	0	0	0	0	0	0	0	0	0.39413	0	0	0	0	0	0	0	0	0.1275	0	0	0	0	0	0	0	0	0	0	0	0	0	0	0	0	0	0	0	0	0	0	0	0	0	0	0	0	0	0	0	0	0.04534	0	0	0	0	0	0	0	0	0	0	0	0.27255	0	0	0	0	1.21355	0	0	0	0	0	0	0	0	0	0	0	0	0	0	0	0	0	0	0	0	0	0	0	0.08168	0	0	0	0	0	0	0	0	0	0	0	0	0	0	0	0	0	0	0	0	0	0	0	0	0	0	0	0	0	0	0	0	0	0	0	0	0	0	0	0	0	0	0	0	0	0	0	0	0	0	0	0	0	0	0	0	0	0	0	0	0	0	0	0	0	0	0	0	0	0	0	0.14421	0	0	0	0	0	0	0	0	0	0	0	0	0	0	0	0	0	0	0	0	0	0	0	0	0	0	0	0.5854	0	0	0	0	0	0.33343	1.78882	0	0	0	0	0	0	0	0	0	0	0	0	0	0	0	0	0	0	0	0	0	0	0	0	0	0	0	0	0	0	0	0	0	0	0	0	0	0	0	0	0	0	0	0	0	0	0.06156	0	0	0	0	0	0	0	0	0	0	0	0	0	0	0	0	0	0	0	0	0	0	0	0	0	0	0	0	0	0	0	0	0.17222	0	0	0	0	0	0	0	0	0	0
"GGB33928_SGB15225"	0	0	0	0	0	0	0	0	0	0	0	0	0	0	0	0	0	0	0	0	0	0	0	0.06217	0.21476	0	0	0	0	0	0	0	0	0	0	0	0	0	0	0.01047	0.00056	0	0	0	0	0	0	0	0.77268	0.48625	0	0	0	0	0	0	0	0	0	0	0	0	0	0.02354	0	0	0	0	0	0	0	0	0	0.01858	0	0	0	0	0	0	0	0	0	0	0	0	0	0	0	0	0	0	0	0	0	0	0	0	0.09098	0	0	0	0	0	0.21337	0	0.00737	0	0	0	0	0	0	0	0	0	0	0	0	0	0	0	0	0	0	0	0	0	0	0	0	0	0	0	0	0	0	0	0	0	0	0	0	0	0	0	0	0	0.88699	0	0	0	0	0	0	0	0	0	0	0	0	0	0	0	0	0	0	0	0	0	0	0	0	0	0	0	0	0	0	0	0	0	0	0	0	0	0	0	0	0	0	0	0	0	0	0	0	0	0	0	0	0	0	0	0	0	0	0	0	0	0	0	0	0	0	0	0	0	0	0	0	0	0	0	0	0	0	0	0	0	0.00317	0.01636	0	0	0	0.01219	0	0	0	0	0	0	0	0	0	0	0	0	0	0	0	0	0	0	0	0	0.09336	0	0	0	0	0	0	0	0	0	0	0	0	0	0	0	0	0	0	0	0	0	0	0.13143	0	0	0	0	0	0	0	0	0	0	0	0	0	0	0	0	0	0	0	0	0	0	0	0	0	0	0	0	0	0	0	0	0	0	0	0	0	0	0	0	0	0	0	0	0	0	0	0	0	0	0	0	0	0	0	0	0	0	0	0	0	0	0	0	0	0	0	0	0	0	0	0	0	0	0	0	0	0	0	0	0	0	0	0	0.28986	0	0	0	0	0	0	0	0	0	0	0	0	0	0	0	0	0	0	0	0	0.12099	0	0	0.00141	0	0	0	0	0	0	0	0	0	0	0	0	0	0	0	0	0	0	0	0	0	0	0	0	0	0	0	0	0	0	0	0	0	0	0	0	0	0	0	0
"GGB3321_SGB4394"	0	0	0	0	0	0	0.06431	0.07825	0	0	0	0	0	0	0	0	0	0	0	0	0	0	0	0	0	0	0	0	0	0	0	0	0	0	0.01972	0.08698	0	0	0	0	0.00134	0	0	0	0	0	0	0	0.05341	0	0	0	0	0	0	0	0	0	0	0	0	0.01679	0	0	0.00886	0	0	0	0	0	0	0	0	0	0	0.00909	0	0	0	0	0.00311	0	0	0	0	0	0	0	0	0	0	0	0	0	0	0	0	0	0	0	0	0	0	0	0	0	0	0	0	0	0	0.09186	0	0	0	0	0	0	0	0	0	0	0	0	0	0	0	0	0	0	0	0	0	0	0	0	0	0	0	0	0	0	0	0	0	0	0	0	0	0	0	0	0	0	0	0	0	0	0	0	0	0	0	0	0	0	0	0	0	0	0	0.00946	0	0	0	0	0	0	0	0	0	0	0	0	0	0	0	0	0	0	0.15371	0	0	0	0	0	0	0	0	0	0	0	0	0	0	0	0	0.02349	0	0	0	0	0	0.00451	0.22689	0	0	0	0	0	0	0	0	0	0	0	0	0	0	0	0	0	0.00859	0	0	0.00386	0	0	0	0	0	0	0	0	0	0	0	0	0	0	0	0	0	0	0	0	0	0.24275	0	0	0	0	0	0	0	0	0	0	0	0	0	0	0	0	0	0	0	0	0	0.02925	0	0	0	0	0	0	0	0	0	0	0	0	0	0	0	0.03552	0	0	0	0	0	0	0	0	0	0	0	0.01367	0	0	0	0	0	0	0	0	0	0	0	0	0	0	0	0	0	0	0	0	0	0	0	0.01135	0	0	0	0	0	0	0.31185	0	0	0	0	0	0	0	0	0	0	0	0	0	0	0	0	0	0	0	0	0.00487	0	0	0	0	0	0	0	0	0	0	0	0	0	0	0	0	0	0	0	0	0	0	0	0	0	0	0	0	0	0	0	0	0	0	0	0	0	0	0	0	0	0	0	0	0	0	0	0	0	0	0	0	0	0	0	0	0	0	0	0	0	0	0	0	0	0	0	0	0
"Christensenella_timonensis"	0	0	0	0	0	0	0	0	0	0	0	0	0	0	0	0	0	0	0	0	0	0	0	0	0	0	0	0	0	0	0	0	0	0	0	0.00122	0	0	0	4e-04	0	0	0	0	0	0	0	0	0.00146	0.0037	0	0	0	0	0	0	0	0	0	0	0	0	0	0	0.00117	0	0	0	0	0	0.016	0	0	0	0	0.00019	0	0	0	0	0	0	0	0	0	0	0	0	0	7e-05	0	0	0	0	0	0	0	0	0	0	0	0	0	0	0	0	0	0	0	0	0	0	0	0	0	0	0	0	0	0	0	0	0	0	0	0	0.00013	0.00035	0	0.00051	0	0	0	0	0	0	0	0	0	0	0	0	0	0	0	0	0	0	0.00344	0	0	0	0	0	0	0	0	0	0	0	0	0	0	0	0	0	0	0	0	0	0	0	0	0	0	0	0	0	0	0	0	0	0	0	0	0	0	0	0	0	0.01707	0	0	0	0	0	0	0	0	0	0	0	0.00031	0	0	0	0.00017	0	0	0	0.00223	0	0	0	0	0	0	0	0	0	0	0	0	0	0	0	0	0	0	0	0	0	0	0.01364	0	0	0	0	0	0	0	0	0	0	0.00298	0	0	0	0	0	0	0	0	0	0	0	0	0	0	0	0	0	0	0	0	0	0	0	0	0	0	0	0	0	0	0	0	0	0	0	0	0	0	0	0	0	0	0	0	0	0	0	0	0	0	0	0	0	0	0	0	0	0	0	0	0	0	0	0	0	0	0	0	0	0	0	0	0	0	0	0	0	0	0	0	0	0	0	0	0	0	0.00471	0	0	0	0	0	0	0	0	0	0	0	0	0	0	0	0	0	0	0	0	0	0	0	0	0	0	0	0	0	0	0	0	0	0	0	0	0	0	0	0	0	0	0	0	0	0	0	0	0	0	0	0	0	0	0	0	0	0	0	0	0	0	0	0	0	0	0	0	0	0	0	0	0	0	0	0	0	0	0	0	0	0	0	0	0	0	0	0	0	0	0	0	0	0	0	0	0
"Streptococcus_equinus"	0	0	0	0	0	0	0	0	0	0	0	0	0	0	0.64529	0	0	0	0	0	0	0	0	0	0	0	0	0	0	0	0	0	0	0	0	0	0	0	0.01045	0	0.00223	0	0	0	0	0	0	0	0	0.0437	0	0	0	0	0	0	0	0	0.73791	0	0	0	0.08914	0	0	0	0	0	0	0	0	0	0	0.54726	0.00254	0	0	0	0	0	0	0	0	0	0	0.01158	0	0	0	0	0	0	0	4.97838	0	0	0	0	0	0	0	0	0	0.05472	0.05782	0	0	0	0.01987	0	0.01023	0	0	0	0	0	0	0	0	0	0	0	0	0	0	0	0.00162	0	0	0	0	0	0	0	0	0	0	0	0	0	0	0	0	0	0	0	0	0.00711	0	0	0	0	0	0	0	0	0	0	0	0	0	0	0	0	0	0	0	0	0	0	0	0.07315	0	0	0	0	0	0	0	0	0	0	0	0	0	0	0	0	0	0	0	0	0	0.38534	0	0	0	0	0	0	0	0	0	0	0	0	0	0	0	0	0	0	0	0.02859	0	0.02083	0	0	0	0	0	0	0	0	0	0	0	0	0	0	0	0	0	0	0	0	0	0	0.0229	0	0	0	0	0	0	0	0	5e-04	0.0134	0	0	0	0	0	0	0	0	0	0	0	0	0	0	0	0	0	0	0	0	0	0	0	0	0	0	0	0	0	0	0	0	0	0	0	0	0	0	0	0	0	0	0	0	0	0	0	0	0	0	0	0	0	0	0	0	0	0	0	0	0	0	0	0	0	0	0	0	0	0	0	0	0	0	0	0	0	0	0	0	0	0	0	0	0	0	0	0	0	0	0	0	0	0	0	0	0	0	0	0	0	0	0	0	0	0	0	0	0	0	0	0	0	0	0.85328	0	0	0	0	0	0	0	0	0	0	0	0	0	0	0	0	0	0	0	0.00627	0	0	0	0	0	0	0	0	0	0	0	0	0	0	0	0	0	0	0	0	0	0	0	0	0	0	0	0	0.15073	0	0	0	0	0	0	0	0	0	0	0	0	0	0	0	0
"Alistipes_SGB2300"	0	0.01519	0	0	0	0	0	0	0	0	0	0	0	0	0	0	0	0	0	0	0	0	0	0	0	0	0.04832	0	0	0	0	0	0	0	0	0.00849	0	0	0.0108	0.00507	0	0	0	0	0	0	0	0	0.02141	0	0	0	0	0	0	0	0	0	0	0	0	0	0	0	0	0	0	0	0	0	0.00551	0	0	0	0.0035	0	0	0	0	0.01207	0.37893	0	0	0	0	0	0	0	0	0	0	0	0	0	0	0	0	0	0	0	0	0	0	0	0	0	0	0	0	0	0	0	0	0	0	0	0	0	0	0	0	0	0	0	0	0	0	0	0	0	0	0	0	0	0	0	0	0	0	0	0	0	0	0	0	0.0171	0	0	0	0	0	0	0	0	0	0	0	0	0	0	0	0	0	0.00047	0	0	0	0	0	0	0	0	0	0	0	0	0	0	0	0	0	0	0	0	0	0	0	0	0	0	0	0	0	0	0	0	0	0	0	0	0	0	0	0	0	0	0	0	0	0	0	0	0	0	0	0	0	0	0	0.43154	0	0	0	0	0.00595	0	0	0	0	0	0	0	0	0	0	0	0	0	0	0	0	0	0	0	0	0	0	0	0	0	0	0	0	0	0	0	0	0.00714	0.32413	0	0	0	0	0	0	0	0	0	0	0	0	0	0	0.02597	0	0	0	0	0	0	0	0	0	0	0	0	0	0	0	0	0	0	0	0	0	0	0	0	0	0.07776	0	0	0	0	0	0	0	0	0	0	0	0	0	0	0	0	0	0.04402	0.00239	0	0	0	0	0.00385	0	0	0	0	0	0	0	0.00187	0	0	0	0	0	0	0	0	0	0	0	0	0	0	0	0	0	0	0	0	0	0	0	0	0	0	0.01121	0	0	0	0	0	0	0	0	0	0	0	0	0	0.34737	0	0	0	0	0	0	0	0	0	0	0.09806	0	0	0	0	0	0	0	0	0	0	0	0	0	0	0	0	0	0	0	0	0	0	0	0	0	0	0	0	0	0	0	0	0	0	0.01337	0	0	0	0	0	0	0	0	0	0
"Enterococcus_faecium"	0	0	0	0	0	0.0563	0	0	0	0	0	0	0	0	0.70787	0	0	0	0	0	0	0	0	0	0	0	0	0	0.00209	0	0	0	0	0	0	0	0	0	0	0.00014	0.01795	0	0	0	0	0	0	0	0	0	0	0	0	0	0	0	0	0	0	0	0	0	0.43283	0	0	0	0	0	0	0	0	0	0	0.07929	0.09313	0.01386	0	0	0	0	0	0	0	0	0	0	0	0	0	0	0	0	0	0.7143	0	0	0	0	0	0	0	0	0	0.00796	0	0	0	0	0	0	0.15855	0.12054	0	0	0	0	0	0	0	0	0	0	0	0	0	0	0	0	0	0	0	0	0	0	0	0	0.00341	0	0	0	0	0	0	0	0	0	0	0	0	0	0	0	0	0	0	0	0	0	0	0	0	0	0	0	0	0	0	0	0	0	0	0	0	0	0	0	0	0	0	0	0	0	0	0	0	0.02058	0.00364	0.00717	0	0	0	0	0	0	0	0	0	0	0	0	0	0	0.01318	0	0	0	0	0	0	0	0	0	0	0	0.01597	0.40801	0	0	0	0	0	0	0	0	0	0	0	0	0	0	0	0	0	0	0	0	0	0.01748	0	0	0	0	0	0	0	0.17625	0	0	0	0	0	0	0	0	0	0	0	0	0	0.0393	0	0	0	0	0	0	0	0	0	0	0	0	0	0	0	0.00051	0	0	0	0	0	0	0	0.00685	0	0.0045	0	0	0	0	0	0	0	0	0	0	0	0	0	0	0	0	0	0	0	0	0	0	0	0	0.00584	0	0	0	0	0	0	0	0	0	0	0	1.37829	0	0	0	0	0	0	0	0	0	0	0	0	0	0	0	0	0	0	0	0	0	0	0	0	0	0	0	0	0	0	0	0	0	0	0	0	0	0	0	0	0.01696	0	0	0	0	0	0	0	0	0	0	0	0.02279	0	0	0.06574	0	0	0	0.00422	0	0	0	0.00193	0.30833	0	0.01814	0	0.02595	0	0	0	0	0	0	0	0	0	0	0	0	0	0	0	0	0.00246	0	0	0	0.06924	0	0	0	0	0	0	0	0	0.00069	0	0	0	0	0.08288	0	0
"GGB9210_SGB14149"	0	0	0	0	0	0	0.12735	0	0	0	0	0	0	0	0	0	0	0	0	0	0	0	0	0	0	0	0.07377	0	0	0.00091	0	0	0	0	0	0	0	0	0	0.00164	0.00029	0	0	0	0	0	0	0	0	0.01536	0	0	0	0	0	0	0	0	0	0	0	0	0	0	0	0	0	0	0	0	0	0	0	0	0.09547	0	0	0	0	0	0.258	0	0	0	0	0	0	0	0.30145	0	0	0	0	0	0	0	0	0	0	0	0	0	0	0	0	0.00271	0	0	0	0	0	0	0	0	0	0	0	0	0	0	0.01749	0	0	0	0	0	0.20031	0	0	0	0	0	0	0	0	0	0	0	0	0	0	0	0	0	0	0	0	0	0.02127	0	0	0	0	0	0	0	0	0	0	0	0	0	0	0	0	0	0	0	0	0	0	0	0	0	0	0	0	0	0	0	0	0	0	0	0	0	0	0	0	0	0	0	0	0	0	0	0	0	0	0	0	0	0	0	0	0.13851	0.01592	0	0	0	0	0	0	0	0	0	0	0	0	0	0	0	0	0	0	0	0	0	0	0.00261	0	0	0	0	0	0	0	0	0	0	0	0	0	0	0.04778	0	0.01525	0	0	0	0	0	0	0	0	0	0	0	0	0	0	0	0	0	0	0	0	0	0	0.05972	0	0	0	0	0	0	0	0	0	0.01148	0.6516	0	0	0	0	0	0	0	0	0	0	0	0.37482	0	0	0	0	0	0	0	0	0	0	0	0	0	0	0	0	0	0.01455	0	0	0	0	0	0	0	0	0	0	0	0	0	0	0	0	0	0	0	0	0	0	0	0	0	0	0	0	0	0	0	0	0	0	0	0	0	0	0	0	0	0	0	0	0	0	0	0	0	0	0	0	0	0	0	0.00408	0	0	0	0	0	0	0	0	0	0	0	0	0	0	0	0	0	0	0	0	0	0	0	0	0	0	0	0	0	0	0	0	0	0	0	0	0	0	0	0	0	0.37945	0	0	0	0	0	0	0	0	0	0	0	0	0	0	0	0	0	0	0	0
"Prevotella_disiens"	0	0	0	0	0	0	0	0	0	0	0	0	0	0	0	0	0	0	0	0	0	0	0	0	0	0	0	0	0	0	0	0	0	0	0	0	0	0	0.0018	0	0	0	0.04734	0	0	0	0	0	0	0	0	0.06141	0	0	0	0	0	0	0	0	0	0	0	0	0	0.00362	0	0	0	0	0	0	0	0.00264	0.01667	0	0	0	0	0.12593	0	0	0	0	0	0	0	0	0	0	0	0	0.01949	0	0	0	0	0.00045	0	0	0	0.01484	0	0	0	0	0	0	0	0	0	0	0	0	0	0	0	0	0	0	0	0	0	0.0465	0	0	0	0	0	0	0	0	0	0	0.01477	0.00483	0.02436	0	0	0	0.02869	0	0	0	0.00768	0	0	0	0	0	0.01759	0.00832	0.00354	0	0	0	0	0	0	0	0	0	0	0	0.07281	0	0	0	0	0	0	0	0	0	0	0	0	0	0	0	0	0	0	0	0	0	0	0	0	0	0	0	0	0.00208	0	0	0	0	0	0	0	0	0	0	0	0.00611	0	0	0	0	0	0	0	0	0	0	0	0	0	0	0	0	0.06497	0	0.01067	0	0	0.11071	0	0	0	0	0	0	0	0	0	0	0.0053	0	0	0	0	0	0	0	0	0	0	0	0	0	0	0	0	0.04402	0	0	0.02381	0	0	0	0	0	0	0	0	0	0	0.00585	0	0	0	0	0	0	0	0	0	0	0	0	0	0	0	0	0	0	0	0	0	0	0	0	0	0	0	0	0	0	0	0	0	0	0	0	0	0	0	0	0	0	0	0	0	0	0	0	0	0.02814	0	0	0	0.00265	0	0	0.00391	0	0	0	0	0	0	0	0	0	0	0	0	0	0	0	0	0	0	0	0	0	0	0	0	0	0	0	0	0	0	0	0	0	0	0	0	0	0	0	0	0	0	0	0	0	0	0	0	0	0	0	0	0	0	0	0	0	0	0.00326	0	0	0	0	0.00274	0	0.03401	0	0	0	0	0	0	0	0.0324	0	0	0	0	0	0	0	0.04599	0	0	0	0.00509	0	0	0	0	0.00534	0	0	0	0	0	0	0	0	0	0	0
"Extibacter_sp_GGCC_0201"	0	0	0	0	0	0	0	0	0	0	0	0	0	0	0.00343	0	0	0	0	0	0	0	0	0	0	0.0123	0	0	0.03015	0	0	0	0	0	0	0	0	0	0	0	0	0	0	0	0	0	0	0	0	0	0	0	0	0	0	0	0	0	0	0	0	0	0	0	0	0	0	0	0	0	0	0.00328	0	0	0.00105	5e-04	0	0	0	0	0.05107	0	0	0	0	0	0	0	0	0	0	0	0	0	0	0	0	0	0	0	0	0	0	0	0	0	0	0	0	0	0	0	0	0.00437	0	0.01466	0.01531	0	0	0	0	0	0	0	0.00318	0	0	0	0	0	0	0	0	0	0	0	0.00652	0	0	0.02919	0	0	0	0	0.0717	0	0	0	0	0	0	0	0	0	0	0	0	0	0	0	0	0	0	0	0	0.01362	0	0	0	0	0	0	0	0	0	0	0	0	0	0	0	0	0	0	0.02119	0	0	0	0	0	0	0	0	0	0	0	0	0	0	0	0	0	0	0	0	0	0	0	0	0	0	0	0	0	0	0	0	0	0	0	0	0	0	0	0	0	0	0.00609	0	0	0	0	0	0	0	0	0	0	0	0	0	0	0	0	0	0	0	0	0	0	0	0	0	0	0	0.00895	0	0	0	0	0	0	0	0	0	0	0	0	0	0	0	0	0	0	0	0	0	0	0	0	0	0	0	0	0	0	0	0	0	0	0	0	0	0	0	0	0	0	0	0.00282	0	0	0	0	0	0	0	0	0	0	0	0	0.01158	0	0	0	0	0	0	0	0	0	0	0	0	0	0	0	0	0	0.00719	0	0	0	0	0	0	0	0	0	0	0	0	0	0	0	0	0	0	0	0	0	0	0	0	0	0	0	0	0	0	0	0	0	0	0	0	0	0	0	0	0	0	0	0	0	0	0	0	0	0	0	0	0	0	0	0	0	0	0	0	0	0	0	0	0.00253	0	0	0	0	0	0	0	0	0	0	0	0	0	0	0	0	0	0	0	0	0	0	0	0	0	0	0.00527	0	0	0	0	0	0
"Eubacterium_sulci"	0	0	0	0	0	0	0	0	0	0	0	0	0	0	0	0	0	0	0	0	0	0	0	0	0	0	0	0	0	0	0	0	0	0	0	0	0	0	0.00084	0	0.00051	0	0	0	0	0	0	0	0	0	0	0	0	0	0	0	0	0	0	0	0	0	0	0	0	0	0	0	0	0	0	0	0	0.00034	0.00081	0.00118	0	0	0	0	0	0	0	0	0	0	0	0	0	0	0	0	0	0	0	0	0.0131	0	0	0	0	0	0	0.00018	0	0	0	0	0	0	0	0.00197	0	0	0	0	0	0	0	0	0	0	0	0.00224	0	0	0	0	0	0	0	0	0	0	0	0	0.00233	0	0	0	0	0	0	0	0	0	0	0	0	0	0	0	0	0	0	0.00276	0	0	0	0	0	0	0	0	0	0	0	0	0	0.00028	0	0	0	0	0.00191	0	0	0.00017	0.00013	0	0	0	0	0	0	0	0.01027	0	0	0	0.00478	0	0	0	0	0	0.00389	0	0	0	0	0	0	0	0	0	0	0	0	0	0	0	0	0	0	0	0	0	0	0	0	0	0	0	0	0	0	0	0	0	0	0	0	0	0	0.00207	0	0.00248	0	0	0	0	0	0	0	0	0	0	0	0	0	0	0	0	0	0	0	0	0	0.00822	0	0	0	0	0	0	0	0	0	0	0	0	0	0	0	0	0	0	0	0	0	0	0	0	0	0	0	0	0	0	0	0	0	0	0	0	0	0	0	0	0	0	0	0	0	0	0	0	0	0.00447	0	0	0.00321	0	0	0	0	0	0	0	0	0	0	0	0	0	0	0	0	0	0	0	0	0	0	0	0	0	0	0	0	0	0.02146	0	0	0	0	0	0	0	0	0	0	0	0	0	0	0	0	0	0	0	0	0.00886	0	0	0	0	0	0	0	0	0	0	0	0	0	0	0	0	0	0.02431	0	0	0	0	0	0	0	0	0	0.00684	0	0	0	0	0	0	0	0	0	0	0	0	0	0	0	0	0	0	0	0	0	0	0	0	0	0	0	0	0	0	0	0	0	0	0	0	0
